0,0.062275,0,0,0,0
1,0.032663,0,0,0,0
2,0.12331,0,0,0,0
3,0.130701,0,0,0,0
4,-0.003672,0,0,0,0
5,0.085592,0,0,0,0
6,0.080204,0,0,0,0
7,0.083399,0,0,0,0
8,0.089264,0,0,0,0
9,0.095797,0,0,0,0
10,0.079966,0,0,0,0
11,0.073147,0,0,0,0
12,0.074148,0,0,0,0
13,0.071669,0,0,0,0
14,0.078106,0,0,0,0
0,0,0,0,0,0.0
0,0,0,0,1,0.0
0,0,0,0,2,0.0
0,0,0,0,3,0.0
0,0,0,0,4,0.0
15,0.073051,0,0,0,0
16,0.073433,0,0,0,0
17,0.071478,0,0,0,0
18,0.076103,0,0,0,0
19,0.076818,0,0,0,0
0,0,0,0,5,0.0
0,0,0,0,6,0.0
0,0,0,0,7,0.0
0,0,0,0,8,0.0
0,0,0,0,9,0.0
20,0.065517,0,0,0,0
21,0.074291,0,0,0,0
22,0.071573,0,0,0,0
23,0.068855,0,0,0,0
24,0.071764,0,0,0,0
0,0,0,0,10,0.0
0,0,0,0,11,0.0
0,0,0,0,12,0.0
0,0,0,0,13,0.0
0,0,0,0,14,0.0
25,0.06423,0,0,0,0
26,0.064421,0,0,0,0
27,0.058174,0,0,0,0
28,0.061703,0,0,0,0
29,0.076342,0,0,0,0
0,0,0,0,15,0.0
0,0,0,0,16,0.0
0,0,0,0,17,0.0
0,0,0,0,18,0.0
0,0,0,0,19,0.0
30,0.057936,0,0,0,0
31,0.062037,0,0,0,0
32,0.068283,0,0,0,0
33,0.068188,0,0,0,0
34,0.073767,0,0,0,0
0,0,0,0,20,0.0
0,0,0,0,21,0.0
0,0,0,0,22,0.0
0,0,0,0,23,0.0
0,0,0,0,24,0.0
35,0.063419,0,0,0,0
36,0.066996,0,0,0,0
37,0.067568,0,0,0,0
38,0.072241,0,0,0,0
39,0.067139,0,0,0,0
0,0,0,0,25,0.0
0,0,0,0,26,0.0
0,0,0,0,27,0.0
0,0,0,0,28,0.0
0,0,0,0,29,0.0
40,0.019169,0,0,0,0
41,0.016594,0,0,0,0
42,0.020504,0,0,0,0
43,0.024557,0,0,0,0
44,0.032282,0,0,0,0
0,0,0,0,30,0.0
0,0,0,0,31,0.0
0,0,0,0,32,0.0
0,0,0,0,33,0.0
0,0,0,0,34,0.0
45,0.017405,0,0,0,0
46,0.021172,0,0,0,0
47,0.025129,0,0,0,0
48,0.023556,0,0,0,0
49,0.022888,0,0,0,0
0,0,0,0,35,0.0
0,0,0,0,36,0.0
0,0,0,0,37,0.0
0,0,0,0,38,0.0
0,0,0,0,39,0.0
50,0.016117,0,0,0,0
51,0.028706,0,0,0,0
52,0.029325,0,0,0,0
53,0.031281,0,0,0,0
54,0.030422,0,0,0,0
55,0.025892,0,0,0,0
56,0.020027,0,0,0,0
57,0.021935,0,0,0,0
0,0,0,0,40,0.0
0,0,0,0,41,0.0
0,0,0,0,42,0.0
0,0,0,0,43,0.0
0,0,0,0,44,0.0
58,0.020933,0,0,0,0
59,0.019979,0,0,0,0
60,0.02532,0,0,0,0
61,0.029278,0,0,0,0
62,0.026608,0,0,0,0
0,0,0,0,45,0.0
0,0,0,0,46,0.0
0,0,0,0,47,0.0
0,0,0,0,48,0.0
0,0,0,0,49,0.0
63,0.030851,0,0,0,0
64,0.023365,0,0,0,0
65,0.019455,0,0,0,0
66,0.019455,0,0,0,0
67,0.024891,0,0,0,0
0,0,0,0,50,0.0
0,0,0,0,51,0.0
0,0,0,0,52,0.0
0,0,0,0,53,0.0
0,0,0,0,54,0.0
68,0.01936,0,0,0,0
69,0.011969,0,0,0,0
70,0.016356,0,0,0,0
71,0.01688,0,0,0,0
72,0.009346,0,0,0,0
0,0,0,0,55,0.0
0,0,0,0,56,0.0
0,0,0,0,57,0.0
0,0,0,0,58,0.0
0,0,0,0,59,0.0
73,0.00906,0,0,0,0
74,0.013494,0,0,0,0
75,0.004196,0,0,0,0
76,0.004673,0,0,0,0
77,0.010824,0,0,0,0
0,0,0,0,60,0.0
0,0,0,0,61,0.0
0,0,0,0,62,0.0
0,0,0,0,63,0.0
0,0,0,0,64,0.0
78,-0.000906,0,0,0,0
79,0.00186,0,0,0,0
80,-0.000238,0,0,0,0
81,0.005245,0,0,0,0
82,0.005531,0,0,0,0
0,0,0,0,65,0.0
0,0,0,0,66,0.0
0,0,0,0,67,0.0
0,0,0,0,68,0.0
0,0,0,0,69,0.0
83,0.004673,0,0,0,0
84,0.003386,0,0,0,0
85,-0.002384,0,0,0,0
86,0.001192,0,0,0,0
87,-0.000381,0,0,0,0
0,0,0,0,70,0.0
0,0,0,0,71,0.0
0,0,0,0,72,0.0
0,0,0,0,73,0.0
0,0,0,0,74,0.0
88,0.004387,0,0,0,0
89,0.005579,0,0,0,0
90,0.003624,0,0,0,0
91,0.00062,0,0,0,0
92,0.000668,0,0,0,0
0,0,0,0,75,0.0
0,0,0,0,76,0.0
0,0,0,0,77,0.0
0,0,0,0,78,0.0
0,0,0,0,79,0.0
93,0.005817,0,0,0,0
94,0.007772,0,0,0,0
95,0.003195,0,0,0,0
96,-0.000477,0,0,0,0
97,0.002718,0,0,0,0
98,0.027847,0,0,0,0
99,0.028992,0,0,0,0
100,0.029707,0,0,0,0
101,0.033045,0,0,0,0
102,0.033331,0,0,0,0
0,0,0,0,80,0.0
0,0,0,0,81,0.0
0,0,0,0,82,0.0
0,0,0,0,83,0.0
0,0,0,0,84,0.0
103,0.02985,0,0,0,0
104,0.031757,0,0,0,0
105,0.035143,0,0,0,0
106,0.03705,0,0,0,0
107,0.039387,0,0,0,0
0,0,0,0,85,0.0
0,0,0,0,86,0.0
0,0,0,0,87,0.0
0,0,0,0,88,0.0
0,0,0,0,89,0.0
108,0.039434,0,0,0,0
109,0.035763,0,0,0,0
110,0.029469,0,0,0,0
111,0.03643,0,0,0,0
112,0.037432,0,0,0,0
0,0,0,0,90,0.0
0,0,0,0,91,0.0
0,0,0,0,92,0.0
0,0,0,0,93,0.0
0,0,0,0,94,0.0
113,0.027323,0,0,0,0
114,0.032663,0,0,0,0
115,0.035095,0,0,0,0
116,0.028515,0,0,0,0
117,0.035334,0,0,0,0
0,0,0,0,95,0.0
0,0,0,0,96,0.0
0,0,0,0,97,0.0
0,0,0,0,98,0.0
0,0,0,0,99,0.0
118,0.036478,0,0,0,0
119,0.03767,0,0,0,0
120,0.044489,0,0,0,0
121,0.046349,0,0,0,0
122,0.037384,0,0,0,0
0,0,0,0,100,0.0
0,0,0,0,101,0.0
0,0,0,0,102,0.0
0,0,0,0,103,0.0
0,0,0,0,104,0.0
123,0.038338,0,0,0,0
124,0.033569,0,0,0,0
125,0.035238,0,0,0,0
126,0.037527,0,0,0,0
127,0.040579,0,0,0,0
0,0,0,0,105,0.0
0,0,0,0,106,0.0
0,0,0,0,107,0.0
0,0,0,0,108,0.0
0,0,0,0,109,0.0
128,0.038719,0,0,0,0
129,0.03624,0,0,0,0
130,0.037193,0,0,0,0
131,0.036573,0,0,0,0
132,0.040817,0,0,0,0
0,0,0,0,110,0.0
0,0,0,0,111,0.0
0,0,0,0,112,0.0
0,0,0,0,113,0.0
0,0,0,0,114,0.0
133,0.047016,0,0,0,0
134,0.041246,0,0,0,0
135,0.039768,0,0,0,0
136,0.046206,0,0,0,0
137,0.047255,0,0,0,0
0,0,0,0,115,0.0
0,0,0,0,116,0.0
0,0,0,0,117,0.0
0,0,0,0,118,0.0
0,0,0,0,119,0.0
138,-0.140762,0,0,0,0
139,-0.130653,0,0,0,0
140,-0.124884,0,0,0,0
141,-0.124025,0,0,0,0
142,-0.115013,0,0,0,0
0,0,0,0,120,0.0
0,0,0,0,121,0.0
0,0,0,0,122,0.0
0,0,0,0,123,0.0
0,0,0,0,124,0.0
143,-0.044537,0,0,0,0
144,-0.048161,0,0,0,0
145,-0.045681,0,0,0,0
146,-0.038385,0,0,0,0
147,-0.046396,0,0,0,0
0,0,0,0,125,0.0
0,0,0,0,126,0.0
0,0,0,0,127,0.0
0,0,0,0,128,0.0
0,0,0,0,129,0.0
148,-0.026608,0,0,0,0
149,-0.033236,0,0,0,0
150,-0.031185,0,0,0,0
151,-0.026798,0,0,0,0
152,-0.022268,0,0,0,0
0,0,0,0,130,0.0
0,0,0,0,131,0.0
0,0,0,0,132,0.0
0,0,0,0,133,0.0
0,0,0,0,134,0.0
153,-0.013113,0,0,0,0
154,-0.008869,0,0,0,0
155,-0.016499,0,0,0,0
156,-0.016069,0,0,0,0
157,-0.014067,0,0,0,0
0,0,0,0,135,0.0
0,0,0,0,136,0.0
0,0,0,0,137,0.0
0,0,0,0,138,0.0
0,0,0,0,139,0.0
158,0.019121,0,0,0,0
159,0.019836,0,0,0,0
160,0.023699,0,0,0,0
161,0.027084,0,0,0,0
162,0.03109,0,0,0,0
0,0,0,0,140,0.0
0,0,0,0,141,0.0
0,0,0,0,142,0.0
0,0,0,0,143,0.0
0,0,0,0,144,0.0
163,0.025177,0,0,0,0
164,0.029516,0,0,0,0
165,0.039244,0,0,0,0
166,0.036526,0,0,0,0
167,0.025892,0,0,0,0
0,0,0,0,145,0.0
0,0,0,0,146,0.0
0,0,0,0,147,0.0
0,0,0,0,148,0.0
0,0,0,0,149,0.0
168,0.029373,0,0,0,0
169,0.03376,0,0,0,0
170,0.036192,0,0,0,0
171,0.035858,0,0,0,0
172,0.038862,0,0,0,0
0,0,0,0,150,0.0
0,0,0,0,151,0.0
0,0,0,0,152,0.0
0,0,0,0,153,0.0
0,0,0,0,154,0.0
173,0.041723,0,0,0,0
174,0.046206,0,0,0,0
175,0.048065,0,0,0,0
176,0.050735,0,0,0,0
177,0.0494,0,0,0,0
0,0,0,0,155,0.0
0,0,0,0,156,0.0
0,0,0,0,157,0.0
0,0,0,0,158,0.0
0,0,0,0,159,0.0
178,0.043344,0,0,0,0
179,0.04549,0,0,0,0
180,0.049162,0,0,0,0
181,0.046587,0,0,0,0
182,0.045872,0,0,0,0
0,0,0,0,160,0.0
0,0,0,0,161,0.0
0,0,0,0,162,0.0
0,0,0,0,163,0.0
0,0,0,0,164,0.0
183,0.047255,0,0,0,0
184,0.045204,0,0,0,0
185,0.049686,0,0,0,0
186,0.05374,0,0,0,0
187,0.057125,0,0,0,0
0,0,0,0,165,0.0
0,0,0,0,166,0.0
0,0,0,0,167,0.0
0,0,0,0,168,0.0
0,0,0,0,169,0.0
188,0.048876,0,0,0,0
189,0.048399,0,0,0,0
190,0.048685,0,0,0,0
191,0.046444,0,0,0,0
192,0.045824,0,0,0,0
0,0,0,0,170,0.0
0,0,0,0,171,0.0
0,0,0,0,172,0.0
0,0,0,0,173,0.0
0,0,0,0,174,0.0
193,0.054169,0,0,0,0
194,0.050879,0,0,0,0
195,0.05126,0,0,0,0
196,0.053692,0,0,0,0
197,0.047779,0,0,0,0
0,0,0,0,175,0.0
0,0,0,0,176,0.0
0,0,0,0,177,0.0
0,0,0,0,178,0.0
0,0,0,0,179,0.0
198,0.056458,0,0,0,0
199,0.055313,0,0,0,0
200,0.049353,0,0,0,0
201,0.048876,0,0,0,0
202,0.055075,0,0,0,0
0,0,0,0,180,0.0
0,0,0,0,181,0.0
0,0,0,0,182,0.0
0,0,0,0,183,0.0
0,0,0,0,184,0.0
203,0.06299,0,0,0,0
204,0.066185,0,0,0,0
205,0.05765,0,0,0,0
206,0.057268,0,0,0,0
207,0.066471,0,0,0,0
0,0,0,0,185,0.0
0,0,0,0,186,0.0
0,0,0,0,187,0.0
0,0,0,0,188,0.0
0,0,0,0,189,0.0
208,0.067139,0,0,0,0
209,0.061417,0,0,0,0
210,0.065756,0,0,0,0
211,0.065565,0,0,0,0
212,0.062037,0,0,0,0
0,0,0,0,190,0.0
0,0,0,0,191,0.0
0,0,0,0,192,0.0
0,0,0,0,193,0.0
0,0,0,0,194,0.0
213,0.064421,0,0,0,0
214,0.061417,0,0,0,0
215,0.057936,0,0,0,0
216,0.057888,0,0,0,0
217,0.063086,0,0,0,0
0,0,0,0,195,0.0
0,0,0,0,196,0.0
0,0,0,0,197,0.0
0,0,0,0,198,0.0
0,0,0,0,199,0.0
218,0.059652,0,0,0,0
219,0.065374,0,0,0,0
220,0.064421,0,0,0,0
221,0.055742,0,0,0,0
222,0.056267,0,0,0,0
0,0,0,0,200,0.0
0,0,0,0,201,0.0
0,0,0,0,202,0.0
0,0,0,0,203,0.0
0,0,0,0,204,0.0
223,0.059414,0,0,0,0
224,0.055218,0,0,0,0
225,0.053024,0,0,0,0
226,0.052547,0,0,0,0
227,0.053644,0,0,0,0
0,0,0,0,205,0.0
0,0,0,0,206,0.0
0,0,0,0,207,0.0
0,0,0,0,208,0.0
0,0,0,0,209,0.0
228,0.026464,0,0,0,0
229,0.020838,0,0,0,0
230,0.026321,0,0,0,0
231,0.026608,0,0,0,0
232,0.014782,0,0,0,0
0,0,0,0,210,0.0
0,0,0,0,211,0.0
0,0,0,0,212,0.0
0,0,0,0,213,0.0
0,0,0,0,214,0.0
233,0.019932,0,0,0,0
234,0.021982,0,0,0,0
235,0.02408,0,0,0,0
236,0.019836,0,0,0,0
237,0.014734,0,0,0,0
0,0,0,0,215,0.0
0,0,0,0,216,0.0
0,0,0,0,217,0.0
0,0,0,0,218,0.0
0,0,0,0,219,0.0
238,0.0103,0,0,0,0
239,0.017691,0,0,0,0
240,0.015926,0,0,0,0
241,0.00701,0,0,0,0
242,0.00844,0,0,0,0
0,0,0,0,220,0.0
0,0,0,0,221,0.0
0,0,0,0,222,0.0
0,0,0,0,223,0.0
0,0,0,0,224,0.0
243,0.014496,0,0,0,0
244,0.010014,0,0,0,0
245,0.008488,0,0,0,0
246,0.0144,0,0,0,0
247,0.016642,0,0,0,0
0,0,0,0,225,0.0
0,0,0,0,226,0.0
0,0,0,0,227,0.0
0,0,0,0,228,0.0
0,0,0,0,229,0.0
248,0.012016,0,0,0,0
249,0.016451,0,0,0,0
250,0.013542,0,0,0,0
251,0.012779,0,0,0,0
252,0.018024,0,0,0,0
0,0,0,0,230,0.0
0,0,0,0,231,0.0
0,0,0,0,232,0.0
0,0,0,0,233,0.0
0,0,0,0,234,0.0
253,0.01359,0,0,0,0
254,0.018644,0,0,0,0
255,0.018692,0,0,0,0
256,0.018787,0,0,0,0
257,0.014591,0,0,0,0
0,0,0,0,235,0.0
0,0,0,0,236,0.0
0,0,0,0,237,0.0
0,0,0,0,238,0.0
0,0,0,0,239,0.0
258,0.00782,0,0,0,0
259,0.010443,0,0,0,0
260,0.014687,0,0,0,0
261,0.012732,0,0,0,0
262,0.005865,0,0,0,0
0,0,0,0,240,0.0
0,0,0,0,241,0.0
0,0,0,0,242,0.0
0,0,0,0,243,0.0
0,0,0,0,244,0.0
263,0.012875,0,0,0,0
264,0.007772,0,0,0,0
265,0.007677,0,0,0,0
266,0.017977,0,0,0,0
267,0.022078,0,0,0,0
0,0,0,0,245,0.0
0,0,0,0,246,0.0
0,0,0,0,247,0.0
0,0,0,0,248,0.0
0,0,0,0,249,0.0
268,0.007105,0,0,0,0
269,0.015783,0,0,0,0
270,0.021124,0,0,0,0
271,0.019073,0,0,0,0
272,0.014544,0,0,0,0
0,0,0,0,250,0.0
0,0,0,0,251,0.0
0,0,0,0,252,0.0
0,0,0,0,253,0.0
0,0,0,0,254,0.0
273,0.012112,0,0,0,0
274,0.018501,0,0,0,0
275,0.017405,0,0,0,0
276,0.018835,0,0,0,0
277,0.030947,0,0,0,0
0,0,0,0,255,0.0
0,0,0,0,256,0.0
0,0,0,0,257,0.0
0,0,0,0,258,0.0
0,0,0,0,259,0.0
278,0.025177,0,0,0,0
279,0.021362,0,0,0,0
280,0.01812,0,0,0,0
281,0.016737,0,0,0,0
282,0.013113,0,0,0,0
0,0,0,0,260,0.0
0,0,0,0,261,0.0
0,0,0,0,262,0.0
0,0,0,0,263,0.0
0,0,0,0,264,0.0
283,0.017262,0,0,0,0
284,0.017977,0,0,0,0
285,0.021029,0,0,0,0
286,0.019884,0,0,0,0
287,0.016832,0,0,0,0
0,0,0,0,265,0.0
0,0,0,0,266,0.0
0,0,0,0,267,0.0
0,0,0,0,268,0.0
0,0,0,0,269,0.0
288,0.022602,0,0,0,0
289,0.028944,0,0,0,0
290,0.022507,0,0,0,0
291,0.022459,0,0,0,0
292,0.026131,0,0,0,0
0,0,0,0,270,0.0
0,0,0,0,271,0.0
0,0,0,0,272,0.0
0,0,0,0,273,0.0
0,0,0,0,274,0.0
293,0.020647,0,0,0,0
294,0.024366,0,0,0,0
295,0.023317,0,0,0,0
296,0.023985,0,0,0,0
297,0.027704,0,0,0,0
0,0,0,0,275,0.0
0,0,0,0,276,0.0
0,0,0,0,277,0.0
0,0,0,0,278,0.0
0,0,0,0,279,0.0
298,0.031614,0,0,0,0
299,0.02923,0,0,0,0
300,0.024986,0,0,0,0
301,0.022364,0,0,0,0
302,0.028229,0,0,0,0
0,0,0,0,280,0.0
0,0,0,0,281,0.0
0,0,0,0,282,0.0
0,0,0,0,283,0.0
0,0,0,0,284,0.0
303,0.029564,0,0,0,0
304,0.029516,0,0,0,0
305,0.02737,0,0,0,0
306,0.030851,0,0,0,0
307,0.031471,0,0,0,0
0,0,0,0,285,0.0
0,0,0,0,286,0.0
0,0,0,0,287,0.0
0,0,0,0,288,0.0
0,0,0,0,289,0.0
308,0.029087,0,0,0,0
309,0.032854,0,0,0,0
310,0.03438,0,0,0,0
311,0.03047,0,0,0,0
312,0.031662,0,0,0,0
0,0,0,0,290,0.0
0,0,0,0,291,0.0
0,0,0,0,292,0.0
0,0,0,0,293,0.0
0,0,0,0,294,0.0
313,0.034142,0,0,0,0
314,0.031996,0,0,0,0
315,0.035429,0,0,0,0
316,0.038147,0,0,0,0
317,0.038815,0,0,0,0
0,0,0,0,295,0.0
0,0,0,0,296,0.0
0,0,0,0,297,0.0
0,0,0,0,298,0.0
0,0,0,0,299,0.0
318,0.03233,0,0,0,0
319,0.034714,0,0,0,0
320,0.038958,0,0,0,0
321,0.041771,0,0,0,0
322,0.037336,0,0,0,0
0,0,0,0,300,0.0
0,0,0,0,301,0.0
0,0,0,0,302,0.0
0,0,0,0,303,0.0
0,0,0,0,304,0.0
323,0.027514,0,0,0,0
324,0.030947,0,0,0,0
325,0.031996,0,0,0,0
326,0.035477,0,0,0,0
327,0.037336,0,0,0,0
0,0,0,0,305,0.0
0,0,0,0,306,0.0
0,0,0,0,307,0.0
0,0,0,0,308,0.0
0,0,0,0,309,0.0
328,0.025463,0,0,0,0
329,0.026035,0,0,0,0
330,0.029325,0,0,0,0
331,0.025272,0,0,0,0
332,0.02327,0,0,0,0
0,0,0,0,310,0.0
0,0,0,0,311,0.0
0,0,0,0,312,0.0
0,0,0,0,313,0.0
0,0,0,0,314,0.0
333,0.02408,0,0,0,0
334,0.019121,0,0,0,0
335,0.022316,0,0,0,0
336,0.025463,0,0,0,0
337,0.029135,0,0,0,0
0,0,0,0,315,0.0
0,0,0,0,316,0.0
0,0,0,0,317,0.0
0,0,0,0,318,0.0
0,0,0,0,319,0.0
338,0.022221,0,0,0,0
339,0.025368,0,0,0,0
340,0.028515,0,0,0,0
341,0.020599,0,0,0,0
342,0.021982,0,0,0,0
0,0,0,0,320,0.0
0,0,0,0,321,0.0
0,0,0,0,322,0.0
0,0,0,0,323,0.0
0,0,0,0,324,0.0
343,0.026226,0,0,0,0
344,0.022936,0,0,0,0
345,0.029373,0,0,0,0
346,0.028038,0,0,0,0
347,0.024939,0,0,0,0
0,0,0,0,325,0.0
0,0,0,0,326,0.0
0,0,0,0,327,0.0
0,0,0,0,328,0.0
0,0,0,0,329,0.0
348,0.014448,0,0,0,0
349,0.014734,0,0,0,0
350,0.01874,0,0,0,0
351,0.020933,0,0,0,0
352,0.023079,0,0,0,0
0,0,0,0,330,0.0
0,0,0,0,331,0.0
0,0,0,0,332,0.0
0,0,0,0,333,0.0
0,0,0,0,334,0.0
353,0.029564,0,0,0,0
354,0.027609,0,0,0,0
355,0.023127,0,0,0,0
356,0.02141,0,0,0,0
357,0.0247,0,0,0,0
0,0,0,0,335,0.0
0,0,0,0,336,0.0
0,0,0,0,337,0.0
0,0,0,0,338,0.0
0,0,0,0,339,0.0
358,0.020075,0,0,0,0
359,0.02656,0,0,0,0
360,0.030756,0,0,0,0
361,0.029135,0,0,0,0
362,0.020504,0,0,0,0
0,0,0,0,340,0.0
0,0,0,0,341,0.0
0,0,0,0,342,0.0
0,0,0,0,343,0.0
0,0,0,0,344,0.0
363,0.02327,0,0,0,0
364,0.021887,0,0,0,0
365,0.028515,0,0,0,0
366,0.022268,0,0,0,0
367,0.021696,0,0,0,0
0,0,0,0,345,0.0
0,0,0,0,346,0.0
0,0,0,0,347,0.0
0,0,0,0,348,0.0
0,0,0,0,349,0.0
368,0.027037,0,0,0,0
369,0.028467,0,0,0,0
370,0.029707,0,0,0,0
371,0.028372,0,0,0,0
372,0.024939,0,0,0,0
0,0,0,0,350,0.0
0,0,0,0,351,0.0
0,0,0,0,352,0.0
0,0,0,0,353,0.0
0,0,0,0,354,0.0
373,0.021839,0,0,0,0
374,0.024605,0,0,0,0
375,0.026655,0,0,0,0
376,0.028229,0,0,0,0
377,0.02594,0,0,0,0
0,0,0,0,355,0.0
0,0,0,0,356,0.0
0,0,0,0,357,0.0
0,0,0,0,358,0.0
0,0,0,0,359,0.0
378,0.022697,0,0,0,0
379,0.019073,0,0,0,0
380,0.01893,0,0,0,0
381,0.020933,0,0,0,0
382,0.020695,0,0,0,0
0,0,0,0,360,0.0
0,0,0,0,361,0.0
0,0,0,0,362,0.0
0,0,0,0,363,0.0
0,0,0,0,364,0.0
383,0.016499,0,0,0,0
384,0.020361,0,0,0,0
385,0.019836,0,0,0,0
386,0.019073,0,0,0,0
387,0.01893,0,0,0,0
0,0,0,0,365,0.0
0,0,0,0,366,0.0
0,0,0,0,367,0.0
0,0,0,0,368,0.0
0,0,0,0,369,0.0
388,0.019693,0,0,0,0
389,0.022125,0,0,0,0
390,0.022459,0,0,0,0
391,0.021601,0,0,0,0
392,0.012445,0,0,0,0
0,0,0,0,370,0.0
0,0,0,0,371,0.0
0,0,0,0,372,0.0
0,0,0,0,373,0.0
0,0,0,0,374,0.0
393,0.020266,0,0,0,0
394,0.018692,0,0,0,0
395,0.021267,0,0,0,0
396,0.023079,0,0,0,0
397,0.016737,0,0,0,0
0,0,0,0,375,0.0
0,0,0,0,376,0.0
0,0,0,0,377,0.0
0,0,0,0,378,0.0
0,0,0,0,379,0.0
398,0.020456,0,0,0,0
399,0.013971,0,0,0,0
400,0.017262,0,0,0,0
401,0.013781,0,0,0,0
402,0.016689,0,0,0,0
0,0,0,0,380,0.0
0,0,0,0,381,0.0
0,0,0,0,382,0.0
0,0,0,0,383,0.0
0,0,0,0,384,0.0
403,0.017262,0,0,0,0
404,0.016785,0,0,0,0
405,0.009632,0,0,0,0
406,0.01173,0,0,0,0
407,0.019217,0,0,0,0
0,0,0,0,385,0.0
0,0,0,0,386,0.0
0,0,0,0,387,0.0
0,0,0,0,388,0.0
0,0,0,0,389,0.0
408,0.018311,0,0,0,0
409,0.021267,0,0,0,0
410,0.023937,0,0,0,0
411,0.021172,0,0,0,0
412,0.015068,0,0,0,0
0,0,0,0,390,0.0
0,0,0,0,391,0.0
0,0,0,0,392,0.0
0,0,0,0,393,0.0
0,0,0,0,394,0.0
413,0.010967,0,0,0,0
414,0.013971,0,0,0,0
415,0.010443,0,0,0,0
416,0.011396,0,0,0,0
417,0.016546,0,0,0,0
418,0.005579,0,0,0,0
419,-0.00267,0,0,0,0
420,0.006437,0,0,0,0
421,0.003672,0,0,0,0
422,0.017166,0,0,0,0
0,0,0,0,395,0.0
0,0,0,0,396,0.0
0,0,0,0,397,0.0
0,0,0,0,398,0.0
0,0,0,0,399,0.0
423,-0.048733,0,0,0,0
424,-0.046492,0,0,0,0
425,-0.044584,0,0,0,0
426,-0.038958,0,0,0,0
427,-0.039577,0,0,0,0
0,0,0,0,400,0.0
0,0,0,0,401,0.0
0,0,0,0,402,0.0
0,0,0,0,403,0.0
0,0,0,0,404,0.0
428,-0.027227,0,0,0,0
429,-0.028181,0,0,0,0
430,-0.020599,0,0,0,0
431,-0.025177,0,0,0,0
432,-0.027466,0,0,0,0
0,0,0,0,405,0.0
0,0,0,0,406,0.0
0,0,0,0,407,0.0
0,0,0,0,408,0.0
0,0,0,0,409,0.0
433,-0.018978,0,0,0,0
434,-0.01092,0,0,0,0
435,-0.010872,0,0,0,0
436,-0.009346,0,0,0,0
437,-0.000429,0,0,0,0
0,0,0,0,410,0.0
0,0,0,0,411,0.0
0,0,0,0,412,0.0
0,0,0,0,413,0.0
0,0,0,0,414,0.0
438,-0.004864,0,0,0,0
439,-0.010061,0,0,0,0
440,-0.00782,0,0,0,0
441,0.000763,0,0,0,0
442,0.001097,0,0,0,0
0,0,0,0,415,0.0
0,0,0,0,416,0.0
0,0,0,0,417,0.0
0,0,0,0,418,0.0
0,0,0,0,419,0.0
443,0.022078,0,0,0,0
444,0.023079,0,0,0,0
445,0.018644,0,0,0,0
446,0.017738,0,0,0,0
447,0.020361,0,0,0,0
0,0,0,0,420,0.0
0,0,0,0,421,0.0
0,0,0,0,422,0.0
0,0,0,0,423,0.0
0,0,0,0,424,0.0
448,0.035143,0,0,0,0
449,0.029564,0,0,0,0
450,0.033236,0,0,0,0
451,0.030231,0,0,0,0
452,0.030136,0,0,0,0
0,0,0,0,425,0.0
0,0,0,0,426,0.0
0,0,0,0,427,0.0
0,0,0,0,428,0.0
0,0,0,0,429,0.0
453,0.042152,0,0,0,0
454,0.047302,0,0,0,0
455,0.044394,0,0,0,0
456,0.047636,0,0,0,0
457,0.047445,0,0,0,0
0,0,0,0,430,0.0
0,0,0,0,431,0.0
0,0,0,0,432,0.0
0,0,0,0,433,0.0
0,0,0,0,434,0.0
458,0.041008,0,0,0,0
459,0.04878,0,0,0,0
460,0.042677,0,0,0,0
461,0.039148,0,0,0,0
462,0.043774,0,0,0,0
0,0,0,0,435,0.0
0,0,0,0,436,0.0
0,0,0,0,437,0.0
0,0,0,0,438,0.0
0,0,0,0,439,0.0
463,0.065613,0,0,0,0
464,0.052357,0,0,0,0
465,0.04673,0,0,0,0
466,0.061321,0,0,0,0
467,0.057411,0,0,0,0
0,0,0,0,440,0.0
0,0,0,0,441,0.0
0,0,0,0,442,0.0
0,0,0,0,443,0.0
0,0,0,0,444,0.0
468,0.054789,0,0,0,0
469,0.054502,0,0,0,0
470,0.054502,0,0,0,0
471,0.055647,0,0,0,0
472,0.05579,0,0,0,0
0,0,0,0,445,0.0
0,0,0,0,446,0.0
0,0,0,0,447,0.0
0,0,0,0,448,0.0
0,0,0,0,449,0.0
473,0.052881,0,0,0,0
474,0.064707,0,0,0,0
475,0.066328,0,0,0,0
476,0.059462,0,0,0,0
477,0.051403,0,0,0,0
0,0,0,0,450,0.0
0,0,0,0,451,0.0
0,0,0,0,452,0.0
0,0,0,0,453,0.0
0,0,0,0,454,0.0
478,0.071383,0,0,0,0
479,0.064945,0,0,0,0
480,0.066471,0,0,0,0
481,0.060081,0,0,0,0
482,0.056314,0,0,0,0
0,0,0,0,455,0.0
0,0,0,0,456,0.0
0,0,0,0,457,0.0
0,0,0,0,458,0.0
0,0,0,0,459,0.0
483,0.066948,0,0,0,0
484,0.062037,0,0,0,0
485,0.058746,0,0,0,0
486,0.063229,0,0,0,0
487,0.061083,0,0,0,0
0,0,0,0,460,0.0
0,0,0,0,461,0.0
0,0,0,0,462,0.0
0,0,0,0,463,0.0
0,0,0,0,464,0.0
488,0.06156,0,0,0,0
489,0.072908,0,0,0,0
490,0.082064,0,0,0,0
491,0.067043,0,0,0,0
492,0.062561,0,0,0,0
0,0,0,0,465,0.0
0,0,0,0,466,0.0
0,0,0,0,467,0.0
0,0,0,0,468,0.0
0,0,0,0,469,0.0
493,0.057125,0,0,0,0
494,0.061274,0,0,0,0
495,0.064611,0,0,0,0
496,0.068617,0,0,0,0
497,0.070572,0,0,0,0
0,0,0,0,470,0.0
0,0,0,0,471,0.0
0,0,0,0,472,0.0
0,0,0,0,473,0.0
0,0,0,0,474,0.0
498,0.06218,0,0,0,0
499,0.071096,0,0,0,0
500,0.069714,0,0,0,0
501,0.065136,0,0,0,0
502,0.0597,0,0,0,0
0,0,0,0,475,0.0
0,0,0,0,476,0.0
0,0,0,0,477,0.0
0,0,0,0,478,0.0
0,0,0,0,479,0.0
503,0.067139,0,0,0,0
504,0.069761,0,0,0,0
505,0.065279,0,0,0,0
506,0.068521,0,0,0,0
507,0.064754,0,0,0,0
0,0,0,0,480,0.0
0,0,0,0,481,0.0
0,0,0,0,482,0.0
0,0,0,0,483,0.0
0,0,0,0,484,0.0
508,0.071621,0,0,0,0
509,0.064659,0,0,0,0
510,0.061178,0,0,0,0
511,0.062084,0,0,0,0
512,0.071239,0,0,0,0
0,0,0,0,485,0.0
0,0,0,0,486,0.0
0,0,0,0,487,0.0
0,0,0,0,488,0.0
0,0,0,0,489,0.0
513,0.061703,0,0,0,0
514,0.067377,0,0,0,0
515,0.068951,0,0,0,0
516,0.064468,0,0,0,0
517,0.056791,0,0,0,0
0,0,0,0,490,0.0
0,0,0,0,491,0.0
0,0,0,0,492,0.0
0,0,0,0,493,0.0
0,0,0,0,494,0.0
518,0.053883,0,0,0,0
519,0.060272,0,0,0,0
520,0.06814,0,0,0,0
521,0.062037,0,0,0,0
522,0.05722,0,0,0,0
0,0,0,0,495,0.0
0,0,0,0,496,0.0
0,0,0,0,497,0.0
0,0,0,0,498,0.0
0,0,0,0,499,0.0
523,0.056171,0,0,0,0
524,0.052929,0,0,0,0
525,0.061369,0,0,0,0
526,0.058556,0,0,0,0
527,0.055265,0,0,0,0
0,0,0,0,500,0.0
0,0,0,0,501,0.0
0,0,0,0,502,0.0
0,0,0,0,503,0.0
0,0,0,0,504,0.0
528,0.042486,0,0,0,0
529,0.046778,0,0,0,0
530,0.043201,0,0,0,0
531,0.052547,0,0,0,0
532,0.060987,0,0,0,0
0,0,0,0,505,0.0
0,0,0,0,506,0.0
0,0,0,0,507,0.0
0,0,0,0,508,0.0
0,0,0,0,509,0.0
533,0.053978,0,0,0,0
534,0.038528,0,0,0,0
535,0.042772,0,0,0,0
536,0.04673,0,0,0,0
537,0.045586,0,0,0,0
0,0,0,0,510,0.0
0,0,0,0,511,0.0
0,0,0,0,512,0.0
0,0,0,0,513,0.0
0,0,0,0,514,0.0
538,0.04797,0,0,0,0
539,0.05188,0,0,0,0
540,0.051212,0,0,0,0
541,0.045967,0,0,0,0
542,0.049019,0,0,0,0
0,0,0,0,515,0.0
0,0,0,0,516,0.0
0,0,0,0,517,0.0
0,0,0,0,518,0.0
0,0,0,0,519,0.0
543,0.042391,0,0,0,0
544,0.04096,0,0,0,0
545,0.043297,0,0,0,0
546,0.054979,0,0,0,0
547,0.050592,0,0,0,0
0,0,0,0,520,0.0
0,0,0,0,521,0.0
0,0,0,0,522,0.0
0,0,0,0,523,0.0
0,0,0,0,524,0.0
548,0.054359,0,0,0,0
549,0.054216,0,0,0,0
550,0.053358,0,0,0,0
551,0.050879,0,0,0,0
552,0.046444,0,0,0,0
0,0,0,0,525,0.0
0,0,0,0,526,0.0
0,0,0,0,527,0.0
0,0,0,0,528,0.0
0,0,0,0,529,0.0
553,0.056124,0,0,0,0
554,0.057793,0,0,0,0
555,0.049496,0,0,0,0
556,0.050116,0,0,0,0
557,0.050402,0,0,0,0
0,0,0,0,530,0.0
0,0,0,0,531,0.0
0,0,0,0,532,0.0
0,0,0,0,533,0.0
0,0,0,0,534,0.0
558,0.045443,0,0,0,0
559,0.040722,0,0,0,0
560,0.0422,0,0,0,0
561,0.043249,0,0,0,0
562,0.039625,0,0,0,0
0,0,0,0,535,0.0
0,0,0,0,536,0.0
0,0,0,0,537,0.0
0,0,0,0,538,0.0
0,0,0,0,539,0.0
563,0.035572,0,0,0,0
564,0.041628,0,0,0,0
565,0.039673,0,0,0,0
566,0.036716,0,0,0,0
567,0.038528,0,0,0,0
0,0,0,0,540,0.0
0,0,0,0,541,0.0
0,0,0,0,542,0.0
0,0,0,0,543,0.0
0,0,0,0,544,0.0
568,0.041866,0,0,0,0
569,0.046539,0,0,0,0
570,0.037479,0,0,0,0
571,0.037956,0,0,0,0
572,0.039577,0,0,0,0
0,0,0,0,545,0.0
0,0,0,0,546,0.0
0,0,0,0,547,0.0
0,0,0,0,548,0.0
0,0,0,0,549,0.0
573,0.034046,0,0,0,0
574,0.033522,0,0,0,0
575,0.036144,0,0,0,0
576,0.040245,0,0,0,0
577,0.035715,0,0,0,0
0,0,0,0,550,0.0
0,0,0,0,551,0.0
0,0,0,0,552,0.0
0,0,0,0,553,0.0
0,0,0,0,554,0.0
578,0.033092,0,0,0,0
579,0.037098,0,0,0,0
580,0.038004,0,0,0,0
581,0.041485,0,0,0,0
582,0.038099,0,0,0,0
0,0,0,0,555,0.0
0,0,0,0,556,0.0
0,0,0,0,557,0.0
0,0,0,0,558,0.0
0,0,0,0,559,0.0
583,0.040293,0,0,0,0
584,0.031471,0,0,0,0
585,0.02799,0,0,0,0
586,0.033331,0,0,0,0
587,0.035858,0,0,0,0
0,0,0,0,560,0.0
0,0,0,0,561,0.0
0,0,0,0,562,0.0
0,0,0,0,563,0.0
0,0,0,0,564,0.0
588,0.028276,0,0,0,0
589,0.033808,0,0,0,0
590,0.030184,0,0,0,0
591,0.029707,0,0,0,0
592,0.032711,0,0,0,0
0,0,0,0,565,0.0
0,0,0,0,566,0.0
0,0,0,0,567,0.0
0,0,0,0,568,0.0
0,0,0,0,569,0.0
593,0.03767,0,0,0,0
594,0.023937,0,0,0,0
595,0.025129,0,0,0,0
596,0.033092,0,0,0,0
597,0.033188,0,0,0,0
0,0,0,0,570,0.0
0,0,0,0,571,0.0
0,0,0,0,572,0.0
0,0,0,0,573,0.0
0,0,0,0,574,0.0
598,0.031853,0,0,0,0
599,0.030899,0,0,0,0
600,0.030899,0,0,0,0
601,0.026417,0,0,0,0
602,0.022316,0,0,0,0
0,0,0,0,575,0.0
0,0,0,0,576,0.0
0,0,0,0,577,0.0
0,0,0,0,578,0.0
0,0,0,0,579,0.0
603,0.024271,0,0,0,0
604,0.029325,0,0,0,0
605,0.027466,0,0,0,0
606,0.022173,0,0,0,0
607,0.016308,0,0,0,0
0,0,0,0,580,0.0
0,0,0,0,581,0.0
0,0,0,0,582,0.0
0,0,0,0,583,0.0
0,0,0,0,584,0.0
608,0.02079,0,0,0,0
609,0.020218,0,0,0,0
610,0.017691,0,0,0,0
611,0.017309,0,0,0,0
612,0.020599,0,0,0,0
0,0,0,0,585,0.0
0,0,0,0,586,0.0
0,0,0,0,587,0.0
0,0,0,0,588,0.0
0,0,0,0,589,0.0
613,0.011015,0,0,0,0
614,0.015831,0,0,0,0
615,0.017738,0,0,0,0
616,0.016356,0,0,0,0
617,0.021696,0,0,0,0
0,0,0,0,590,0.0
0,0,0,0,591,0.0
0,0,0,0,592,0.0
0,0,0,0,593,0.0
0,0,0,0,594,0.0
618,0.033474,0,0,0,0
619,0.016022,0,0,0,0
620,0.007582,0,0,0,0
621,0.016117,0,0,0,0
622,0.016832,0,0,0,0
0,0,0,0,595,0.0
0,0,0,0,596,0.0
0,0,0,0,597,0.0
0,0,0,0,598,0.0
0,0,0,0,599,0.0
623,0.019217,0,0,0,0
624,0.016356,0,0,0,0
625,0.017023,0,0,0,0
626,0.020266,0,0,0,0
627,0.02203,0,0,0,0
0,0,0,0,600,0.0
0,0,0,0,601,0.0
0,0,0,0,602,0.0
0,0,0,0,603,0.0
0,0,0,0,604,0.0
628,0.03438,0,0,0,0
629,0.038958,0,0,0,0
630,0.037909,0,0,0,0
631,0.030994,0,0,0,0
632,0.039911,0,0,0,0
0,0,0,0,605,0.0
0,0,0,0,606,0.0
0,0,0,0,607,0.0
0,0,0,0,608,0.0
0,0,0,0,609,0.0
633,0.030279,0,0,0,0
634,0.034142,0,0,0,0
635,0.037622,0,0,0,0
636,0.040197,0,0,0,0
637,0.036049,0,0,0,0
0,0,0,0,610,0.0
0,0,0,0,611,0.0
0,0,0,0,612,0.0
0,0,0,0,613,0.0
0,0,0,0,614,0.0
638,0.03562,0,0,0,0
639,0.034666,0,0,0,0
640,0.035143,0,0,0,0
641,0.03314,0,0,0,0
642,0.039196,0,0,0,0
0,0,0,0,615,0.0
0,0,0,0,616,0.0
0,0,0,0,617,0.0
0,0,0,0,618,0.0
0,0,0,0,619,0.0
643,0.045013,0,0,0,0
644,0.046158,0,0,0,0
645,0.037003,0,0,0,0
646,0.037956,0,0,0,0
647,0.041294,0,0,0,0
0,0,0,0,620,0.0
0,0,0,0,621,0.0
0,0,0,0,622,0.0
0,0,0,0,623,0.0
0,0,0,0,624,0.0
648,0.037003,0,0,0,0
649,0.033617,0,0,0,0
650,0.028276,0,0,0,0
651,0.034332,0,0,0,0
652,0.037527,0,0,0,0
0,0,0,0,625,0.0
0,0,0,0,626,0.0
0,0,0,0,627,0.0
0,0,0,0,628,0.0
0,0,0,0,629,0.0
653,0.037241,0,0,0,0
654,0.036287,0,0,0,0
655,0.035286,0,0,0,0
656,0.033903,0,0,0,0
657,0.024796,0,0,0,0
0,0,0,0,630,0.0
0,0,0,0,631,0.0
0,0,0,0,632,0.0
0,0,0,0,633,0.0
0,0,0,0,634,0.0
658,0.026131,0,0,0,0
659,0.022602,0,0,0,0
660,0.028992,0,0,0,0
661,0.030613,0,0,0,0
662,0.031757,0,0,0,0
0,0,0,0,635,0.0
0,0,0,0,636,0.0
0,0,0,0,637,0.0
0,0,0,0,638,0.0
0,0,0,0,639,0.0
663,0.022507,0,0,0,0
664,0.025415,0,0,0,0
665,0.034761,0,0,0,0
666,0.032711,0,0,0,0
667,0.026321,0,0,0,0
0,0,0,0,640,0.0
0,0,0,0,641,0.0
0,0,0,0,642,0.0
0,0,0,0,643,0.0
0,0,0,0,644,0.0
668,0.029612,0,0,0,0
669,0.024509,0,0,0,0
670,0.033236,0,0,0,0
671,0.035191,0,0,0,0
672,0.027132,0,0,0,0
0,0,0,0,645,0.0
0,0,0,0,646,0.0
0,0,0,0,647,0.0
0,0,0,0,648,0.0
0,0,0,0,649,0.0
673,0.035143,0,0,0,0
674,0.03624,0,0,0,0
675,0.040865,0,0,0,0
676,0.030851,0,0,0,0
677,0.039577,0,0,0,0
678,0.037432,0,0,0,0
679,0.04034,0,0,0,0
0,0,0,0,650,0.0
0,0,0,0,651,0.0
0,0,0,0,652,0.0
0,0,0,0,653,0.0
0,0,0,0,654,0.0
680,0.035477,0,0,0,0
681,0.030756,0,0,0,0
682,0.029898,0,0,0,0
683,0.027227,0,0,0,0
684,0.027847,0,0,0,0
0,0,0,0,655,0.0
0,0,0,0,656,0.0
0,0,0,0,657,0.0
0,0,0,0,658,0.0
0,0,0,0,659,0.0
685,0.01893,0,0,0,0
686,0.017405,0,0,0,0
687,0.013733,0,0,0,0
688,0.020409,0,0,0,0
689,0.020218,0,0,0,0
0,0,0,0,660,0.0
0,0,0,0,661,0.0
0,0,0,0,662,0.0
0,0,0,0,663,0.0
0,0,0,0,664,0.0
690,0.014019,0,0,0,0
691,0.011873,0,0,0,0
692,0.014877,0,0,0,0
693,0.014448,0,0,0,0
694,0.013351,0,0,0,0
0,0,0,0,665,0.0
0,0,0,0,666,0.0
0,0,0,0,667,0.0
0,0,0,0,668,0.0
0,0,0,0,669,0.0
695,0.008535,0,0,0,0
696,0.015545,0,0,0,0
697,0.021219,0,0,0,0
698,0.015211,0,0,0,0
699,0.013542,0,0,0,0
0,0,0,0,670,0.0
0,0,0,0,671,0.0
0,0,0,0,672,0.0
0,0,0,0,673,0.0
0,0,0,0,674,0.0
700,0.004625,0,0,0,0
701,0.013971,0,0,0,0
702,0.00844,0,0,0,0
703,0.012159,0,0,0,0
704,0.017738,0,0,0,0
0,0,0,0,675,0.0
0,0,0,0,676,0.0
0,0,0,0,677,0.0
0,0,0,0,678,0.0
0,0,0,0,679,0.0
705,0.016689,0,0,0,0
706,0.018311,0,0,0,0
707,0.018311,0,0,0,0
708,0.019073,0,0,0,0
709,0.019073,0,0,0,0
0,0,0,0,680,0.0
0,0,0,0,681,0.0
0,0,0,0,682,0.0
0,0,0,0,683,0.0
0,0,0,0,684,0.0
710,0.013161,0,0,0,0
711,0.018644,0,0,0,0
712,0.02389,0,0,0,0
713,0.019455,0,0,0,0
714,0.014305,0,0,0,0
0,0,0,0,685,0.0
0,0,0,0,686,0.0
0,0,0,0,687,0.0
0,0,0,0,688,0.0
0,0,0,0,689,0.0
715,0.018501,0,0,0,0
716,0.019407,0,0,0,0
717,0.015497,0,0,0,0
718,0.018978,0,0,0,0
719,0.019836,0,0,0,0
0,0,0,0,690,0.0
0,0,0,0,691,0.0
0,0,0,0,692,0.0
0,0,0,0,693,0.0
0,0,0,0,694,0.0
720,0.015259,0,0,0,0
721,0.000824,0,0,0,0
722,0.020742,0,0,0,0
723,0.016356,0,0,0,0
724,0.010824,0,0,0,0
0,0,0,0,695,0.0
0,0,0,0,696,0.0
0,0,0,0,697,0.0
0,0,0,0,698,0.0
0,0,0,0,699,0.0
725,0.017548,0,0,0,0
726,0.021935,0,0,0,0
727,0.007582,0,0,0,0
728,0.007439,0,0,0,0
729,0.020313,0,0,0,0
0,0,0,0,700,0.0
0,0,0,0,701,0.0
0,0,0,0,702,0.0
0,0,0,0,703,0.0
0,0,0,0,704,0.0
730,0.036573,0,0,0,0
731,0.026512,0,0,0,0
732,0.02737,0,0,0,0
733,0.02284,0,0,0,0
734,0.024843,0,0,0,0
0,0,0,0,705,0.0
0,0,0,0,706,0.0
0,0,0,0,707,0.0
0,0,0,0,708,0.0
0,0,0,0,709,0.0
735,0.01936,0,0,0,0
736,0.03109,0,0,0,0
737,0.02594,0,0,0,0
738,0.021076,0,0,0,0
739,0.023031,0,0,0,0
0,0,0,0,710,0.0
0,0,0,0,711,0.0
0,0,0,0,712,0.0
0,0,0,0,713,0.0
0,0,0,0,714,0.0
740,0.025845,0,0,0,0
741,0.025511,0,0,0,0
742,0.020981,0,0,0,0
743,0.016594,0,0,0,0
744,0.026989,0,0,0,0
0,0,0,0,715,0.0
0,0,0,0,716,0.0
0,0,0,0,717,0.0
0,0,0,0,718,0.0
0,0,0,0,719,0.0
745,0.022936,0,0,0,0
746,0.021791,0,0,0,0
747,0.022602,0,0,0,0
748,0.024033,0,0,0,0
749,0.025225,0,0,0,0
0,0,0,0,720,0.0
0,0,0,0,721,0.0
0,0,0,0,722,0.0
0,0,0,0,723,0.0
0,0,0,0,724,0.0
750,0.042486,0,0,0,0
751,0.035954,0,0,0,0
752,0.036049,0,0,0,0
753,0.030279,0,0,0,0
754,0.027132,0,0,0,0
0,0,0,0,725,0.0
0,0,0,0,726,0.0
0,0,0,0,727,0.0
0,0,0,0,728,0.0
0,0,0,0,729,0.0
755,0.041628,0,0,0,0
756,0.032139,0,0,0,0
757,0.032711,0,0,0,0
758,0.03891,0,0,0,0
759,0.03047,0,0,0,0
0,0,0,0,730,0.0
0,0,0,0,731,0.0
0,0,0,0,732,0.0
0,0,0,0,733,0.0
0,0,0,0,734,0.0
760,0.037146,0,0,0,0
761,0.041819,0,0,0,0
762,0.035477,0,0,0,0
763,0.028181,0,0,0,0
764,0.028229,0,0,0,0
0,0,0,0,735,0.0
0,0,0,0,736,0.0
0,0,0,0,737,0.0
0,0,0,0,738,0.0
0,0,0,0,739,0.0
765,0.041819,0,0,0,0
766,0.041437,0,0,0,0
767,0.043249,0,0,0,0
768,0.035286,0,0,0,0
769,0.040436,0,0,0,0
0,0,0,0,740,0.0
0,0,0,0,741,0.0
0,0,0,0,742,0.0
0,0,0,0,743,0.0
0,0,0,0,744,0.0
770,0.041485,0,0,0,0
771,0.039482,0,0,0,0
772,0.039291,0,0,0,0
773,0.050688,0,0,0,0
774,0.045156,0,0,0,0
0,0,0,0,745,0.0
0,0,0,0,746,0.0
0,0,0,0,747,0.0
0,0,0,0,748,0.0
0,0,0,0,749,0.0
775,0.034189,0,0,0,0
776,0.030994,0,0,0,0
777,0.025606,0,0,0,0
778,0.034857,0,0,0,0
779,0.042295,0,0,0,0
0,0,0,0,750,0.0
0,0,0,0,751,0.0
0,0,0,0,752,0.0
0,0,0,0,753,0.0
0,0,0,0,754,0.0
780,0.038195,0,0,0,0
781,0.032282,0,0,0,0
782,0.024176,0,0,0,0
783,0.022268,0,0,0,0
784,0.023222,0,0,0,0
0,0,0,0,755,0.0
0,0,0,0,756,0.0
0,0,0,0,757,0.0
0,0,0,0,758,0.0
0,0,0,0,759,0.0
785,0.022793,0,0,0,0
786,0.019264,0,0,0,0
787,0.019217,0,0,0,0
788,0.019932,0,0,0,0
789,0.01874,0,0,0,0
0,0,0,0,760,0.0
0,0,0,0,761,0.0
0,0,0,0,762,0.0
0,0,0,0,763,0.0
0,0,0,0,764,0.0
790,0.016308,0,0,0,0
791,0.018263,0,0,0,0
792,0.02594,0,0,0,0
793,0.027847,0,0,0,0
794,0.026464,0,0,0,0
0,0,0,0,765,0.0
0,0,0,0,766,0.0
0,0,0,0,767,0.0
0,0,0,0,768,0.0
0,0,0,0,769,0.0
795,0.025129,0,0,0,0
796,0.02327,0,0,0,0
797,0.020361,0,0,0,0
798,0.025702,0,0,0,0
799,0.033283,0,0,0,0
0,0,0,0,770,0.0
0,0,0,0,771,0.0
0,0,0,0,772,0.0
0,0,0,0,773,0.0
0,0,0,0,774,0.0
800,0.032949,0,0,0,0
801,0.030565,0,0,0,0
802,0.031614,0,0,0,0
803,0.028419,0,0,0,0
804,0.031185,0,0,0,0
0,0,0,0,775,0.0
0,0,0,0,776,0.0
0,0,0,0,777,0.0
0,0,0,0,778,0.0
0,0,0,0,779,0.0
805,0.029993,0,0,0,0
806,0.031471,0,0,0,0
807,0.03109,0,0,0,0
808,0.032425,0,0,0,0
809,0.042439,0,0,0,0
0,0,0,0,780,0.0
0,0,0,0,781,0.0
0,0,0,0,782,0.0
0,0,0,0,783,0.0
0,0,0,0,784,0.0
810,0.039434,0,0,0,0
811,0.041199,0,0,0,0
812,0.040865,0,0,0,0
813,0.039482,0,0,0,0
814,0.043583,0,0,0,0
0,0,0,0,785,0.0
0,0,0,0,786,0.0
0,0,0,0,787,0.0
0,0,0,0,788,0.0
0,0,0,0,789,0.0
815,0.050688,0,0,0,0
816,0.045204,0,0,0,0
817,0.037336,0,0,0,0
818,0.039816,0,0,0,0
819,0.043869,0,0,0,0
0,0,0,0,790,0.0
0,0,0,0,791,0.0
0,0,0,0,792,0.0
0,0,0,0,793,0.0
0,0,0,0,794,0.0
820,0.048685,0,0,0,0
821,0.044298,0,0,0,0
822,0.046349,0,0,0,0
823,0.043631,0,0,0,0
824,0.047064,0,0,0,0
0,0,0,0,795,0.0
0,0,0,0,796,0.0
0,0,0,0,797,0.0
0,0,0,0,798,0.0
0,0,0,0,799,0.0
825,0.039434,0,0,0,0
826,0.03438,0,0,0,0
827,0.039387,0,0,0,0
828,0.045919,0,0,0,0
829,0.043011,0,0,0,0
0,0,0,0,800,0.0
0,0,0,0,801,0.0
0,0,0,0,802,0.0
0,0,0,0,803,0.0
0,0,0,0,804,0.0
830,0.045681,0,0,0,0
831,0.04549,0,0,0,0
832,0.038624,0,0,0,0
833,0.03376,0,0,0,0
834,0.034428,0,0,0,0
0,0,0,0,805,0.0
0,0,0,0,806,0.0
0,0,0,0,807,0.0
0,0,0,0,808,0.0
0,0,0,0,809,0.0
835,0.029469,0,0,0,0
836,0.036669,0,0,0,0
837,0.042915,0,0,0,0
838,0.038528,0,0,0,0
839,0.03686,0,0,0,0
0,0,0,0,810,0.0
0,0,0,0,811,0.0
0,0,0,0,812,0.0
0,0,0,0,813,0.0
0,0,0,0,814,0.0
840,0.036478,0,0,0,0
841,0.037909,0,0,0,0
842,0.027847,0,0,0,0
843,0.024509,0,0,0,0
844,0.025034,0,0,0,0
0,0,0,0,815,0.0
0,0,0,0,816,0.0
0,0,0,0,817,0.0
0,0,0,0,818,0.0
0,0,0,0,819,0.0
845,0.031519,0,0,0,0
846,0.035191,0,0,0,0
847,0.034714,0,0,0,0
848,0.033998,0,0,0,0
849,0.026846,0,0,0,0
0,0,0,0,820,0.0
0,0,0,0,821,0.0
0,0,0,0,822,0.0
0,0,0,0,823,0.0
0,0,0,0,824,0.0
850,0.036907,0,0,0,0
851,0.032949,0,0,0,0
852,0.034761,0,0,0,0
853,0.036573,0,0,0,0
854,0.024557,0,0,0,0
0,0,0,0,825,0.0
0,0,0,0,826,0.0
0,0,0,0,827,0.0
0,0,0,0,828,0.0
0,0,0,0,829,0.0
855,0.031424,0,0,0,0
856,0.031471,0,0,0,0
857,0.034523,0,0,0,0
858,0.034952,0,0,0,0
859,0.030851,0,0,0,0
0,0,0,0,830,0.0
0,0,0,0,831,0.0
0,0,0,0,832,0.0
0,0,0,0,833,0.0
0,0,0,0,834,0.0
860,0.039482,0,0,0,0
861,0.03233,0,0,0,0
862,0.035763,0,0,0,0
863,0.041771,0,0,0,0
864,0.037861,0,0,0,0
0,0,0,0,835,0.0
0,0,0,0,836,0.0
0,0,0,0,837,0.0
0,0,0,0,838,0.0
0,0,0,0,839,0.0
865,0.039053,0,0,0,0
866,0.041294,0,0,0,0
867,0.042725,0,0,0,0
868,0.038719,0,0,0,0
869,0.037813,0,0,0,0
0,0,0,0,840,0.0
0,0,0,0,841,0.0
0,0,0,0,842,0.0
0,0,0,0,843,0.0
0,0,0,0,844,0.0
870,0.035238,0,0,0,0
871,0.030422,0,0,0,0
872,0.038195,0,0,0,0
873,0.045824,0,0,0,0
874,0.050974,0,0,0,0
0,0,0,0,845,0.0
0,0,0,0,846,0.0
0,0,0,0,847,0.0
0,0,0,0,848,0.0
0,0,0,0,849,0.0
875,0.03233,0,0,0,0
876,0.027323,0,0,0,0
877,0.028563,0,0,0,0
878,0.039005,0,0,0,0
879,0.038052,0,0,0,0
0,0,0,0,850,0.0
0,0,0,0,851,0.0
0,0,0,0,852,0.0
0,0,0,0,853,0.0
0,0,0,0,854,0.0
880,0.035954,0,0,0,0
881,0.032854,0,0,0,0
882,0.026989,0,0,0,0
883,0.028515,0,0,0,0
884,0.032473,0,0,0,0
0,0,0,0,855,0.0
0,0,0,0,856,0.0
0,0,0,0,857,0.0
0,0,0,0,858,0.0
0,0,0,0,859,0.0
885,0.032187,0,0,0,0
886,0.034285,0,0,0,0
887,0.036764,0,0,0,0
888,0.031757,0,0,0,0
889,0.028038,0,0,0,0
0,0,0,0,860,0.0
0,0,0,0,861,0.0
0,0,0,0,862,0.0
0,0,0,0,863,0.0
0,0,0,0,864,0.0
890,0.032091,0,0,0,0
891,0.031996,0,0,0,0
892,0.037241,0,0,0,0
893,0.03109,0,0,0,0
894,0.026751,0,0,0,0
0,0,0,0,865,0.0
0,0,0,0,866,0.0
0,0,0,0,867,0.0
0,0,0,0,868,0.0
0,0,0,0,869,0.0
895,0.029945,0,0,0,0
896,0.033236,0,0,0,0
897,0.031042,0,0,0,0
898,0.028324,0,0,0,0
899,0.027943,0,0,0,0
0,0,0,0,870,0.0
0,0,0,0,871,0.0
0,0,0,0,872,0.0
0,0,0,0,873,0.0
0,0,0,0,874,0.0
900,0.028753,0,0,0,0
901,0.032091,0,0,0,0
902,0.030565,0,0,0,0
903,0.032949,0,0,0,0
904,0.036812,0,0,0,0
0,0,0,0,875,0.0
0,0,0,0,876,0.0
0,0,0,0,877,0.0
0,0,0,0,878,0.0
0,0,0,0,879,0.0
905,0.034523,0,0,0,0
906,0.028181,0,0,0,0
907,0.029755,0,0,0,0
908,0.031948,0,0,0,0
909,0.033855,0,0,0,0
0,0,0,0,880,0.0
0,0,0,0,881,0.0
0,0,0,0,882,0.0
0,0,0,0,883,0.0
0,0,0,0,884,0.0
910,0.034142,0,0,0,0
911,0.031662,0,0,0,0
912,0.034571,0,0,0,0
913,0.038147,0,0,0,0
914,0.036335,0,0,0,0
0,0,0,0,885,0.0
0,0,0,0,886,0.0
0,0,0,0,887,0.0
0,0,0,0,888,0.0
0,0,0,0,889,0.0
915,0.033474,0,0,0,0
916,0.035334,0,0,0,0
917,0.028706,0,0,0,0
918,0.029087,0,0,0,0
919,0.02985,0,0,0,0
0,0,0,0,890,0.0
0,0,0,0,891,0.0
0,0,0,0,892,0.0
0,0,0,0,893,0.0
0,0,0,0,894,0.0
920,0.039339,0,0,0,0
921,0.035667,0,0,0,0
922,0.02923,0,0,0,0
923,0.036192,0,0,0,0
924,0.035191,0,0,0,0
0,0,0,0,895,0.0
0,0,0,0,896,0.0
0,0,0,0,897,0.0
0,0,0,0,898,0.0
0,0,0,0,899,0.0
925,0.031757,0,0,0,0
926,0.031233,0,0,0,0
927,0.028753,0,0,0,0
928,0.034523,0,0,0,0
929,0.030851,0,0,0,0
0,0,0,0,900,0.0
0,0,0,0,901,0.0
0,0,0,0,902,0.0
0,0,0,0,903,0.0
0,0,0,0,904,0.0
930,0.037003,0,0,0,0
931,0.028181,0,0,0,0
932,0.022554,0,0,0,0
933,0.02408,0,0,0,0
934,0.029945,0,0,0,0
0,0,0,0,905,0.0
0,0,0,0,906,0.0
0,0,0,0,907,0.0
0,0,0,0,908,0.0
0,0,0,0,909,0.0
935,0.031233,0,0,0,0
936,0.027323,0,0,0,0
937,0.023317,0,0,0,0
938,0.021982,0,0,0,0
939,0.021935,0,0,0,0
0,0,0,0,910,0.0
0,0,0,0,911,0.0
0,0,0,0,912,0.0
0,0,0,0,913,0.0
0,0,0,0,914,0.0
940,0.023031,0,0,0,0
941,0.014734,0,0,0,0
942,0.015306,0,0,0,0
943,0.024319,0,0,0,0
944,0.02408,0,0,0,0
0,0,0,0,915,0.0
0,0,0,0,916,0.0
0,0,0,0,917,0.0
0,0,0,0,918,0.0
0,0,0,0,919,0.0
945,0.018024,0,0,0,0
946,0.015402,0,0,0,0
947,0.01297,0,0,0,0
948,0.016356,0,0,0,0
949,0.019598,0,0,0,0
0,0,0,0,920,0.0
0,0,0,0,921,0.0
0,0,0,0,922,0.0
0,0,0,0,923,0.0
0,0,0,0,924,0.0
950,0.017738,0,0,0,0
951,0.024271,0,0,0,0
952,0.021267,0,0,0,0
953,0.019455,0,0,0,0
954,0.024748,0,0,0,0
0,0,0,0,925,0.0
0,0,0,0,926,0.0
0,0,0,0,927,0.0
0,0,0,0,928,0.0
0,0,0,0,929,0.0
955,0.019312,0,0,0,0
956,0.024319,0,0,0,0
957,0.02985,0,0,0,0
958,0.017881,0,0,0,0
959,0.019407,0,0,0,0
0,0,0,0,930,0.0
0,0,0,0,931,0.0
0,0,0,0,932,0.0
0,0,0,0,933,0.0
0,0,0,0,934,0.0
960,0.028372,0,0,0,0
961,0.025749,0,0,0,0
962,0.021744,0,0,0,0
963,0.022697,0,0,0,0
964,0.021219,0,0,0,0
0,0,0,0,935,0.0
0,0,0,0,936,0.0
0,0,0,0,937,0.0
0,0,0,0,938,0.0
0,0,0,0,939,0.0
965,0.024796,0,0,0,0
966,0.024223,0,0,0,0
967,0.030708,0,0,0,0
968,0.027084,0,0,0,0
969,0.014734,0,0,0,0
0,0,0,0,940,0.0
0,0,0,0,941,0.0
0,0,0,0,942,0.0
0,0,0,0,943,0.0
0,0,0,0,944,0.0
970,0.028086,0,0,0,0
971,0.021744,0,0,0,0
972,0.021505,0,0,0,0
973,0.022173,0,0,0,0
974,0.026131,0,0,0,0
0,0,0,0,945,0.0
0,0,0,0,946,0.0
0,0,0,0,947,0.0
0,0,0,0,948,0.0
0,0,0,0,949,0.0
975,0.021124,0,0,0,0
976,0.025845,0,0,0,0
977,0.023556,0,0,0,0
978,0.019073,0,0,0,0
979,0.027704,0,0,0,0
0,0,0,0,950,0.0
0,0,0,0,951,0.0
0,0,0,0,952,0.0
0,0,0,0,953,0.0
0,0,0,0,954,0.0
980,0.020075,0,0,0,0
981,0.015688,0,0,0,0
982,0.019073,0,0,0,0
983,0.021601,0,0,0,0
984,0.019646,0,0,0,0
0,0,0,0,955,0.0
0,0,0,0,956,0.0
0,0,0,0,957,0.0
0,0,0,0,958,0.0
0,0,0,0,959,0.0
985,0.019217,0,0,0,0
986,0.022554,0,0,0,0
987,0.023031,0,0,0,0
988,0.023651,0,0,0,0
989,0.030518,0,0,0,0
0,0,0,0,960,0.0
0,0,0,0,961,0.0
0,0,0,0,962,0.0
0,0,0,0,963,0.0
0,0,0,0,964,0.0
990,0.025988,0,0,0,0
991,0.02141,0,0,0,0
992,0.015974,0,0,0,0
993,0.022745,0,0,0,0
994,0.023699,0,0,0,0
0,0,0,0,965,0.0
0,0,0,0,966,0.0
0,0,0,0,967,0.0
0,0,0,0,968,0.0
0,0,0,0,969,0.0
995,0.028706,0,0,0,0
996,0.027275,0,0,0,0
997,0.023794,0,0,0,0
998,0.030518,0,0,0,0
999,0.038195,0,0,0,0
0,0,0,0,970,0.0
0,0,0,0,971,0.0
0,0,0,0,972,0.0
0,0,0,0,973,0.0
0,0,0,0,974,0.0
1000,0.020647,0,0,0,0
1001,0.023222,0,0,0,0
1002,0.023127,0,0,0,0
1003,0.026703,0,0,0,0
1004,0.028467,0,0,0,0
0,0,0,0,975,0.0
0,0,0,0,976,0.0
0,0,0,0,977,0.0
0,0,0,0,978,0.0
0,0,0,0,979,0.0
1005,0.02923,0,0,0,0
1006,0.030041,0,0,0,0
1007,0.029707,0,0,0,0
1008,0.022221,0,0,0,0
1009,0.026608,0,0,0,0
0,0,0,0,980,0.0
0,0,0,0,981,0.0
0,0,0,0,982,0.0
0,0,0,0,983,0.0
0,0,0,0,984,0.0
1010,0.020981,0,0,0,0
1011,0.018644,0,0,0,0
1012,0.027132,0,0,0,0
1013,0.032473,0,0,0,0
1014,0.031853,0,0,0,0
0,0,0,0,985,0.0
0,0,0,0,986,0.0
0,0,0,0,987,0.0
0,0,0,0,988,0.0
0,0,0,0,989,0.0
1015,0.032902,0,0,0,0
1016,0.030518,0,0,0,0
1017,0.031757,0,0,0,0
1018,0.039101,0,0,0,0
1019,0.035095,0,0,0,0
0,0,0,0,990,0.0
0,0,0,0,991,0.0
0,0,0,0,992,0.0
0,0,0,0,993,0.0
0,0,0,0,994,0.0
1020,0.032806,0,0,0,0
1021,0.036526,0,0,0,0
1022,0.035715,0,0,0,0
1023,0.032187,0,0,0,0
1024,0.029945,0,0,0,0
0,0,0,0,995,0.0
0,0,0,0,996,0.0
0,0,0,0,997,0.0
0,0,0,0,998,0.0
0,0,0,0,999,0.0
1025,0.030661,0,0,0,0
1026,0.026417,0,0,0,0
1027,0.037384,0,0,0,0
1028,0.037766,0,0,0,0
1029,0.040007,0,0,0,0
0,0,0,0,1000,0.0
0,0,0,0,1001,0.0
0,0,0,0,1002,0.0
0,0,0,0,1003,0.0
0,0,0,0,1004,0.0
1030,0.036049,0,0,0,0
1031,0.036812,0,0,0,0
1032,0.031519,0,0,0,0
1033,0.036001,0,0,0,0
1034,0.043058,0,0,0,0
0,0,0,0,1005,0.0
0,0,0,0,1006,0.0
0,0,0,0,1007,0.0
0,0,0,0,1008,0.0
0,0,0,0,1009,0.0
1035,0.036097,0,0,0,0
1036,0.034523,0,0,0,0
1037,0.038385,0,0,0,0
1038,0.045633,0,0,0,0
1039,0.043011,0,0,0,0
0,0,0,0,1010,0.0
0,0,0,0,1011,0.0
0,0,0,0,1012,0.0
0,0,0,0,1013,0.0
0,0,0,0,1014,0.0
1040,0.045443,0,0,0,0
1041,0.050974,0,0,0,0
1042,0.052452,0,0,0,0
1043,0.047398,0,0,0,0
1044,0.049019,0,0,0,0
0,0,0,0,1015,0.0
0,0,0,0,1016,0.0
0,0,0,0,1017,0.0
0,0,0,0,1018,0.0
0,0,0,0,1019,0.0
1045,0.040579,0,0,0,0
1046,0.037479,0,0,0,0
1047,0.042963,0,0,0,0
1048,0.048923,0,0,0,0
1049,0.046349,0,0,0,0
0,0,0,0,1020,0.0
0,0,0,0,1021,0.0
0,0,0,0,1022,0.0
0,0,0,0,1023,0.0
0,0,0,0,1024,0.0
1050,0.039721,0,0,0,0
1051,0.043678,0,0,0,0
1052,0.046301,0,0,0,0
1053,0.044012,0,0,0,0
1054,0.046539,0,0,0,0
0,0,0,0,1025,0.0
0,0,0,0,1026,0.0
0,0,0,0,1027,0.0
0,0,0,0,1028,0.0
0,0,0,0,1029,0.0
1055,0.049305,0,0,0,0
1056,0.044918,0,0,0,0
1057,0.038385,0,0,0,0
1058,0.038242,0,0,0,0
1059,0.042915,0,0,0,0
0,0,0,0,1030,0.0
0,0,0,0,1031,0.0
0,0,0,0,1032,0.0
0,0,0,0,1033,0.0
0,0,0,0,1034,0.0
1060,0.045109,0,0,0,0
1061,0.037575,0,0,0,0
1062,0.042391,0,0,0,0
1063,0.051355,0,0,0,0
1064,0.049543,0,0,0,0
0,0,0,0,1035,0.0
0,0,0,0,1036,0.0
0,0,0,0,1037,0.0
0,0,0,0,1038,0.0
0,0,0,0,1039,0.0
1065,0.036764,0,0,0,0
1066,0.026083,0,0,0,0
1067,0.031805,0,0,0,0
1068,0.040293,0,0,0,0
1069,0.0422,0,0,0,0
0,0,0,0,1040,0.0
0,0,0,0,1041,0.0
0,0,0,0,1042,0.0
0,0,0,0,1043,0.0
0,0,0,0,1044,0.0
1070,0.031662,0,0,0,0
1071,0.037479,0,0,0,0
1072,0.036955,0,0,0,0
1073,0.034952,0,0,0,0
1074,0.041628,0,0,0,0
0,0,0,0,1045,0.0
0,0,0,0,1046,0.0
0,0,0,0,1047,0.0
0,0,0,0,1048,0.0
0,0,0,0,1049,0.0
1075,0.033569,0,0,0,0
1076,0.03109,0,0,0,0
1077,0.035667,0,0,0,0
1078,0.032282,0,0,0,0
1079,0.029325,0,0,0,0
0,0,0,0,1050,0.0
0,0,0,0,1051,0.0
0,0,0,0,1052,0.0
0,0,0,0,1053,0.0
0,0,0,0,1054,0.0
1080,0.032711,0,0,0,0
1081,0.032377,0,0,0,0
1082,0.031424,0,0,0,0
1083,0.040865,0,0,0,0
1084,0.042295,0,0,0,0
0,0,0,0,1055,0.0
0,0,0,0,1056,0.0
0,0,0,0,1057,0.0
0,0,0,0,1058,0.0
0,0,0,0,1059,0.0
1085,0.028944,0,0,0,0
1086,0.026512,0,0,0,0
1087,0.025225,0,0,0,0
1088,0.021601,0,0,0,0
1089,0.024652,0,0,0,0
0,0,0,0,1060,0.0
0,0,0,0,1061,0.0
0,0,0,0,1062,0.0
0,0,0,0,1063,0.0
0,0,0,0,1064,0.0
1090,0.025797,0,0,0,0
1091,0.029516,0,0,0,0
1092,0.035095,0,0,0,0
1093,0.033522,0,0,0,0
1094,0.023556,0,0,0,0
0,0,0,0,1065,0.0
0,0,0,0,1066,0.0
0,0,0,0,1067,0.0
0,0,0,0,1068,0.0
0,0,0,0,1069,0.0
1095,0.020218,0,0,0,0
1096,0.022507,0,0,0,0
1097,0.026798,0,0,0,0
1098,0.025082,0,0,0,0
1099,0.019693,0,0,0,0
0,0,0,0,1070,0.0
0,0,0,0,1071,0.0
0,0,0,0,1072,0.0
0,0,0,0,1073,0.0
0,0,0,0,1074,0.0
1100,0.02346,0,0,0,0
1101,0.020933,0,0,0,0
1102,0.026321,0,0,0,0
1103,0.027657,0,0,0,0
1104,0.022602,0,0,0,0
0,0,0,0,1075,0.0
0,0,0,0,1076,0.0
0,0,0,0,1077,0.0
0,0,0,0,1078,0.0
0,0,0,0,1079,0.0
1105,0.02389,0,0,0,0
1106,0.020361,0,0,0,0
1107,0.014496,0,0,0,0
1108,0.014448,0,0,0,0
1109,0.013542,0,0,0,0
0,0,0,0,1080,0.0
0,0,0,0,1081,0.0
0,0,0,0,1082,0.0
0,0,0,0,1083,0.0
0,0,0,0,1084,0.0
0,0,0,32.628576,0,0
0,0,1,41.53351,0,0
0,0,2,49.092372,0,0
0,0,3,53.148468,0,0
0,0,0,0,1085,0.0
0,0,0,0,1086,0.0
0,0,0,0,1087,0.0
0,0,0,0,1088,0.0
0,0,0,0,1089,0.0
0,0,4,53.322315,0,0
0,0,5,51.457683,0,0
0,0,6,49.997369,0,0
0,0,7,49.840411,0,0
0,0,0,0,1090,0.0
0,0,0,0,1091,0.0
0,0,0,0,1092,0.0
0,0,0,0,1093,0.0
0,0,0,0,1094,0.0
0,0,8,50.079823,0,0
0,0,9,50.088763,0,0
0,0,10,50.029159,0,0
0,0,11,50.008297,0,0
0,0,0,0,1095,0.0
0,0,0,0,1096,0.0
0,0,0,0,1097,0.0
0,0,0,0,1098,0.0
0,0,0,0,1099,0.0
0,0,12,49.994389,0,0
0,0,13,49.981475,0,0
0,0,14,49.971541,0,0
0,0,15,49.9626,0,0
0,0,0,0,1100,0.0
0,0,0,0,1101,0.0
0,0,0,0,1102,0.0
0,0,0,0,1103,0.0
0,0,0,0,1104,0.0
0,0,16,49.951673,0,0
0,0,17,49.938758,0,0
0,0,18,49.928824,0,0
0,0,19,49.92187,0,0
0,0,0,0,1105,0.0
0,0,0,0,1106,0.0
0,0,0,0,1107,0.0
0,0,0,0,1108,0.0
0,0,0,0,1109,0.0
0,0,20,49.917897,0,0
0,0,21,49.911936,0,0
0,0,22,49.910943,0,0
0,0,23,49.911936,0,0
0,0,0,0,1110,0.0
0,0,0,0,1111,0.0
0,0,0,0,1112,0.0
0,0,0,0,1113,0.0
0,0,0,0,1114,0.0
0,0,24,49.910943,0,0
0,0,25,49.908956,0,0
0,0,26,49.905976,0,0
0,0,27,49.904982,0,0
0,0,0,0,1115,0.0
0,0,0,0,1116,0.0
0,0,0,0,1117,0.0
0,0,0,0,1118,0.0
0,0,0,0,1119,0.0
0,0,28,49.899022,0,0
0,0,29,49.892068,0,0
0,0,30,49.887101,0,0
0,0,31,49.883127,0,0
0,0,0,0,1120,0.0
0,0,0,0,1121,0.0
0,0,0,0,1122,0.0
0,0,0,0,1123,0.0
0,0,0,0,1124,0.0
0,0,32,49.863259,0,0
0,0,33,49.856305,0,0
0,0,34,49.852331,0,0
0,0,35,49.850345,0,0
0,0,0,0,1125,0.0
0,0,0,0,1126,0.0
0,0,0,0,1127,0.0
0,0,0,0,1128,0.0
0,0,0,0,1129,0.0
0,0,36,49.848358,0,0
0,0,37,49.846371,0,0
0,0,38,49.846371,0,0
0,0,39,49.838424,0,0
0,0,0,0,1130,0.0
0,0,0,0,1131,0.0
0,0,0,0,1132,0.0
0,0,0,0,1133,0.0
0,0,0,0,1134,0.0
0,0,40,49.83147,0,0
0,0,41,49.818556,0,0
0,0,42,49.808621,0,0
0,0,43,49.799681,0,0
0,0,0,0,1135,0.0
0,0,0,0,1136,0.0
0,0,0,0,1137,0.0
0,0,0,0,1138,0.0
0,0,0,0,1139,0.0
0,0,44,49.798687,0,0
0,0,45,49.804648,0,0
0,0,46,49.808621,0,0
0,0,47,49.811602,0,0
0,0,0,0,1140,0.0
0,0,0,0,1141,0.0
0,0,0,0,1142,0.0
0,0,0,0,1143,0.0
0,0,0,0,1144,0.0
0,0,48,49.809615,0,0
0,0,49,49.803654,0,0
0,0,50,49.795707,0,0
0,0,51,49.786766,0,0
0,0,0,0,1145,0.0
0,0,0,0,1146,0.0
0,0,0,0,1147,0.0
0,0,0,0,1148,0.0
0,0,0,0,1149,0.0
0,0,52,49.779812,0,0
0,0,53,49.772859,0,0
0,0,54,49.766898,0,0
0,0,55,49.762925,0,0
0,0,0,0,1150,0.0
0,0,0,0,1151,0.0
0,0,0,0,1152,0.0
0,0,0,0,1153,0.0
0,0,0,0,1154,0.0
0,0,56,49.716234,0,0
0,0,57,49.711267,0,0
0,0,58,49.708287,0,0
0,0,59,49.708287,0,0
0,0,0,0,1155,0.0
0,0,0,0,1156,0.0
0,0,0,0,1157,0.0
0,0,0,0,1158,0.0
0,0,0,0,1159,0.0
0,0,60,49.712261,0,0
0,0,61,49.717228,0,0
0,0,62,49.719214,0,0
0,0,63,49.721201,0,0
0,0,0,0,1160,0.0
0,0,0,0,1161,0.0
0,0,0,0,1162,0.0
0,0,0,0,1163,0.0
0,0,0,0,1164,0.0
0,0,64,49.718221,0,0
0,0,65,49.710274,0,0
0,0,66,49.699346,0,0
0,0,67,49.695373,0,0
0,0,0,0,1165,0.0
0,0,0,0,1166,0.0
0,0,0,0,1167,0.0
0,0,0,0,1168,0.0
0,0,0,0,1169,0.0
0,0,68,49.70332,0,0
0,0,69,49.730142,0,0
0,0,70,49.772859,0,0
0,0,71,49.83445,0,0
0,0,0,0,1170,0.0
0,0,0,0,1171,0.0
0,0,0,0,1172,0.0
0,0,0,0,1173,0.0
0,0,0,0,1174,0.0
0,0,72,49.902002,0,0
0,0,73,49.971541,0,0
0,0,74,50.021211,0,0
0,0,75,50.053,0,0
0,0,0,0,1175,0.0
0,0,0,0,1176,0.0
0,0,0,0,1177,0.0
0,0,0,0,1178,0.0
0,0,0,0,1179,0.0
0,0,76,50.064921,0,0
0,0,77,50.056974,0,0
0,0,78,50.042073,0,0
0,0,79,50.030152,0,0
0,0,0,0,1180,0.0
0,0,0,0,1181,0.0
0,0,0,0,1182,0.0
0,0,0,0,1183,0.0
0,0,0,0,1184,0.0
0,0,80,50.005317,0,0
0,0,81,49.990416,0,0
0,0,82,49.972534,0,0
0,0,83,49.958626,0,0
0,0,0,0,1185,0.0
0,0,0,0,1186,0.0
0,0,0,0,1187,0.0
0,0,0,0,1188,0.0
0,0,0,0,1189,0.0
0,0,84,49.943725,0,0
0,0,85,49.940745,0,0
0,0,86,49.939752,0,0
0,0,87,49.937765,0,0
0,0,0,0,1190,0.0
0,0,0,0,1191,0.0
0,0,0,0,1192,0.0
0,0,0,0,1193,0.0
0,0,0,0,1194,0.0
0,0,88,49.932798,0,0
0,0,89,49.925844,0,0
0,0,90,49.92187,0,0
0,0,91,49.916903,0,0
0,0,0,0,1195,0.0
0,0,0,0,1196,0.0
0,0,0,0,1197,0.0
0,0,0,0,1198,0.0
0,0,0,0,1199,0.0
0,0,92,49.913923,0,0
0,0,93,49.917897,0,0
0,0,94,49.92485,0,0
0,0,95,49.931804,0,0
0,0,0,0,1200,0.0
0,0,0,0,1201,0.0
0,0,0,0,1202,0.0
0,0,0,0,1203,0.0
0,0,0,0,1204,0.0
0,0,96,49.936771,0,0
0,0,97,49.929818,0,0
0,0,98,49.920877,0,0
0,0,99,49.903989,0,0
0,0,0,0,1205,0.0
0,0,0,0,1206,0.0
0,0,0,0,1207,0.0
0,0,0,0,1208,0.0
0,0,0,0,1209,0.0
0,0,100,49.864252,0,0
0,0,101,49.871206,0,0
0,0,102,49.87518,0,0
0,0,103,49.88114,0,0
0,0,0,0,1210,0.0
0,0,0,0,1211,0.0
0,0,0,0,1212,0.0
0,0,0,0,1213,0.0
0,0,0,0,1214,0.0
0,0,104,49.862266,0,0
0,0,105,49.856305,0,0
0,0,106,49.855312,0,0
0,0,107,49.857299,0,0
0,0,0,0,1215,0.0
0,0,0,0,1216,0.0
0,0,0,0,1217,0.0
0,0,0,0,1218,0.0
0,0,0,0,1219,0.0
0,0,108,49.861272,0,0
0,0,109,49.863259,0,0
0,0,110,49.858292,0,0
0,0,111,49.848358,0,0
0,0,0,0,1220,0.0
0,0,0,0,1221,0.0
0,0,0,0,1222,0.0
0,0,0,0,1223,0.0
0,0,0,0,1224,0.0
0,0,112,49.836437,0,0
0,0,113,49.823523,0,0
0,0,114,49.814582,0,0
0,0,115,49.808621,0,0
0,0,0,0,1225,0.0
0,0,0,0,1226,0.0
0,0,0,0,1227,0.0
0,0,0,0,1228,0.0
0,0,0,0,1229,0.0
0,0,116,49.809615,0,0
0,0,117,49.813588,0,0
0,0,118,49.816569,0,0
0,0,119,49.818556,0,0
0,0,0,0,1230,0.0
0,0,0,0,1231,0.0
0,0,0,0,1232,0.0
0,0,0,0,1233,0.0
0,0,0,0,1234,0.0
0,0,120,49.821536,0,0
0,0,121,49.826503,0,0
0,0,122,49.82849,0,0
0,0,123,49.835443,0,0
0,0,0,0,1235,0.0
0,0,0,0,1236,0.0
0,0,0,0,1237,0.0
0,0,0,0,1238,0.0
0,0,0,0,1239,0.0
0,0,124,49.836437,0,0
0,0,125,49.83743,0,0
0,0,126,49.841404,0,0
0,0,127,49.842397,0,0
0,0,0,0,1240,0.0
0,0,0,0,1241,0.0
0,0,0,0,1242,0.0
0,0,0,0,1243,0.0
0,0,0,0,1244,0.0
0,0,128,49.856305,0,0
0,0,129,49.848358,0,0
0,0,130,49.838424,0,0
0,0,131,49.832463,0,0
0,0,0,0,1245,0.0
0,0,0,0,1246,0.0
0,0,0,0,1247,0.0
0,0,0,0,1248,0.0
0,0,0,0,1249,0.0
0,0,132,49.83147,0,0
0,0,133,49.833457,0,0
0,0,134,49.842397,0,0
0,0,135,49.852331,0,0
0,0,0,0,1250,0.0
0,0,0,0,1251,0.0
0,0,0,0,1252,0.0
0,0,0,0,1253,0.0
0,0,0,0,1254,0.0
0,0,136,49.860279,0,0
0,0,137,49.862266,0,0
0,0,138,49.860279,0,0
0,0,139,49.855312,0,0
0,0,0,0,1255,0.0
0,0,0,0,1256,0.0
0,0,0,0,1257,0.0
0,0,0,0,1258,0.0
0,0,0,0,1259,0.0
0,0,140,49.848358,0,0
0,0,141,49.839417,0,0
0,0,142,49.833457,0,0
0,0,143,49.821536,0,0
0,0,0,0,1260,0.0
0,0,0,0,1261,0.0
0,0,0,0,1262,0.0
0,0,0,0,1263,0.0
0,0,0,0,1264,0.0
0,0,144,49.768885,0,0
0,0,145,49.763918,0,0
0,0,146,49.762925,0,0
0,0,147,49.766898,0,0
0,0,0,0,1265,0.0
0,0,0,0,1266,0.0
0,0,0,0,1267,0.0
0,0,0,0,1268,0.0
0,0,0,0,1269,0.0
0,0,148,49.767892,0,0
0,0,149,49.765905,0,0
0,0,150,49.762925,0,0
0,0,151,49.757957,0,0
0,0,0,0,1270,0.0
0,0,0,0,1271,0.0
0,0,0,0,1272,0.0
0,0,0,0,1273,0.0
0,0,0,0,1274,0.0
0,0,152,49.749017,0,0
0,0,153,49.74405,0,0
0,0,154,49.745043,0,0
0,0,155,49.746037,0,0
0,0,0,0,1275,0.0
0,0,0,0,1276,0.0
0,0,0,0,1277,0.0
0,0,0,0,1278,0.0
0,0,0,0,1279,0.0
0,0,156,49.755971,0,0
0,0,157,49.762925,0,0
0,0,158,49.766898,0,0
0,0,159,49.765905,0,0
0,0,0,0,1280,0.0
0,0,0,0,1281,0.0
0,0,0,0,1282,0.0
0,0,0,0,1283,0.0
0,0,0,0,1284,0.0
0,0,160,49.762925,0,0
0,0,161,49.756964,0,0
0,0,162,49.748023,0,0
0,0,163,49.745043,0,0
0,0,0,0,1285,0.0
0,0,0,0,1286,0.0
0,0,0,0,1287,0.0
0,0,0,0,1288,0.0
0,0,0,0,1289,0.0
0,0,164,49.719214,0,0
0,0,165,49.70928,0,0
0,0,166,49.70332,0,0
0,0,167,49.701333,0,0
0,0,0,0,1290,0.0
0,0,0,0,1291,0.0
0,0,0,0,1292,0.0
0,0,0,0,1293,0.0
0,0,0,0,1294,0.0
0,0,168,49.7063,0,0
0,0,169,49.716234,0,0
0,0,170,49.722195,0,0
0,0,171,49.729149,0,0
0,0,0,0,1295,0.0
0,0,0,0,1296,0.0
0,0,0,0,1297,0.0
0,0,0,0,1298,0.0
0,0,0,0,1299,0.0
0,0,172,49.734116,0,0
0,0,173,49.730142,0,0
0,0,174,49.724181,0,0
0,0,175,49.723188,0,0
0,0,0,0,1300,0.0
0,0,0,0,1301,0.0
0,0,0,0,1302,0.0
0,0,0,0,1303,0.0
0,0,0,0,1304,0.0
1110,0.023079,0,0,0,0
1111,0.022507,0,0,0,0
1112,0.028276,0,0,0,0
1113,0.021029,0,0,0,0
1114,0.012207,0,0,0,0
0,0,0,0,1305,0.0
0,0,0,0,1306,0.0
0,0,0,0,1307,0.0
0,0,0,0,1308,0.0
0,0,0,0,1309,0.0
1115,0.015259,0,0,0,0
1116,0.016117,0,0,0,0
1117,0.019455,0,0,0,0
1118,0.01421,0,0,0,0
1119,0.021839,0,0,0,0
0,0,0,0,1310,0.0
0,0,0,0,1311,0.0
0,0,0,0,1312,0.0
0,0,0,0,1313,0.0
0,0,0,0,1314,0.0
1120,-0.052023,0,0,0,0
1121,-0.055885,0,0,0,0
1122,-0.047588,0,0,0,0
1123,-0.039434,0,0,0,0
1124,-0.049162,0,0,0,0
0,0,0,0,1315,0.0
0,0,0,0,1316,0.0
0,0,0,0,1317,0.0
0,0,0,0,1318,0.0
0,0,0,0,1319,0.0
1125,-0.020027,0,0,0,0
1126,-0.033283,0,0,0,0
1127,-0.037289,0,0,0,0
1128,-0.025702,0,0,0,0
1129,-0.021267,0,0,0,0
0,0,0,0,1320,0.0
0,0,0,0,1321,0.0
0,0,0,0,1322,0.0
0,0,0,0,1323,0.0
0,0,0,0,1324,0.0
1130,-0.001335,0,0,0,0
1131,9.5e-05,0,0,0,0
1132,-0.011396,0,0,0,0
1133,-0.006819,0,0,0,0
1134,-0.00515,0,0,0,0
0,0,0,0,1325,0.0
0,0,0,0,1326,0.0
0,0,0,0,1327,0.0
0,0,0,0,1328,0.0
0,0,0,0,1329,0.0
1135,0.013018,0,0,0,0
1136,0.007343,0,0,0,0
1137,-0.003672,0,0,0,0
1138,-0.001001,0,0,0,0
1139,0.002909,0,0,0,0
0,0,0,0,1330,0.0
0,0,0,0,1331,0.0
0,0,0,0,1332,0.0
0,0,0,0,1333,0.0
0,0,0,0,1334,0.0
1140,0.024462,0,0,0,0
1141,0.02408,0,0,0,0
1142,0.023031,0,0,0,0
1143,0.026321,0,0,0,0
1144,0.029087,0,0,0,0
0,0,0,0,1335,0.0
0,0,0,0,1336,0.0
0,0,0,0,1337,0.0
0,0,0,0,1338,0.0
0,0,0,0,1339,0.0
1145,0.038576,0,0,0,0
1146,0.041771,0,0,0,0
1147,0.035334,0,0,0,0
1148,0.029659,0,0,0,0
1149,0.032902,0,0,0,0
0,0,0,0,1340,0.0
0,0,0,0,1341,0.0
0,0,0,0,1342,0.0
0,0,0,0,1343,0.0
0,0,0,0,1344,0.0
1150,0.049067,0,0,0,0
1151,0.0494,0,0,0,0
1152,0.041866,0,0,0,0
1153,0.049591,0,0,0,0
1154,0.048733,0,0,0,0
0,0,0,0,1345,0.0
0,0,0,0,1346,0.0
0,0,0,0,1347,0.0
0,0,0,0,1348,0.0
0,0,0,0,1349,0.0
1155,0.063467,0,0,0,0
1156,0.056458,0,0,0,0
1157,0.05331,0,0,0,0
1158,0.052118,0,0,0,0
1159,0.054693,0,0,0,0
0,0,0,0,1350,0.0
0,0,0,0,1351,0.0
0,0,0,0,1352,0.0
0,0,0,0,1353,0.0
0,0,0,0,1354,0.0
1160,0.0597,0,0,0,0
1161,0.061464,0,0,0,0
1162,0.060654,0,0,0,0
1163,0.066233,0,0,0,0
1164,0.073385,0,0,0,0
0,0,0,0,1355,0.0
0,0,0,0,1356,0.0
0,0,0,0,1357,0.0
0,0,0,0,1358,0.0
0,0,0,0,1359,0.0
1165,0.062323,0,0,0,0
1166,0.058317,0,0,0,0
1167,0.067711,0,0,0,0
1168,0.071383,0,0,0,0
1169,0.063658,0,0,0,0
0,0,0,0,1360,0.0
0,0,0,0,1361,0.0
0,0,0,0,1362,0.0
0,0,0,0,1363,0.0
0,0,0,0,1364,0.0
1170,0.077915,0,0,0,0
1171,0.069046,0,0,0,0
1172,0.071812,0,0,0,0
1173,0.077343,0,0,0,0
1174,0.07143,0,0,0,0
0,0,0,0,1365,0.0
0,0,0,0,1366,0.0
0,0,0,0,1367,0.0
0,0,0,0,1368,0.0
0,0,0,0,1369,0.0
1175,0.07453,0,0,0,0
1176,0.072193,0,0,0,0
1177,0.080538,0,0,0,0
1178,0.085926,0,0,0,0
1179,0.079489,0,0,0,0
0,0,0,0,1370,0.0
0,0,0,0,1371,0.0
0,0,0,0,1372,0.0
0,0,0,0,1373,0.0
0,0,0,0,1374,0.0
1180,0.084114,0,0,0,0
1181,0.075722,0,0,0,0
1182,0.062418,0,0,0,0
1183,0.073862,0,0,0,0
1184,0.076485,0,0,0,0
0,0,0,0,1375,0.0
0,0,0,0,1376,0.0
0,0,0,0,1377,0.0
0,0,0,0,1378,0.0
0,0,0,0,1379,0.0
1185,0.075054,0,0,0,0
1186,0.078201,0,0,0,0
1187,0.072002,0,0,0,0
1188,0.075197,0,0,0,0
1189,0.077105,0,0,0,0
0,0,0,0,1380,0.0
0,0,0,0,1381,0.0
0,0,0,0,1382,0.0
0,0,0,0,1383,0.0
0,0,0,0,1384,0.0
1190,0.068712,0,0,0,0
1191,0.07062,0,0,0,0
1192,0.06671,0,0,0,0
1193,0.07143,0,0,0,0
1194,0.063992,0,0,0,0
0,0,0,0,1385,0.0
0,0,0,0,1386,0.0
0,0,0,0,1387,0.0
0,0,0,0,1388,0.0
0,0,0,0,1389,0.0
1195,0.0741,0,0,0,0
1196,0.073385,0,0,0,0
1197,0.071335,0,0,0,0
1198,0.069427,0,0,0,0
1199,0.078249,0,0,0,0
0,0,0,0,1390,0.0
0,0,0,0,1391,0.0
0,0,0,0,1392,0.0
0,0,0,0,1393,0.0
0,0,0,0,1394,0.0
1200,0.069952,0,0,0,0
1201,0.074148,0,0,0,0
1202,0.076342,0,0,0,0
1203,0.064564,0,0,0,0
1204,0.068283,0,0,0,0
0,0,0,0,1395,0.0
0,0,0,0,1396,0.0
0,0,0,0,1397,0.0
0,0,0,0,1398,0.0
0,0,0,0,1399,0.0
1205,0.081825,0,0,0,0
1206,0.083542,0,0,0,0
1207,0.081015,0,0,0,0
1208,0.083828,0,0,0,0
1209,0.084829,0,0,0,0
0,0,0,0,1400,0.0
0,0,0,0,1401,0.0
0,0,0,0,1402,0.0
0,0,0,0,1403,0.0
0,0,0,0,1404,0.0
1210,0.071764,0,0,0,0
1211,0.073385,0,0,0,0
1212,0.078869,0,0,0,0
1213,0.071573,0,0,0,0
1214,0.07453,0,0,0,0
0,0,0,0,1405,0.0
0,0,0,0,1406,0.0
0,0,0,0,1407,0.0
0,0,0,0,1408,0.0
0,0,0,0,1409,0.0
1215,0.082445,0,0,0,0
1216,0.080729,0,0,0,0
1217,0.069904,0,0,0,0
1218,0.077009,0,0,0,0
1219,0.078678,0,0,0,0
0,0,0,0,1410,0.0
0,0,0,0,1411,0.0
0,0,0,0,1412,0.0
0,0,0,0,1413,0.0
0,0,0,0,1414,0.0
1220,0.0741,0,0,0,0
1221,0.082016,0,0,0,0
1222,0.076294,0,0,0,0
1223,0.064039,0,0,0,0
1224,0.064278,0,0,0,0
0,0,0,0,1415,0.0
0,0,0,0,1416,0.0
0,0,0,0,1417,0.0
0,0,0,0,1418,0.0
0,0,0,0,1419,0.0
1225,0.067377,0,0,0,0
1226,0.063753,0,0,0,0
1227,0.063181,0,0,0,0
1228,0.065708,0,0,0,0
1229,0.069571,0,0,0,0
0,0,0,0,1420,0.0
0,0,0,0,1421,0.0
0,0,0,0,1422,0.0
0,0,0,0,1423,0.0
0,0,0,0,1424,0.0
1230,0.068092,0,0,0,0
1231,0.06671,0,0,0,0
1232,0.065756,0,0,0,0
1233,0.064945,0,0,0,0
1234,0.057364,0,0,0,0
0,0,0,0,1425,0.0
0,0,0,0,1426,0.0
0,0,0,0,1427,0.0
0,0,0,0,1428,0.0
0,0,0,0,1429,0.0
1235,0.067377,0,0,0,0
1236,0.078583,0,0,0,0
1237,0.065136,0,0,0,0
1238,0.057364,0,0,0,0
1239,0.062609,0,0,0,0
0,0,0,0,1430,0.0
0,0,0,0,1431,0.0
0,0,0,0,1432,0.0
0,0,0,0,1433,0.0
0,0,0,0,1434,0.0
1240,0.062895,0,0,0,0
1241,0.060606,0,0,0,0
1242,0.070953,0,0,0,0
1243,0.072432,0,0,0,0
1244,0.068855,0,0,0,0
0,0,0,0,1435,0.0
0,0,0,0,1436,0.0
0,0,0,0,1437,0.0
0,0,0,0,1438,0.0
0,0,0,0,1439,0.0
1245,0.069571,0,0,0,0
1246,0.059748,0,0,0,0
1247,0.056982,0,0,0,0
1248,0.065851,0,0,0,0
1249,0.063992,0,0,0,0
0,0,0,0,1440,0.0
0,0,0,0,1441,0.0
0,0,0,0,1442,0.0
0,0,0,0,1443,0.0
0,0,0,0,1444,0.0
1250,0.057507,0,0,0,0
1251,0.064802,0,0,0,0
1252,0.072861,0,0,0,0
1253,0.067806,0,0,0,0
1254,0.068045,0,0,0,0
0,0,0,0,1445,0.0
0,0,0,0,1446,0.0
0,0,0,0,1447,0.0
0,0,0,0,1448,0.0
0,0,0,0,1449,0.0
1255,0.079155,0,0,0,0
1256,0.079012,0,0,0,0
1257,0.073099,0,0,0,0
1258,0.067234,0,0,0,0
1259,0.066471,0,0,0,0
0,0,0,0,1450,0.0
0,0,0,0,1451,0.0
0,0,0,0,1452,0.0
0,0,0,0,1453,0.0
0,0,0,0,1454,0.0
1260,0.06671,0,0,0,0
1261,0.070715,0,0,0,0
1262,0.073195,0,0,0,0
1263,0.06299,0,0,0,0
1264,0.07205,0,0,0,0
0,0,0,0,1455,0.0
0,0,0,0,1456,0.0
0,0,0,0,1457,0.0
0,0,0,0,1458,0.0
0,0,0,0,1459,0.0
1265,0.064707,0,0,0,0
1266,0.066376,0,0,0,0
1267,0.068331,0,0,0,0
1268,0.076771,0,0,0,0
1269,0.069618,0,0,0,0
0,0,0,0,1460,0.0
0,0,0,0,1461,0.0
0,0,0,0,1462,0.0
0,0,0,0,1463,0.0
0,0,0,0,1464,0.0
1270,0.06671,0,0,0,0
1271,0.068951,0,0,0,0
1272,0.065041,0,0,0,0
1273,0.069618,0,0,0,0
1274,0.072432,0,0,0,0
0,0,0,0,1465,0.0
0,0,0,0,1466,0.0
0,0,0,0,1467,0.0
0,0,0,0,1468,0.0
0,0,0,0,1469,0.0
1275,0.080347,0,0,0,0
1276,0.069046,0,0,0,0
1277,0.060606,0,0,0,0
1278,0.067806,0,0,0,0
1279,0.069475,0,0,0,0
0,0,0,0,1470,0.0
0,0,0,0,1471,0.0
0,0,0,0,1472,0.0
0,0,0,0,1473,0.0
0,0,0,0,1474,0.0
1280,0.058365,0,0,0,0
1281,0.056887,0,0,0,0
1282,0.067091,0,0,0,0
1283,0.062895,0,0,0,0
1284,0.057745,0,0,0,0
0,0,0,0,1475,0.0
0,0,0,0,1476,0.0
0,0,0,0,1477,0.0
0,0,0,0,1478,0.0
0,0,0,0,1479,0.0
1285,0.058746,0,0,0,0
1286,0.058603,0,0,0,0
1287,0.060272,0,0,0,0
1288,0.054598,0,0,0,0
1289,0.051832,0,0,0,0
0,0,0,0,1480,0.0
0,0,0,0,1481,0.0
0,0,0,0,1482,0.0
0,0,0,0,1483,0.0
0,0,0,0,1484,0.0
1290,0.059891,0,0,0,0
1291,0.058842,0,0,0,0
1292,0.062752,0,0,0,0
1293,0.058079,0,0,0,0
1294,0.057745,0,0,0,0
0,0,0,0,1485,0.0
0,0,0,0,1486,0.0
0,0,0,0,1487,0.0
0,0,0,0,1488,0.0
0,0,0,0,1489,0.0
1295,0.047207,0,0,0,0
1296,0.038719,0,0,0,0
1297,0.050163,0,0,0,0
1298,0.051069,0,0,0,0
1299,0.051594,0,0,0,0
0,0,0,0,1490,0.0
0,0,0,0,1491,0.0
0,0,0,0,1492,0.0
0,0,0,0,1493,0.0
0,0,0,0,1494,0.0
1300,0.055265,0,0,0,0
1301,0.05517,0,0,0,0
1302,0.048161,0,0,0,0
1303,0.054264,0,0,0,0
1304,0.051785,0,0,0,0
0,0,0,0,1495,0.0
0,0,0,0,1496,0.0
0,0,0,0,1497,0.0
0,0,0,0,1498,0.0
0,0,0,0,1499,0.0
1305,0.045681,0,0,0,0
1306,0.040531,0,0,0,0
1307,0.047493,0,0,0,0
1308,0.045347,0,0,0,0
1309,0.044584,0,0,0,0
0,0,0,0,1500,0.0
0,0,0,0,1501,0.0
0,0,0,0,1502,0.0
0,0,0,0,1503,0.0
0,0,0,0,1504,0.0
1310,0.052404,0,0,0,0
1311,0.06156,0,0,0,0
1312,0.05579,0,0,0,0
1313,0.051689,0,0,0,0
1314,0.050497,0,0,0,0
0,0,0,0,1505,0.0
0,0,0,0,1506,0.0
0,0,0,0,1507,0.0
0,0,0,0,1508,0.0
0,0,0,0,1509,0.0
1315,0.053596,0,0,0,0
1316,0.052595,0,0,0,0
1317,0.043726,0,0,0,0
1318,0.044441,0,0,0,0
1319,0.053692,0,0,0,0
0,0,0,0,1510,0.0
0,0,0,0,1511,0.0
0,0,0,0,1512,0.0
0,0,0,0,1513,0.0
0,0,0,0,1514,0.0
1320,0.048208,0,0,0,0
1321,0.051451,0,0,0,0
1322,0.052452,0,0,0,0
1323,0.049543,0,0,0,0
1324,0.043297,0,0,0,0
0,0,0,0,1515,0.0
0,0,0,0,1516,0.0
0,0,0,0,1517,0.0
0,0,0,0,1518,0.0
0,0,0,0,1519,0.0
1325,0.051117,0,0,0,0
1326,0.0422,0,0,0,0
1327,0.041151,0,0,0,0
1328,0.048971,0,0,0,0
1329,0.041533,0,0,0,0
0,0,0,0,1520,0.0
0,0,0,0,1521,0.0
0,0,0,0,1522,0.0
0,0,0,0,1523,0.0
0,0,0,0,1524,0.0
1330,0.038099,0,0,0,0
1331,0.050497,0,0,0,0
1332,0.04158,0,0,0,0
1333,0.037432,0,0,0,0
1334,0.041151,0,0,0,0
0,0,0,0,1525,0.0
0,0,0,0,1526,0.0
0,0,0,0,1527,0.0
0,0,0,0,1528,0.0
0,0,0,0,1529,0.0
1335,0.044823,0,0,0,0
1336,0.0453,0,0,0,0
1337,0.042915,0,0,0,0
1338,0.048399,0,0,0,0
1339,0.045872,0,0,0,0
0,0,0,0,1530,0.0
0,0,0,0,1531,0.0
0,0,0,0,1532,0.0
0,0,0,0,1533,0.0
0,0,0,0,1534,0.0
1340,0.035858,0,0,0,0
1341,0.034142,0,0,0,0
1342,0.034285,0,0,0,0
1343,0.039339,0,0,0,0
1344,0.038338,0,0,0,0
0,0,0,0,1535,0.0
0,0,0,0,1536,0.0
0,0,0,0,1537,0.0
0,0,0,0,1538,0.0
0,0,0,0,1539,0.0
1345,0.032187,0,0,0,0
1346,0.034952,0,0,0,0
1347,0.039387,0,0,0,0
1348,0.04611,0,0,0,0
1349,0.038052,0,0,0,0
0,0,0,0,1540,0.0
0,0,0,0,1541,0.0
0,0,0,0,1542,0.0
0,0,0,0,1543,0.0
0,0,0,0,1544,0.0
1350,0.022936,0,0,0,0
1351,0.029469,0,0,0,0
1352,0.037289,0,0,0,0
1353,0.036097,0,0,0,0
1354,0.030136,0,0,0,0
0,0,0,0,1545,0.0
0,0,0,0,1546,0.0
0,0,0,0,1547,0.0
0,0,0,0,1548,0.0
0,0,0,0,1549,0.0
1355,0.028801,0,0,0,0
1356,0.033188,0,0,0,0
1357,0.030851,0,0,0,0
1358,0.033855,0,0,0,0
1359,0.033426,0,0,0,0
0,0,0,0,1550,0.0
0,0,0,0,1551,0.0
0,0,0,0,1552,0.0
0,0,0,0,1553,0.0
0,0,0,0,1554,0.0
1360,0.027704,0,0,0,0
1361,0.037479,0,0,0,0
1362,0.044918,0,0,0,0
1363,0.049925,0,0,0,0
1364,0.037909,0,0,0,0
0,0,0,0,1555,0.0
0,0,0,0,1556,0.0
0,0,0,0,1557,0.0
0,0,0,0,1558,0.0
0,0,0,0,1559,0.0
1365,0.040579,0,0,0,0
1366,0.039864,0,0,0,0
1367,0.044203,0,0,0,0
1368,0.039196,0,0,0,0
1369,0.036144,0,0,0,0
0,0,0,0,1560,0.0
0,0,0,0,1561,0.0
0,0,0,0,1562,0.0
0,0,0,0,1563,0.0
0,0,0,0,1564,0.0
1370,0.03376,0,0,0,0
1371,0.03643,0,0,0,0
1372,0.03767,0,0,0,0
1373,0.038576,0,0,0,0
1374,0.039196,0,0,0,0
0,0,0,0,1565,0.0
0,0,0,0,1566,0.0
0,0,0,0,1567,0.0
0,0,0,0,1568,0.0
0,0,0,0,1569,0.0
1375,0.041723,0,0,0,0
1376,0.036383,0,0,0,0
1377,0.040865,0,0,0,0
1378,0.042868,0,0,0,0
1379,0.041723,0,0,0,0
0,0,0,0,1570,0.0
0,0,0,0,1571,0.0
0,0,0,0,1572,0.0
0,0,0,0,1573,0.0
0,0,0,0,1574,0.0
1380,0.043535,0,0,0,0
1381,0.041676,0,0,0,0
1382,0.041533,0,0,0,0
1383,0.042439,0,0,0,0
1384,0.0422,0,0,0,0
0,0,0,0,1575,0.0
0,0,0,0,1576,0.0
0,0,0,0,1577,0.0
0,0,0,0,1578,0.0
0,0,0,0,1579,0.0
1385,0.044918,0,0,0,0
1386,0.043821,0,0,0,0
1387,0.044632,0,0,0,0
1388,0.047159,0,0,0,0
1389,0.039864,0,0,0,0
0,0,0,0,1580,0.0
0,0,0,0,1581,0.0
0,0,0,0,1582,0.0
0,0,0,0,1583,0.0
0,0,0,0,1584,0.0
1390,0.043201,0,0,0,0
1391,0.051546,0,0,0,0
1392,0.051975,0,0,0,0
1393,0.040817,0,0,0,0
1394,0.042486,0,0,0,0
0,0,0,0,1585,0.0
0,0,0,0,1586,0.0
0,0,0,0,1587,0.0
0,0,0,0,1588,0.0
0,0,0,0,1589,0.0
1395,0.048161,0,0,0,0
1396,0.041056,0,0,0,0
1397,0.040436,0,0,0,0
1398,0.045347,0,0,0,0
1399,0.039196,0,0,0,0
0,0,0,0,1590,0.0
0,0,0,0,1591,0.0
0,0,0,0,1592,0.0
0,0,0,0,1593,0.0
0,0,0,0,1594,0.0
1400,0.046968,0,0,0,0
1401,0.036478,0,0,0,0
1402,0.032711,0,0,0,0
1403,0.033379,0,0,0,0
1404,0.038385,0,0,0,0
0,0,0,0,1595,0.0
0,0,0,0,1596,0.0
0,0,0,0,1597,0.0
0,0,0,0,1598,0.0
0,0,0,0,1599,0.0
1405,0.055122,0,0,0,0
1406,0.038195,0,0,0,0
1407,0.02284,0,0,0,0
1408,0.033283,0,0,0,0
1409,0.030756,0,0,0,0
0,0,0,0,1600,0.0
0,0,0,0,1601,0.0
0,0,0,0,1602,0.0
0,0,0,0,1603,0.0
0,0,0,0,1604,0.0
1410,0.032949,0,0,0,0
1411,0.032997,0,0,0,0
1412,0.036812,0,0,0,0
1413,0.030994,0,0,0,0
1414,0.032425,0,0,0,0
0,0,0,0,1605,0.0
0,0,0,0,1606,0.0
0,0,0,0,1607,0.0
0,0,0,0,1608,0.0
0,0,0,0,1609,0.0
1415,0.026894,0,0,0,0
1416,0.031376,0,0,0,0
1417,0.035524,0,0,0,0
1418,0.037861,0,0,0,0
1419,0.039005,0,0,0,0
0,0,0,0,1610,0.0
0,0,0,0,1611,0.0
0,0,0,0,1612,0.0
0,0,0,0,1613,0.0
0,0,0,0,1614,0.0
1420,0.038338,0,0,0,0
1421,0.038147,0,0,0,0
1422,0.036001,0,0,0,0
1423,0.035381,0,0,0,0
1424,0.039101,0,0,0,0
0,0,0,0,1615,0.0
0,0,0,0,1616,0.0
0,0,0,0,1617,0.0
0,0,0,0,1618,0.0
0,0,0,0,1619,0.0
1425,0.034904,0,0,0,0
1426,0.034094,0,0,0,0
1427,0.033808,0,0,0,0
1428,0.038624,0,0,0,0
1429,0.043678,0,0,0,0
0,0,0,0,1620,0.0
0,0,0,0,1621,0.0
0,0,0,0,1622,0.0
0,0,0,0,1623,0.0
0,0,0,0,1624,0.0
1430,0.036097,0,0,0,0
1431,0.041914,0,0,0,0
1432,0.045156,0,0,0,0
1433,0.038338,0,0,0,0
1434,0.041294,0,0,0,0
0,0,0,0,1625,0.0
0,0,0,0,1626,0.0
0,0,0,0,1627,0.0
0,0,0,0,1628,0.0
0,0,0,0,1629,0.0
1435,0.04015,0,0,0,0
1436,0.032759,0,0,0,0
1437,0.027752,0,0,0,0
1438,0.034666,0,0,0,0
1439,0.035191,0,0,0,0
0,0,0,0,1630,0.0
0,0,0,0,1631,0.0
0,0,0,0,1632,0.0
0,0,0,0,1633,0.0
0,0,0,0,1634,0.0
1440,0.030613,0,0,0,0
1441,0.029945,0,0,0,0
1442,0.0247,0,0,0,0
1443,0.029516,0,0,0,0
1444,0.033903,0,0,0,0
0,0,0,0,1635,0.0
0,0,0,0,1636,0.0
0,0,0,0,1637,0.0
0,0,0,0,1638,0.0
0,0,0,0,1639,0.0
1445,0.040531,0,0,0,0
1446,0.035667,0,0,0,0
1447,0.040293,0,0,0,0
1448,0.038767,0,0,0,0
1449,0.036526,0,0,0,0
0,0,0,0,1640,0.0
0,0,0,0,1641,0.0
0,0,0,0,1642,0.0
0,0,0,0,1643,0.0
0,0,0,0,1644,0.0
1450,0.027132,0,0,0,0
1451,0.036335,0,0,0,0
1452,0.034428,0,0,0,0
1453,0.028229,0,0,0,0
1454,0.034618,0,0,0,0
0,0,0,0,1645,0.0
0,0,0,0,1646,0.0
0,0,0,0,1647,0.0
0,0,0,0,1648,0.0
0,0,0,0,1649,0.0
1455,0.029373,0,0,0,0
1456,0.026321,0,0,0,0
1457,0.031614,0,0,0,0
1458,0.029802,0,0,0,0
1459,0.033188,0,0,0,0
0,0,0,0,1650,0.0
0,0,0,0,1651,0.0
0,0,0,0,1652,0.0
0,0,0,0,1653,0.0
0,0,0,0,1654,0.0
1460,0.0319,0,0,0,0
1461,0.031948,0,0,0,0
1462,0.035,0,0,0,0
1463,0.034857,0,0,0,0
1464,0.036001,0,0,0,0
0,0,0,0,1655,0.0
0,0,0,0,1656,0.0
0,0,0,0,1657,0.0
0,0,0,0,1658,0.0
0,0,0,0,1659,0.0
1465,0.038719,0,0,0,0
1466,0.040817,0,0,0,0
1467,0.028467,0,0,0,0
1468,0.022173,0,0,0,0
1469,0.028086,0,0,0,0
0,0,0,0,1660,0.0
0,0,0,0,1661,0.0
0,0,0,0,1662,0.0
0,0,0,0,1663,0.0
0,0,0,0,1664,0.0
1470,0.034761,0,0,0,0
1471,0.035,0,0,0,0
1472,0.029182,0,0,0,0
1473,0.02408,0,0,0,0
1474,0.019264,0,0,0,0
0,0,0,0,1665,0.0
0,0,0,0,1666,0.0
0,0,0,0,1667,0.0
0,0,0,0,1668,0.0
0,0,0,0,1669,0.0
1475,0.023222,0,0,0,0
1476,0.017214,0,0,0,0
1477,0.014782,0,0,0,0
1478,0.017452,0,0,0,0
1479,0.014448,0,0,0,0
0,0,0,0,1670,0.0
0,0,0,0,1671,0.0
0,0,0,0,1672,0.0
0,0,0,0,1673,0.0
0,0,0,0,1674,0.0
1480,0.020218,0,0,0,0
1481,0.016403,0,0,0,0
1482,0.012207,0,0,0,0
1483,0.01812,0,0,0,0
1484,0.016594,0,0,0,0
0,0,0,0,1675,0.0
0,0,0,0,1676,0.0
0,0,0,0,1677,0.0
0,0,0,0,1678,0.0
0,0,0,0,1679,0.0
1485,0.007391,0,0,0,0
1486,0.011444,0,0,0,0
1487,0.015926,0,0,0,0
1488,0.017309,0,0,0,0
1489,0.015974,0,0,0,0
0,0,0,0,1680,0.0
0,0,0,0,1681,0.0
0,0,0,0,1682,0.0
0,0,0,0,1683,0.0
0,0,0,0,1684,0.0
1490,0.012445,0,0,0,0
1491,0.015593,0,0,0,0
1492,0.008631,0,0,0,0
1493,0.006914,0,0,0,0
1494,0.00639,0,0,0,0
0,0,0,0,1685,0.0
0,0,0,0,1686,0.0
0,0,0,0,1687,0.0
0,0,0,0,1688,0.0
0,0,0,0,1689,0.0
1495,0.015211,0,0,0,0
1496,0.018215,0,0,0,0
1497,0.018024,0,0,0,0
1498,0.016499,0,0,0,0
1499,0.013161,0,0,0,0
0,0,0,0,1690,0.0
0,0,0,0,1691,0.0
0,0,0,0,1692,0.0
0,0,0,0,1693,0.0
0,0,0,0,1694,0.0
1500,0.015354,0,0,0,0
1501,0.012255,0,0,0,0
1502,0.015974,0,0,0,0
1503,0.014496,0,0,0,0
1504,0.010014,0,0,0,0
0,0,0,0,1695,0.0
0,0,0,0,1696,0.0
0,0,0,0,1697,0.0
0,0,0,0,1698,0.0
0,0,0,0,1699,0.0
1505,0.012636,0,0,0,0
1506,0.015879,0,0,0,0
1507,0.012541,0,0,0,0
1508,0.008774,0,0,0,0
1509,0.024557,0,0,0,0
0,0,0,0,1700,0.0
0,0,0,0,1701,0.0
0,0,0,0,1702,0.0
0,0,0,0,1703,0.0
0,0,0,0,1704,0.0
1510,0.010157,0,0,0,0
1511,0.012827,0,0,0,0
1512,0.017262,0,0,0,0
1513,0.020742,0,0,0,0
1514,0.02017,0,0,0,0
0,0,0,0,1705,0.0
0,0,0,0,1706,0.0
0,0,0,0,1707,0.0
0,0,0,0,1708,0.0
0,0,0,0,1709,0.0
1515,0.00639,0,0,0,0
1516,0.015354,0,0,0,0
1517,0.014591,0,0,0,0
1518,0.011206,0,0,0,0
1519,0.009775,0,0,0,0
0,0,0,0,1710,0.0
0,0,0,0,1711,0.0
0,0,0,0,1712,0.0
0,0,0,0,1713,0.0
0,0,0,0,1714,0.0
1520,0.023937,0,0,0,0
1521,0.013542,0,0,0,0
1522,0.00639,0,0,0,0
1523,0.011349,0,0,0,0
1524,0.017118,0,0,0,0
0,0,0,0,1715,0.0
0,0,0,0,1716,0.0
0,0,0,0,1717,0.0
0,0,0,0,1718,0.0
0,0,0,0,1719,0.0
1525,0.023508,0,0,0,0
1526,0.006771,0,0,0,0
1527,0.003433,0,0,0,0
1528,0.0144,0,0,0,0
1529,0.016117,0,0,0,0
0,0,0,0,1720,0.0
0,0,0,0,1721,0.0
0,0,0,0,1722,0.0
0,0,0,0,1723,0.0
0,0,0,0,1724,0.0
1530,0.018883,0,0,0,0
1531,0.01564,0,0,0,0
1532,0.020123,0,0,0,0
1533,0.025845,0,0,0,0
1534,0.015593,0,0,0,0
0,0,0,0,1725,0.0
0,0,0,0,1726,0.0
0,0,0,0,1727,0.0
0,0,0,0,1728,0.0
0,0,0,0,1729,0.0
1535,0.027895,0,0,0,0
1536,0.024939,0,0,0,0
1537,0.016022,0,0,0,0
1538,0.02284,0,0,0,0
1539,0.026417,0,0,0,0
0,0,0,0,1730,0.0
0,0,0,0,1731,0.0
0,0,0,0,1732,0.0
0,0,0,0,1733,0.0
0,0,0,0,1734,0.0
1540,0.022221,0,0,0,0
1541,0.025082,0,0,0,0
1542,0.026274,0,0,0,0
1543,0.026226,0,0,0,0
1544,0.026703,0,0,0,0
0,0,0,0,1735,0.0
0,0,0,0,1736,0.0
0,0,0,0,1737,0.0
0,0,0,0,1738,0.0
0,0,0,0,1739,0.0
1545,0.023174,0,0,0,0
1546,0.028133,0,0,0,0
1547,0.03314,0,0,0,0
1548,0.029564,0,0,0,0
1549,0.026226,0,0,0,0
0,0,0,0,1740,0.0
0,0,0,0,1741,0.0
0,0,0,0,1742,0.0
0,0,0,0,1743,0.0
0,0,0,0,1744,0.0
1550,0.020027,0,0,0,0
1551,0.020361,0,0,0,0
1552,0.025845,0,0,0,0
1553,0.028038,0,0,0,0
1554,0.020599,0,0,0,0
0,0,0,0,1745,0.0
0,0,0,0,1746,0.0
0,0,0,0,1747,0.0
0,0,0,0,1748,0.0
0,0,0,0,1749,0.0
1555,0.015593,0,0,0,0
1556,0.021219,0,0,0,0
1557,0.022125,0,0,0,0
1558,0.010252,0,0,0,0
1559,0.012541,0,0,0,0
0,0,0,0,1750,0.0
0,0,0,0,1751,0.0
0,0,0,0,1752,0.0
0,0,0,0,1753,0.0
0,0,0,0,1754,0.0
1560,0.015879,0,0,0,0
1561,0.01111,0,0,0,0
1562,0.008011,0,0,0,0
1563,0.013876,0,0,0,0
1564,0.01874,0,0,0,0
0,0,0,0,1755,0.0
0,0,0,0,1756,0.0
0,0,0,0,1757,0.0
0,0,0,0,1758,0.0
0,0,0,0,1759,0.0
1565,0.010014,0,0,0,0
1566,0.012589,0,0,0,0
1567,0.008297,0,0,0,0
1568,0.012016,0,0,0,0
1569,0.017405,0,0,0,0
0,0,0,0,1760,0.0
0,0,0,0,1761,0.0
0,0,0,0,1762,0.0
0,0,0,0,1763,0.0
0,0,0,0,1764,0.0
1570,0.013351,0,0,0,0
1571,0.012159,0,0,0,0
1572,0.011015,0,0,0,0
1573,0.012541,0,0,0,0
1574,0.016689,0,0,0,0
0,0,0,0,1765,0.0
0,0,0,0,1766,0.0
0,0,0,0,1767,0.0
0,0,0,0,1768,0.0
0,0,0,0,1769,0.0
1575,0.013971,0,0,0,0
1576,0.010157,0,0,0,0
1577,0.020552,0,0,0,0
1578,0.021315,0,0,0,0
1579,0.015926,0,0,0,0
0,0,0,0,1770,0.0
0,0,0,0,1771,0.0
0,0,0,0,1772,0.0
0,0,0,0,1773,0.0
0,0,0,0,1774,0.0
1580,0.023842,0,0,0,0
1581,0.015736,0,0,0,0
1582,0.017262,0,0,0,0
1583,0.014687,0,0,0,0
1584,0.009489,0,0,0,0
0,0,0,0,1775,0.0
0,0,0,0,1776,0.0
0,0,0,0,1777,0.0
0,0,0,0,1778,0.0
0,0,0,0,1779,0.0
1585,0.011492,0,0,0,0
1586,0.009298,0,0,0,0
1587,0.017405,0,0,0,0
1588,0.025177,0,0,0,0
1589,0.026274,0,0,0,0
0,0,0,0,1780,0.0
0,0,0,0,1781,0.0
0,0,0,0,1782,0.0
0,0,0,0,1783,0.0
0,0,0,0,1784,0.0
1590,0.01235,0,0,0,0
1591,0.020123,0,0,0,0
1592,0.02346,0,0,0,0
1593,0.021744,0,0,0,0
1594,0.019073,0,0,0,0
0,0,0,0,1785,0.0
0,0,0,0,1786,0.0
0,0,0,0,1787,0.0
0,0,0,0,1788,0.0
0,0,0,0,1789,0.0
1595,0.020838,0,0,0,0
1596,0.012159,0,0,0,0
1597,0.015259,0,0,0,0
1598,0.018692,0,0,0,0
1599,0.011683,0,0,0,0
0,0,0,0,1790,0.0
0,0,0,0,1791,0.0
0,0,0,0,1792,0.0
0,0,0,0,1793,0.0
0,0,0,0,1794,0.0
1600,0.020695,0,0,0,0
1601,0.016117,0,0,0,0
1602,0.014019,0,0,0,0
1603,0.009298,0,0,0,0
1604,0.014925,0,0,0,0
0,0,0,0,1795,0.0
0,0,0,0,1796,0.0
0,0,0,0,1797,0.0
0,0,0,0,1798,0.0
0,0,0,0,1799,0.0
1605,0.015593,0,0,0,0
1606,0.013733,0,0,0,0
1607,0.013685,0,0,0,0
1608,0.013781,0,0,0,0
1609,0.013447,0,0,0,0
0,0,0,0,1800,0.0
0,0,0,0,1801,0.0
0,0,0,0,1802,0.0
0,0,0,0,1803,0.0
0,0,0,0,1804,0.0
1610,0.013494,0,0,0,0
1611,0.018597,0,0,0,0
1612,0.011444,0,0,0,0
1613,0.012016,0,0,0,0
1614,0.015306,0,0,0,0
0,0,0,0,1805,0.0
0,0,0,0,1806,0.0
0,0,0,0,1807,0.0
0,0,0,0,1808,0.0
0,0,0,0,1809,0.0
1615,0.009632,0,0,0,0
1616,0.010633,0,0,0,0
1617,0.013542,0,0,0,0
1618,0.01421,0,0,0,0
1619,0.009203,0,0,0,0
0,0,0,0,1810,0.0
0,0,0,0,1811,0.0
0,0,0,0,1812,0.0
0,0,0,0,1813,0.0
0,0,0,0,1814,0.0
1620,0.003386,0,0,0,0
1621,0.00515,0,0,0,0
1622,0.010681,0,0,0,0
1623,0.008678,0,0,0,0
1624,0.002384,0,0,0,0
0,0,0,0,1815,0.0
0,0,0,0,1816,0.0
0,0,0,0,1817,0.0
0,0,0,0,1818,0.0
0,0,0,0,1819,0.0
1625,0.005054,0,0,0,0
1626,0.004721,0,0,0,0
1627,0.007343,0,0,0,0
1628,0.009918,0,0,0,0
1629,0.00267,0,0,0,0
0,0,0,0,1820,0.0
0,0,0,0,1821,0.0
0,0,0,0,1822,0.0
0,0,0,0,1823,0.0
0,0,0,0,1824,0.0
1630,0.015736,0,0,0,0
1631,0.009108,0,0,0,0
1632,-0.000238,0,0,0,0
1633,0.008631,0,0,0,0
1634,0.001335,0,0,0,0
0,0,0,0,1825,0.0
0,0,0,0,1826,0.0
0,0,0,0,1827,0.0
0,0,0,0,1828,0.0
0,0,0,0,1829,0.0
1635,0.011587,0,0,0,0
1636,0.008917,0,0,0,0
1637,0.010252,0,0,0,0
1638,0.019455,0,0,0,0
1639,0.016212,0,0,0,0
0,0,0,0,1830,0.0
0,0,0,0,1831,0.0
0,0,0,0,1832,0.0
0,0,0,0,1833,0.0
0,0,0,0,1834,0.0
1640,0.008059,0,0,0,0
1641,0.014639,0,0,0,0
1642,0.010777,0,0,0,0
1643,0.011587,0,0,0,0
1644,0.013161,0,0,0,0
0,0,0,0,1835,0.0
0,0,0,0,1836,0.0
0,0,0,0,1837,0.0
0,0,0,0,1838,0.0
0,0,0,0,1839,0.0
1645,0.024843,0,0,0,0
1646,0.022268,0,0,0,0
1647,0.024176,0,0,0,0
1648,0.018024,0,0,0,0
1649,0.012493,0,0,0,0
0,0,0,0,1840,0.0
0,0,0,0,1841,0.0
0,0,0,0,1842,0.0
0,0,0,0,1843,0.0
0,0,0,0,1844,0.0
1650,0.028849,0,0,0,0
1651,0.017309,0,0,0,0
1652,0.011396,0,0,0,0
1653,0.016642,0,0,0,0
1654,0.016165,0,0,0,0
0,0,0,0,1845,0.0
0,0,0,0,1846,0.0
0,0,0,0,1847,0.0
0,0,0,0,1848,0.0
0,0,0,0,1849,0.0
1655,0.023651,0,0,0,0
1656,0.019264,0,0,0,0
1657,0.01545,0,0,0,0
1658,0.021553,0,0,0,0
1659,0.017977,0,0,0,0
0,0,0,0,1850,0.0
0,0,0,0,1851,0.0
0,0,0,0,1852,0.0
0,0,0,0,1853,0.0
0,0,0,0,1854,0.0
1660,0.013208,0,0,0,0
1661,0.020933,0,0,0,0
1662,0.014353,0,0,0,0
1663,0.016356,0,0,0,0
1664,0.005627,0,0,0,0
0,0,0,0,1855,0.0
0,0,0,0,1856,0.0
0,0,0,0,1857,0.0
0,0,0,0,1858,0.0
0,0,0,0,1859,0.0
1665,0.022411,0,0,0,0
1666,0.017166,0,0,0,0
1667,0.022268,0,0,0,0
1668,0.015831,0,0,0,0
1669,0.014544,0,0,0,0
0,0,0,0,1860,0.0
0,0,0,0,1861,0.0
0,0,0,0,1862,0.0
0,0,0,0,1863,0.0
0,0,0,0,1864,0.0
1670,0.012827,0,0,0,0
1671,0.020313,0,0,0,0
1672,0.027418,0,0,0,0
1673,0.021744,0,0,0,0
1674,0.010443,0,0,0,0
0,0,0,0,1865,0.0
0,0,0,0,1866,0.0
0,0,0,0,1867,0.0
0,0,0,0,1868,0.0
0,0,0,0,1869,0.0
1675,0.012922,0,0,0,0
1676,0.015163,0,0,0,0
1677,0.023603,0,0,0,0
1678,0.012016,0,0,0,0
1679,0.009584,0,0,0,0
0,0,0,0,1870,0.0
0,0,0,0,1871,0.0
0,0,0,0,1872,0.0
0,0,0,0,1873,0.0
0,0,0,0,1874,0.0
1680,0.011253,0,0,0,0
1681,0.00391,0,0,0,0
1682,0.01111,0,0,0,0
1683,0.013971,0,0,0,0
1684,0.017357,0,0,0,0
0,0,0,0,1875,0.0
0,0,0,0,1876,0.0
0,0,0,0,1877,0.0
0,0,0,0,1878,0.0
0,0,0,0,1879,0.0
1685,0.001907,0,0,0,0
1686,0.005293,0,0,0,0
1687,0.015116,0,0,0,0
1688,0.012445,0,0,0,0
1689,0.006437,0,0,0,0
0,0,0,0,1880,0.0
0,0,0,0,1881,0.0
0,0,0,0,1882,0.0
0,0,0,0,1883,0.0
0,0,0,0,1884,0.0
1690,0.013685,0,0,0,0
1691,0.010538,0,0,0,0
1692,0.006008,0,0,0,0
1693,0.006247,0,0,0,0
1694,0.005484,0,0,0,0
0,0,0,0,1885,0.0
0,0,0,0,1886,0.0
0,0,0,0,1887,0.0
0,0,0,0,1888,0.0
0,0,0,0,1889,0.0
1695,0.014782,0,0,0,0
1696,0.017357,0,0,0,0
1697,0.008774,0,0,0,0
1698,-0.005007,0,0,0,0
1699,-0.000477,0,0,0,0
0,0,0,0,1890,0.0
0,0,0,0,1891,0.0
0,0,0,0,1892,0.0
0,0,0,0,1893,0.0
0,0,0,0,1894,0.0
1700,-0.002575,0,0,0,0
1701,0.001574,0,0,0,0
1702,0.002766,0,0,0,0
1703,0.003242,0,0,0,0
1704,-0.008297,0,0,0,0
0,0,0,0,1895,0.0
0,0,0,0,1896,0.0
0,0,0,0,1897,0.0
0,0,0,0,1898,0.0
0,0,0,0,1899,0.0
1705,0.004721,0,0,0,0
1706,-0.003242,0,0,0,0
1707,-0.000715,0,0,0,0
1708,0.000525,0,0,0,0
1709,0.006151,0,0,0,0
