0,0.105667,0,0,0,0
1,0.125265,0,0,0,0
2,0.134563,0,0,0,0
3,0.109291,0,0,0,0
4,0.099468,0,0,0,0
5,0.10376,0,0,0,0
6,0.119162,0,0,0,0
7,0.099754,0,0,0,0
8,0.109577,0,0,0,0
9,0.129318,0,0,0,0
10,0.127077,0,0,0,0
11,0.13442,0,0,0,0
12,0.135469,0,0,0,0
13,0.101948,0,0,0,0
14,0.116873,0,0,0,0
15,0.107861,0,0,0,0
16,0.131035,0,0,0,0
17,0.119305,0,0,0,0
18,0.122356,0,0,0,0
19,0.118685,0,0,0,0
20,0.134945,0,0,0,0
21,0.10314,0,0,0,0
22,0.114918,0,0,0,0
23,0.110102,0,0,0,0
24,0.116014,0,0,0,0
25,0.091457,0,0,0,0
26,0.085831,0,0,0,0
27,0.106621,0,0,0,0
28,0.118589,0,0,0,0
29,0.117922,0,0,0,0
30,0.105047,0,0,0,0
31,0.093985,0,0,0,0
32,0.104618,0,0,0,0
33,0.106764,0,0,0,0
34,0.098991,0,0,0,0
35,0.088549,0,0,0,0
36,0.097609,0,0,0,0
37,0.107479,0,0,0,0
38,0.099611,0,0,0,0
39,0.102329,0,0,0,0
40,0.095129,0,0,0,0
41,0.084209,0,0,0,0
42,0.101519,0,0,0,0
43,0.104475,0,0,0,0
44,0.093365,0,0,0,0
45,0.099802,0,0,0,0
46,0.089931,0,0,0,0
47,0.092125,0,0,0,0
48,0.099659,0,0,0,0
49,0.096512,0,0,0,0
50,0.088072,0,0,0,0
51,0.078821,0,0,0,0
52,0.079346,0,0,0,0
53,0.071526,0,0,0,0
54,0.077105,0,0,0,0
55,0.07844,0,0,0,0
56,0.077677,0,0,0,0
57,0.081301,0,0,0,0
58,0.083017,0,0,0,0
59,0.083637,0,0,0,0
60,0.067234,0,0,0,0
61,0.060987,0,0,0,0
62,0.063753,0,0,0,0
63,0.064468,0,0,0,0
64,0.067902,0,0,0,0
65,0.067949,0,0,0,0
66,0.072479,0,0,0,0
67,0.07019,0,0,0,0
68,0.063562,0,0,0,0
69,0.062752,0,0,0,0
70,0.060225,0,0,0,0
71,0.064707,0,0,0,0
72,0.06237,0,0,0,0
73,0.064659,0,0,0,0
74,0.065374,0,0,0,0
75,0.059795,0,0,0,0
76,0.055552,0,0,0,0
77,0.056028,0,0,0,0
78,0.060081,0,0,0,0
79,0.056648,0,0,0,0
80,0.058556,0,0,0,0
81,0.065899,0,0,0,0
82,0.065708,0,0,0,0
83,0.057983,0,0,0,0
84,0.056505,0,0,0,0
85,0.054693,0,0,0,0
86,0.05579,0,0,0,0
87,0.05374,0,0,0,0
88,0.052452,0,0,0,0
89,0.054312,0,0,0,0
90,0.054646,0,0,0,0
91,0.058794,0,0,0,0
92,0.061035,0,0,0,0
93,0.051117,0,0,0,0
94,0.047064,0,0,0,0
95,0.05331,0,0,0,0
96,0.053692,0,0,0,0
97,0.053883,0,0,0,0
98,0.059414,0,0,0,0
99,0.05703,0,0,0,0
100,0.052786,0,0,0,0
101,0.053644,0,0,0,0
102,0.056362,0,0,0,0
103,0.056028,0,0,0,0
104,0.057983,0,0,0,0
105,0.056744,0,0,0,0
106,0.054264,0,0,0,0
107,0.051355,0,0,0,0
108,0.057268,0,0,0,0
109,0.055981,0,0,0,0
110,0.055265,0,0,0,0
111,0.056553,0,0,0,0
112,0.057077,0,0,0,0
113,0.055695,0,0,0,0
114,0.055838,0,0,0,0
115,0.054455,0,0,0,0
116,0.054264,0,0,0,0
117,0.054073,0,0,0,0
118,0.053358,0,0,0,0
119,0.057793,0,0,0,0
120,0.057125,0,0,0,0
121,0.054026,0,0,0,0
122,0.056505,0,0,0,0
123,0.054741,0,0,0,0
124,0.052357,0,0,0,0
125,0.042057,0,0,0,0
126,0.036335,0,0,0,0
127,0.039721,0,0,0,0
128,0.043249,0,0,0,0
129,0.041342,0,0,0,0
130,0.04735,0,0,0,0
131,0.046062,0,0,0,0
132,0.041962,0,0,0,0
133,0.041485,0,0,0,0
134,0.039864,0,0,0,0
135,0.037909,0,0,0,0
136,0.039816,0,0,0,0
137,0.043201,0,0,0,0
138,0.03624,0,0,0,0
139,0.033379,0,0,0,0
140,0.034475,0,0,0,0
141,0.030041,0,0,0,0
142,0.027657,0,0,0,0
143,0.029898,0,0,0,0
144,0.029278,0,0,0,0
145,0.033283,0,0,0,0
146,0.041533,0,0,0,0
147,0.031805,0,0,0,0
148,0.023603,0,0,0,0
149,0.026846,0,0,0,0
150,0.031853,0,0,0,0
151,0.027084,0,0,0,0
152,0.028706,0,0,0,0
153,0.032187,0,0,0,0
154,0.033092,0,0,0,0
155,0.029182,0,0,0,0
156,0.030708,0,0,0,0
157,0.029564,0,0,0,0
158,0.026703,0,0,0,0
159,0.025129,0,0,0,0
160,0.026798,0,0,0,0
161,0.028515,0,0,0,0
162,0.026608,0,0,0,0
163,0.023556,0,0,0,0
164,0.022364,0,0,0,0
165,0.027227,0,0,0,0
166,0.031519,0,0,0,0
167,0.033045,0,0,0,0
168,0.028992,0,0,0,0
169,0.027418,0,0,0,0
170,0.016308,0,0,0,0
171,0.01874,0,0,0,0
172,0.023127,0,0,0,0
173,0.02327,0,0,0,0
174,0.019884,0,0,0,0
175,0.015163,0,0,0,0
176,0.015259,0,0,0,0
177,0.019979,0,0,0,0
178,0.017023,0,0,0,0
179,0.015068,0,0,0,0
180,0.018215,0,0,0,0
181,0.01955,0,0,0,0
182,0.020981,0,0,0,0
183,0.021029,0,0,0,0
184,0.022078,0,0,0,0
185,0.017166,0,0,0,0
186,0.018358,0,0,0,0
187,0.023413,0,0,0,0
188,0.022364,0,0,0,0
189,0.017309,0,0,0,0
190,0.017548,0,0,0,0
191,0.014305,0,0,0,0
192,0.018454,0,0,0,0
193,0.019407,0,0,0,0
194,0.016975,0,0,0,0
195,0.014544,0,0,0,0
196,0.007343,0,0,0,0
197,0.012159,0,0,0,0
198,0.011826,0,0,0,0
199,0.018263,0,0,0,0
200,0.01688,0,0,0,0
201,0.019646,0,0,0,0
202,0.019646,0,0,0,0
203,0.017405,0,0,0,0
204,0.017405,0,0,0,0
205,0.01545,0,0,0,0
206,0.013971,0,0,0,0
207,0.011921,0,0,0,0
208,0.018167,0,0,0,0
209,0.021553,0,0,0,0
210,0.020885,0,0,0,0
211,0.021744,0,0,0,0
212,0.017738,0,0,0,0
213,0.013828,0,0,0,0
214,0.017834,0,0,0,0
215,0.00844,0,0,0,0
216,0.008631,0,0,0,0
217,0.011683,0,0,0,0
218,0.008249,0,0,0,0
219,0.008678,0,0,0,0
220,0.00596,0,0,0,0
221,0.005579,0,0,0,0
222,0.006628,0,0,0,0
223,0.00391,0,0,0,0
224,0.004959,0,0,0,0
225,0.007486,0,0,0,0
226,0.008678,0,0,0,0
227,0.006533,0,0,0,0
228,0.006628,0,0,0,0
229,0.006008,0,0,0,0
230,0.005627,0,0,0,0
231,0.002432,0,0,0,0
232,0.003242,0,0,0,0
233,0.005198,0,0,0,0
234,0.007725,0,0,0,0
235,0.009012,0,0,0,0
236,0.009489,0,0,0,0
237,0.007963,0,0,0,0
238,0.011206,0,0,0,0
239,0.014591,0,0,0,0
240,0.013733,0,0,0,0
241,0.011492,0,0,0,0
242,0.008059,0,0,0,0
243,0.007439,0,0,0,0
244,0.011349,0,0,0,0
245,0.008583,0,0,0,0
246,0.00782,0,0,0,0
247,0.012493,0,0,0,0
248,0.017452,0,0,0,0
249,0.016022,0,0,0,0
250,0.011635,0,0,0,0
251,0.007439,0,0,0,0
252,0.014257,0,0,0,0
253,0.01502,0,0,0,0
254,0.010204,0,0,0,0
255,0.013208,0,0,0,0
256,0.014305,0,0,0,0
257,0.009108,0,0,0,0
258,0.004387,0,0,0,0
259,0.009584,0,0,0,0
260,0.00658,0,0,0,0
261,0.005245,0,0,0,0
262,0.00701,0,0,0,0
263,0.003004,0,0,0,0
264,0.001955,0,0,0,0
265,0.010014,0,0,0,0
266,0.008202,0,0,0,0
267,0.008726,0,0,0,0
268,0.008392,0,0,0,0
269,0.00658,0,0,0,0
270,0.012016,0,0,0,0
271,0.012779,0,0,0,0
272,0.008488,0,0,0,0
273,0.010967,0,0,0,0
274,0.01483,0,0,0,0
275,0.010061,0,0,0,0
276,0.0144,0,0,0,0
277,0.016165,0,0,0,0
278,0.014734,0,0,0,0
279,0.014782,0,0,0,0
280,0.013065,0,0,0,0
281,0.015545,0,0,0,0
282,0.014114,0,0,0,0
283,0.009775,0,0,0,0
284,0.013351,0,0,0,0
285,0.018024,0,0,0,0
286,0.010824,0,0,0,0
287,0.007725,0,0,0,0
288,0.012016,0,0,0,0
289,0.016689,0,0,0,0
290,0.012636,0,0,0,0
291,0.006723,0,0,0,0
292,0.012445,0,0,0,0
293,0.015593,0,0,0,0
294,0.008965,0,0,0,0
295,0.007534,0,0,0,0
296,0.010967,0,0,0,0
297,0.012875,0,0,0,0
298,0.010443,0,0,0,0
299,0.010729,0,0,0,0
300,0.004768,0,0,0,0
301,0.01173,0,0,0,0
302,0.013113,0,0,0,0
303,0.008631,0,0,0,0
304,0.009775,0,0,0,0
305,0.018167,0,0,0,0
306,0.015974,0,0,0,0
307,0.012398,0,0,0,0
308,0.009537,0,0,0,0
309,0.009537,0,0,0,0
310,0.013113,0,0,0,0
311,0.016403,0,0,0,0
312,0.016308,0,0,0,0
313,0.013208,0,0,0,0
314,0.016689,0,0,0,0
315,0.016642,0,0,0,0
316,0.018072,0,0,0,0
317,0.013161,0,0,0,0
318,0.014734,0,0,0,0
319,0.018454,0,0,0,0
320,0.019026,0,0,0,0
321,0.016642,0,0,0,0
322,0.017166,0,0,0,0
323,0.020552,0,0,0,0
324,0.025749,0,0,0,0
325,0.018597,0,0,0,0
326,0.022316,0,0,0,0
327,0.021935,0,0,0,0
328,0.018787,0,0,0,0
329,0.017834,0,0,0,0
330,0.023413,0,0,0,0
331,0.024366,0,0,0,0
332,0.024843,0,0,0,0
333,0.024319,0,0,0,0
334,0.028515,0,0,0,0
335,0.025129,0,0,0,0
336,0.024891,0,0,0,0
337,0.025845,0,0,0,0
338,0.020695,0,0,0,0
339,0.020027,0,0,0,0
340,0.026369,0,0,0,0
341,0.028849,0,0,0,0
342,0.030422,0,0,0,0
343,0.030184,0,0,0,0
344,0.02718,0,0,0,0
345,0.025511,0,0,0,0
346,0.025463,0,0,0,0
347,0.023699,0,0,0,0
348,0.020313,0,0,0,0
349,0.022316,0,0,0,0
350,0.019169,0,0,0,0
351,0.019598,0,0,0,0
352,0.02079,0,0,0,0
353,0.019264,0,0,0,0
354,0.018072,0,0,0,0
355,0.018597,0,0,0,0
356,0.020838,0,0,0,0
357,0.020123,0,0,0,0
358,0.018644,0,0,0,0
359,0.017405,0,0,0,0
360,0.008917,0,0,0,0
361,0.012255,0,0,0,0
362,0.014257,0,0,0,0
363,0.011778,0,0,0,0
364,0.008011,0,0,0,0
365,0.013876,0,0,0,0
366,0.006628,0,0,0,0
367,0.008106,0,0,0,0
368,0.011063,0,0,0,0
369,0.010538,0,0,0,0
370,0.009823,0,0,0,0
371,0.005674,0,0,0,0
372,0.005579,0,0,0,0
373,0.004816,0,0,0,0
374,0.006628,0,0,0,0
375,0.000238,0,0,0,0
376,0.005436,0,0,0,0
377,0.001478,0,0,0,0
378,-0.004101,0,0,0,0
379,0.001383,0,0,0,0
380,-0.003529,0,0,0,0
381,-0.006199,0,0,0,0
382,-0.006056,0,0,0,0
383,-0.002384,0,0,0,0
384,-0.00124,0,0,0,0
385,-0.009537,0,0,0,0
386,-0.007057,0,0,0,0
387,0.000477,0,0,0,0
388,0.000191,0,0,0,0
389,0.000238,0,0,0,0
390,-0.008106,0,0,0,0
391,-0.004053,0,0,0,0
392,-0.003147,0,0,0,0
393,-0.004673,0,0,0,0
394,-0.00453,0,0,0,0
395,-0.005722,0,0,0,0
396,-0.008059,0,0,0,0
397,-0.000143,0,0,0,0
398,-0.004673,0,0,0,0
399,-0.006151,0,0,0,0
400,-0.005198,0,0,0,0
401,-0.003099,0,0,0,0
402,-0.003672,0,0,0,0
403,-0.000811,0,0,0,0
404,0.00124,0,0,0,0
405,-0.004292,0,0,0,0
406,0.001001,0,0,0,0
407,0.002241,0,0,0,0
408,-0.002337,0,0,0,0
409,-0.005817,0,0,0,0
410,0.005579,0,0,0,0
411,-0.000763,0,0,0,0
412,-0.005484,0,0,0,0
413,-0.001669,0,0,0,0
414,-0.003386,0,0,0,0
415,-0.000668,0,0,0,0
416,-0.002575,0,0,0,0
417,-0.003338,0,0,0,0
418,-0.001717,0,0,0,0
419,-0.001669,0,0,0,0
420,-0.003195,0,0,0,0
421,-0.001431,0,0,0,0
422,-0.003004,0,0,0,0
423,-0.004053,0,0,0,0
424,-0.006723,0,0,0,0
425,-0.001383,0,0,0,0
426,0.0,0,0,0,0
427,-0.002337,0,0,0,0
428,-0.004005,0,0,0,0
429,-0.001097,0,0,0,0
430,0.001431,0,0,0,0
431,-0.001287,0,0,0,0
432,-0.001383,0,0,0,0
433,-0.005293,0,0,0,0
434,-0.005007,0,0,0,0
435,0.003338,0,0,0,0
436,0.001287,0,0,0,0
437,0.005341,0,0,0,0
438,0.002432,0,0,0,0
439,0.004101,0,0,0,0
440,0.021315,0,0,0,0
441,0.020409,0,0,0,0
442,0.019979,0,0,0,0
443,0.022459,0,0,0,0
444,0.022745,0,0,0,0
445,0.022173,0,0,0,0
446,0.021744,0,0,0,0
447,0.016499,0,0,0,0
448,0.01812,0,0,0,0
449,0.020838,0,0,0,0
450,0.019264,0,0,0,0
451,0.015783,0,0,0,0
452,0.016165,0,0,0,0
453,0.015545,0,0,0,0
454,0.015974,0,0,0,0
455,0.019979,0,0,0,0
456,0.019407,0,0,0,0
457,0.018406,0,0,0,0
458,0.017357,0,0,0,0
459,0.015974,0,0,0,0
460,0.018787,0,0,0,0
461,0.016165,0,0,0,0
462,0.012589,0,0,0,0
463,0.014877,0,0,0,0
464,0.017738,0,0,0,0
465,0.011301,0,0,0,0
466,0.011969,0,0,0,0
467,0.012636,0,0,0,0
468,0.013018,0,0,0,0
469,0.013447,0,0,0,0
470,0.018597,0,0,0,0
471,0.018215,0,0,0,0
472,0.014496,0,0,0,0
473,0.015068,0,0,0,0
474,0.009871,0,0,0,0
475,0.014496,0,0,0,0
476,0.015163,0,0,0,0
477,0.011253,0,0,0,0
478,0.013971,0,0,0,0
479,0.014353,0,0,0,0
480,0.014782,0,0,0,0
481,0.016928,0,0,0,0
482,0.01483,0,0,0,0
483,0.011301,0,0,0,0
484,0.011444,0,0,0,0
485,0.003672,0,0,0,0
486,0.011063,0,0,0,0
487,0.014305,0,0,0,0
488,0.016928,0,0,0,0
489,0.01626,0,0,0,0
490,0.015306,0,0,0,0
491,0.010777,0,0,0,0
492,0.010395,0,0,0,0
493,0.008488,0,0,0,0
494,0.00701,0,0,0,0
495,0.011444,0,0,0,0
496,0.009966,0,0,0,0
497,0.010109,0,0,0,0
498,0.0103,0,0,0,0
499,0.005722,0,0,0,0
500,0.01235,0,0,0,0
501,0.009537,0,0,0,0
502,0.002384,0,0,0,0
503,0.002766,0,0,0,0
504,0.009489,0,0,0,0
505,0.010014,0,0,0,0
506,0.006342,0,0,0,0
507,0.009298,0,0,0,0
508,0.009918,0,0,0,0
509,0.011969,0,0,0,0
510,0.01092,0,0,0,0
511,0.00906,0,0,0,0
512,0.010157,0,0,0,0
513,0.007915,0,0,0,0
514,0.006247,0,0,0,0
515,-0.001526,0,0,0,0
516,0.003099,0,0,0,0
517,-0.00186,0,0,0,0
518,-0.002766,0,0,0,0
519,-0.002623,0,0,0,0
520,-0.000477,0,0,0,0
521,-0.003672,0,0,0,0
522,-0.001144,0,0,0,0
523,-0.001335,0,0,0,0
524,0.000191,0,0,0,0
525,-0.002289,0,0,0,0
526,-0.001001,0,0,0,0
527,0.002527,0,0,0,0
528,0.000143,0,0,0,0
529,-0.001287,0,0,0,0
530,0.003481,0,0,0,0
531,0.00205,0,0,0,0
532,0.005293,0,0,0,0
533,0.00391,0,0,0,0
534,0.003958,0,0,0,0
535,0.008821,0,0,0,0
536,0.008726,0,0,0,0
537,0.008106,0,0,0,0
538,0.011587,0,0,0,0
539,0.011206,0,0,0,0
540,0.002289,0,0,0,0
541,0.008583,0,0,0,0
542,0.010395,0,0,0,0
543,0.011301,0,0,0,0
544,0.012779,0,0,0,0
545,0.012875,0,0,0,0
546,0.00658,0,0,0,0
547,0.008965,0,0,0,0
548,0.006437,0,0,0,0
549,0.007248,0,0,0,0
550,0.009632,0,0,0,0
551,0.004864,0,0,0,0
552,-0.00124,0,0,0,0
553,-0.001097,0,0,0,0
554,-0.002098,0,0,0,0
555,-0.000572,0,0,0,0
556,-0.001764,0,0,0,0
557,-0.002956,0,0,0,0
558,-0.004053,0,0,0,0
559,-0.000477,0,0,0,0
560,0.001907,0,0,0,0
561,-0.001907,0,0,0,0
562,-0.003338,0,0,0,0
563,-0.001287,0,0,0,0
564,-0.007057,0,0,0,0
565,-0.003195,0,0,0,0
566,-0.007915,0,0,0,0
567,-0.004816,0,0,0,0
568,-0.005007,0,0,0,0
569,-0.008202,0,0,0,0
570,-0.007725,0,0,0,0
571,-0.00453,0,0,0,0
572,-0.000429,0,0,0,0
573,-0.00515,0,0,0,0
574,-0.000715,0,0,0,0
575,0.003242,0,0,0,0
576,0.002623,0,0,0,0
577,-0.004625,0,0,0,0
578,-0.00968,0,0,0,0
579,-0.019169,0,0,0,0
580,0.012159,0,0,0,0
581,0.021029,0,0,0,0
582,0.00639,0,0,0,0
583,-0.014973,0,0,0,0
584,-0.039387,0,0,0,0
585,0.049114,0,0,0,0
586,0.026178,0,0,0,0
587,0.047207,0,0,0,0
588,0.057602,0,0,0,0
589,-0.020742,0,0,0,0
590,0.024843,0,0,0,0
591,0.012302,0,0,0,0
592,0.004959,0,0,0,0
593,0.004864,0,0,0,0
594,-0.012493,0,0,0,0
595,-0.01545,0,0,0,0
596,-0.017738,0,0,0,0
597,0.011969,0,0,0,0
598,-0.009918,0,0,0,0
599,-0.013065,0,0,0,0
600,-0.024509,0,0,0,0
601,-0.016928,0,0,0,0
602,0.015926,0,0,0,0
603,-0.0175,0,0,0,0
604,-0.069189,0,0,0,0
605,-0.019217,0,0,0,0
606,-0.066805,0,0,0,0
607,-0.008774,0,0,0,0
608,-0.013685,0,0,0,0
609,-0.002241,0,0,0,0
610,0.005436,0,0,0,0
611,-0.049114,0,0,0,0
612,-0.080395,0,0,0,0
613,-0.073719,0,0,0,0
614,-0.054264,0,0,0,0
615,-0.099611,0,0,0,0
616,0.00391,0,0,0,0
617,0.067186,0,0,0,0
618,0.033474,0,0,0,0
619,-0.089264,0,0,0,0
620,-0.040197,0,0,0,0
621,-0.094748,0,0,0,0
622,0.047255,0,0,0,0
623,0.012493,0,0,0,0
624,-0.048923,0,0,0,0
625,-0.112629,0,0,0,0
626,0.030375,0,0,0,0
627,-0.045443,0,0,0,0
628,0.036287,0,0,0,0
629,-0.066662,0,0,0,0
630,0.001717,0,0,0,0
631,-0.056219,0,0,0,0
632,0.27051,0,0,0,0
633,0.509739,0,0,0,0
634,-0.088692,0,0,0,0
635,0.129271,0,0,0,0
636,0.192928,0,0,0,0
637,-0.135708,0,0,0,0
638,-0.211811,0,0,0,0
639,-0.371408,0,0,0,0
640,0.251007,0,0,0,0
641,0.016499,0,0,0,0
642,-0.021839,0,0,0,0
643,-0.197172,0,0,0,0
644,-0.341415,0,0,0,0
645,0.2069,0,0,0,0
646,-0.227594,0,0,0,0
647,-0.232029,0,0,0,0
648,0.165892,0,0,0,0
649,-0.098372,0,0,0,0
650,-0.512648,0,0,0,0
651,-0.841236,0,0,0,0
652,-0.016356,0,0,0,0
653,-0.270462,0,0,0,0
654,0.483131,0,0,0,0
655,-0.055742,0,0,0,0
656,-0.12579,0,0,0,0
657,0.473404,0,0,0,0
658,0.070906,0,0,0,0
659,-0.623846,0,0,0,0
660,-0.345373,0,0,0,0
661,0.182724,0,0,0,0
662,-0.618315,0,0,0,0
663,0.318098,0,0,0,0
664,0.607967,0,0,0,0
665,0.145149,0,0,0,0
666,-0.133133,0,0,0,0
667,-0.327492,0,0,0,0
668,-0.21987,0,0,0,0
669,0.288677,0,0,0,0
670,0.546885,0,0,0,0
671,0.048113,0,0,0,0
672,-0.775719,0,0,0,0
673,-0.198317,0,0,0,0
674,0.437832,0,0,0,0
675,-0.446033,0,0,0,0
676,-0.191259,0,0,0,0
677,0.794268,0,0,0,0
678,-0.305557,0,0,0,0
679,-0.186443,0,0,0,0
680,0.571489,0,0,0,0
681,-0.187826,0,0,0,0
682,-0.204563,0,0,0,0
683,-0.443745,0,0,0,0
684,-0.349855,0,0,0,0
685,-0.669718,0,0,0,0
686,-0.10848,0,0,0,0
687,-0.078058,0,0,0,0
688,-0.050831,0,0,0,0
689,-0.238514,0,0,0,0
690,-0.344706,0,0,0,0
691,0.298214,0,0,0,0
692,-0.630856,0,0,0,0
693,-0.643873,0,0,0,0
694,-0.115633,0,0,0,0
695,-0.470781,0,0,0,0
696,-0.296545,0,0,0,0
697,0.374174,0,0,0,0
698,-0.569916,0,0,0,0
699,0.301075,0,0,0,0
700,-0.102377,0,0,0,0
701,-0.421381,0,0,0,0
702,0.147009,0,0,0,0
703,-0.572014,0,0,0,0
704,-0.031519,0,0,0,0
705,-0.114679,0,0,0,0
706,-0.165224,0,0,0,0
707,-0.154829,0,0,0,0
708,-0.187683,0,0,0,0
709,-0.220108,0,0,0,0
710,-0.328541,0,0,0,0
711,-0.330114,0,0,0,0
712,-0.11673,0,0,0,0
713,0.169897,0,0,0,0
714,-0.460911,0,0,0,0
715,-0.406408,0,0,0,0
716,-0.055599,0,0,0,0
717,0.050306,0,0,0,0
718,-0.255203,0,0,0,0
719,-0.13175,0,0,0,0
720,-0.251913,0,0,0,0
721,-0.318575,0,0,0,0
722,-0.175047,0,0,0,0
723,-0.038433,0,0,0,0
724,0.054884,0,0,0,0
725,-0.081205,0,0,0,0
726,-0.058937,0,0,0,0
727,-0.150204,0,0,0,0
728,-0.237036,0,0,0,0
729,-0.143719,0,0,0,0
0,0,0,32.846133,0,0
0,0,1,41.79279,0,0
0,0,2,49.433112,0,0
0,0,3,53.508083,0,0
0,0,4,53.651134,0,0
0,0,5,51.745772,0,0
0,0,6,50.254663,0,0
0,0,7,50.065915,0,0
0,0,8,50.280492,0,0
0,0,9,50.271551,0,0
0,0,10,50.200025,0,0
0,0,11,50.171216,0,0
0,0,12,50.149361,0,0
0,0,13,50.126513,0,0
0,0,14,50.106645,0,0
0,0,15,50.082803,0,0
0,0,16,50.049027,0,0
0,0,17,50.016244,0,0
0,0,18,49.979488,0,0
0,0,19,49.946706,0,0
0,0,20,49.909949,0,0
0,0,21,49.884121,0,0
0,0,22,49.870213,0,0
0,0,23,49.873193,0,0
0,0,24,49.883127,0,0
0,0,25,49.899022,0,0
0,0,26,49.914916,0,0
0,0,27,49.928824,0,0
0,0,28,49.930811,0,0
0,0,29,49.931804,0,0
0,0,30,49.938758,0,0
0,0,31,49.950679,0,0
0,0,32,49.96558,0,0
0,0,33,49.982468,0,0
0,0,34,50.005317,0,0
0,0,35,50.024192,0,0
0,0,36,50.036112,0,0
0,0,37,50.032139,0,0
0,0,38,50.016244,0,0
0,0,39,49.990416,0,0
0,0,40,49.954653,0,0
0,0,41,49.913923,0,0
0,0,42,49.870213,0,0
0,0,43,49.829483,0,0
0,0,44,49.799681,0,0
0,0,45,49.783786,0,0
0,0,46,49.783786,0,0
0,0,47,49.788753,0,0
0,0,48,49.802661,0,0
0,0,49,49.811602,0,0
0,0,50,49.823523,0,0
0,0,51,49.832463,0,0
0,0,52,49.83445,0,0
0,0,53,49.818556,0,0
0,0,54,49.792727,0,0
0,0,55,49.762925,0,0
0,0,56,49.739083,0,0
0,0,57,49.726168,0,0
0,0,58,49.728155,0,0
0,0,59,49.741069,0,0
0,0,60,49.768885,0,0
0,0,61,49.795707,0,0
0,0,62,49.818556,0,0
0,0,63,49.832463,0,0
0,0,64,49.83743,0,0
0,0,65,49.842397,0,0
0,0,66,49.850345,0,0
0,0,67,49.863259,0,0
0,0,68,49.87816,0,0
0,0,69,49.889088,0,0
0,0,70,49.892068,0,0
0,0,71,49.889088,0,0
0,0,72,49.880147,0,0
0,0,73,49.873193,0,0
0,0,74,49.865246,0,0
0,0,75,49.858292,0,0
0,0,76,49.850345,0,0
0,0,77,49.845378,0,0
0,0,78,49.838424,0,0
0,0,79,49.83147,0,0
0,0,80,49.827496,0,0
0,0,81,49.826503,0,0
0,0,82,49.826503,0,0
0,0,83,49.832463,0,0
0,0,84,49.83743,0,0
0,0,85,49.844384,0,0
0,0,86,49.848358,0,0
0,0,87,49.855312,0,0
0,0,88,49.857299,0,0
0,0,89,49.857299,0,0
0,0,90,49.854318,0,0
0,0,91,49.850345,0,0
0,0,92,49.842397,0,0
0,0,93,49.839417,0,0
0,0,94,49.83743,0,0
0,0,95,49.836437,0,0
0,0,96,49.840411,0,0
0,0,97,49.845378,0,0
0,0,98,49.848358,0,0
0,0,99,49.851338,0,0
0,0,100,49.853325,0,0
0,0,101,49.857299,0,0
0,0,102,49.860279,0,0
0,0,103,49.857299,0,0
0,0,104,49.856305,0,0
0,0,105,49.857299,0,0
0,0,106,49.858292,0,0
0,0,107,49.863259,0,0
0,0,108,49.868226,0,0
0,0,109,49.8722,0,0
0,0,110,49.87816,0,0
0,0,111,49.88114,0,0
0,0,112,49.882134,0,0
0,0,113,49.882134,0,0
0,0,114,49.882134,0,0
0,0,115,49.88114,0,0
0,0,116,49.866239,0,0
0,0,117,49.859285,0,0
0,0,118,49.854318,0,0
0,0,119,49.851338,0,0
0,0,120,49.850345,0,0
0,0,121,49.849351,0,0
0,0,122,49.850345,0,0
0,0,123,49.850345,0,0
0,0,124,49.852331,0,0
0,0,125,49.849351,0,0
0,0,126,49.846371,0,0
0,0,127,49.844384,0,0
0,0,128,49.842397,0,0
0,0,129,49.844384,0,0
0,0,130,49.841404,0,0
0,0,131,49.842397,0,0
0,0,132,49.844384,0,0
0,0,133,49.844384,0,0
0,0,134,49.846371,0,0
0,0,135,49.852331,0,0
0,0,136,49.851338,0,0
0,0,137,49.855312,0,0
0,0,138,49.856305,0,0
0,0,139,49.859285,0,0
0,0,140,49.858292,0,0
0,0,141,49.857299,0,0
0,0,142,49.854318,0,0
0,0,143,49.852331,0,0
0,0,144,49.848358,0,0
0,0,145,49.844384,0,0
0,0,146,49.844384,0,0
0,0,147,49.845378,0,0
0,0,148,49.846371,0,0
0,0,149,49.844384,0,0
0,0,150,49.844384,0,0
0,0,151,49.841404,0,0
0,0,152,49.838424,0,0
0,0,153,49.83445,0,0
0,0,154,49.832463,0,0
0,0,155,49.83147,0,0
0,0,156,49.82849,0,0
0,0,157,49.82849,0,0
0,0,158,49.829483,0,0
0,0,159,49.82849,0,0
0,0,160,49.830476,0,0
0,0,161,49.82849,0,0
0,0,162,49.829483,0,0
0,0,163,49.832463,0,0
0,0,164,49.83445,0,0
0,0,165,49.832463,0,0
0,0,166,49.83147,0,0
0,0,167,49.82849,0,0
0,0,168,49.82849,0,0
0,0,169,49.826503,0,0
0,0,170,49.827496,0,0
0,0,171,49.82849,0,0
0,0,172,49.832463,0,0
0,0,173,49.833457,0,0
0,0,174,49.833457,0,0
0,0,175,49.835443,0,0
0,0,176,49.836437,0,0
0,0,177,49.835443,0,0
0,0,178,49.839417,0,0
0,0,179,49.842397,0,0
0,0,180,49.845378,0,0
0,0,181,49.847364,0,0
0,0,182,49.851338,0,0
0,0,183,49.852331,0,0
0,0,184,49.851338,0,0
0,0,185,49.849351,0,0
0,0,186,49.844384,0,0
0,0,187,49.844384,0,0
0,0,188,49.844384,0,0
0,0,189,49.842397,0,0
0,0,190,49.842397,0,0
0,0,191,49.844384,0,0
0,0,192,49.842397,0,0
0,0,193,49.843391,0,0
0,0,194,49.843391,0,0
0,0,195,49.841404,0,0
0,0,196,49.839417,0,0
0,0,197,49.83445,0,0
0,0,198,49.835443,0,0
0,0,199,49.835443,0,0
0,0,200,49.83445,0,0
0,0,201,49.83147,0,0
0,0,202,49.82849,0,0
0,0,203,49.825509,0,0
0,0,204,49.822529,0,0
0,0,205,49.820542,0,0
0,0,206,49.818556,0,0
0,0,207,49.817562,0,0
0,0,208,49.823523,0,0
0,0,209,49.826503,0,0
0,0,210,49.830476,0,0
0,0,211,49.82849,0,0
730,-0.136662,0,0,0,0
731,-0.220919,0,0,0,0
732,0.02594,0,0,0,0
733,-0.141096,0,0,0,0
734,-0.197983,0,0,0,0
735,0.021219,0,0,0,0
736,0.142765,0,0,0,0
737,-0.172901,0,0,0,0
738,-0.197172,0,0,0,0
739,-0.149775,0,0,0,0
740,0.282669,0,0,0,0
741,0.277567,0,0,0,0
742,0.277328,0,0,0,0
743,0.273895,0,0,0,0
744,0.272417,0,0,0,0
745,0.234461,0,0,0,0
746,0.237036,0,0,0,0
747,0.234842,0,0,0,0
748,0.232315,0,0,0,0
749,0.228882,0,0,0,0
750,0.203276,0,0,0,0
751,0.201368,0,0,0,0
752,0.200129,0,0,0,0
753,0.200701,0,0,0,0
754,0.200891,0,0,0,0
755,0.180483,0,0,0,0
756,0.179625,0,0,0,0
757,0.179768,0,0,0,0
758,0.177479,0,0,0,0
759,0.174761,0,0,0,0
760,0.161123,0,0,0,0
761,0.162077,0,0,0,0
762,0.160217,0,0,0,0
763,0.157261,0,0,0,0
764,0.154781,0,0,0,0
765,0.141811,0,0,0,0
766,0.135899,0,0,0,0
767,0.136662,0,0,0,0
768,0.13504,0,0,0,0
769,0.132799,0,0,0,0
770,0.121355,0,0,0,0
771,0.119734,0,0,0,0
772,0.118446,0,0,0,0
773,0.116396,0,0,0,0
774,0.115395,0,0,0,0
775,0.105858,0,0,0,0
776,0.106096,0,0,0,0
777,0.10047,0,0,0,0
778,0.098705,0,0,0,0
779,0.101376,0,0,0,0
780,0.094843,0,0,0,0
781,0.090504,0,0,0,0
782,0.093937,0,0,0,0
783,0.093508,0,0,0,0
784,0.091791,0,0,0,0
785,0.083828,0,0,0,0
786,0.082588,0,0,0,0
787,0.082731,0,0,0,0
788,0.08316,0,0,0,0
789,0.083494,0,0,0,0
790,0.077629,0,0,0,0
791,0.077534,0,0,0,0
792,0.075245,0,0,0,0
793,0.078011,0,0,0,0
794,0.075722,0,0,0,0
795,0.073576,0,0,0,0
796,0.071716,0,0,0,0
797,0.072956,0,0,0,0
798,0.075197,0,0,0,0
799,0.070286,0,0,0,0
800,0.068092,0,0,0,0
801,0.067234,0,0,0,0
802,0.06566,0,0,0,0
803,0.065804,0,0,0,0
804,0.064754,0,0,0,0
805,0.063467,0,0,0,0
806,0.063515,0,0,0,0
807,0.063133,0,0,0,0
808,0.061512,0,0,0,0
809,0.061607,0,0,0,0
810,0.061321,0,0,0,0
811,0.062037,0,0,0,0
812,0.059271,0,0,0,0
813,0.059843,0,0,0,0
814,0.062799,0,0,0,0
815,0.063848,0,0,0,0
816,0.064182,0,0,0,0
817,0.06423,0,0,0,0
818,0.062656,0,0,0,0
819,0.063181,0,0,0,0
820,0.063801,0,0,0,0
821,0.064325,0,0,0,0
822,0.06156,0,0,0,0
823,0.063467,0,0,0,0
824,0.062609,0,0,0,0
825,0.061464,0,0,0,0
826,0.058651,0,0,0,0
827,0.06218,0,0,0,0
828,0.062466,0,0,0,0
829,0.062037,0,0,0,0
830,0.055027,0,0,0,0
831,0.057602,0,0,0,0
832,0.055027,0,0,0,0
833,0.052977,0,0,0,0
834,0.051689,0,0,0,0
835,0.047779,0,0,0,0
836,0.047493,0,0,0,0
837,0.046635,0,0,0,0
838,0.044346,0,0,0,0
839,0.045586,0,0,0,0
840,0.041676,0,0,0,0
841,0.042439,0,0,0,0
842,0.04282,0,0,0,0
843,0.042582,0,0,0,0
844,0.042152,0,0,0,0
845,0.042963,0,0,0,0
846,0.041533,0,0,0,0
847,0.041819,0,0,0,0
848,0.041819,0,0,0,0
849,0.039339,0,0,0,0
850,0.041866,0,0,0,0
851,0.040245,0,0,0,0
852,0.042343,0,0,0,0
853,0.0422,0,0,0,0
854,0.040817,0,0,0,0
855,0.043869,0,0,0,0
856,0.042963,0,0,0,0
857,0.04282,0,0,0,0
858,0.043869,0,0,0,0
859,0.043297,0,0,0,0
860,0.04015,0,0,0,0
861,0.038624,0,0,0,0
862,0.039768,0,0,0,0
863,0.04487,0,0,0,0
864,0.043344,0,0,0,0
865,0.037575,0,0,0,0
866,0.039053,0,0,0,0
867,0.038958,0,0,0,0
868,0.03829,0,0,0,0
869,0.036383,0,0,0,0
870,0.03705,0,0,0,0
871,0.038576,0,0,0,0
872,0.03109,0,0,0,0
873,0.033903,0,0,0,0
874,0.035524,0,0,0,0
875,0.035906,0,0,0,0
876,0.034571,0,0,0,0
877,0.036955,0,0,0,0
878,0.035429,0,0,0,0
879,0.033665,0,0,0,0
880,0.033808,0,0,0,0
881,0.034666,0,0,0,0
882,0.037098,0,0,0,0
883,0.037336,0,0,0,0
884,0.032425,0,0,0,0
885,0.030708,0,0,0,0
886,0.031281,0,0,0,0
887,0.033188,0,0,0,0
888,0.031424,0,0,0,0
889,0.031567,0,0,0,0
890,0.027132,0,0,0,0
891,0.027275,0,0,0,0
892,0.026035,0,0,0,0
893,0.02923,0,0,0,0
894,0.028753,0,0,0,0
895,0.025368,0,0,0,0
896,0.026941,0,0,0,0
897,0.026274,0,0,0,0
898,0.024509,0,0,0,0
899,0.026274,0,0,0,0
900,0.025606,0,0,0,0
901,0.026417,0,0,0,0
902,0.029469,0,0,0,0
903,0.026226,0,0,0,0
904,0.026417,0,0,0,0
905,0.024843,0,0,0,0
906,0.027895,0,0,0,0
907,0.026464,0,0,0,0
908,0.027561,0,0,0,0
909,0.026464,0,0,0,0
910,0.021029,0,0,0,0
911,0.021553,0,0,0,0
912,0.021362,0,0,0,0
913,0.019073,0,0,0,0
914,0.015593,0,0,0,0
915,0.016117,0,0,0,0
916,0.016212,0,0,0,0
917,0.015783,0,0,0,0
918,0.018644,0,0,0,0
919,0.019979,0,0,0,0
920,0.020218,0,0,0,0
921,0.018454,0,0,0,0
922,0.02017,0,0,0,0
923,0.018024,0,0,0,0
924,0.016642,0,0,0,0
925,0.016546,0,0,0,0
926,0.019217,0,0,0,0
927,0.020504,0,0,0,0
928,0.015879,0,0,0,0
929,0.016117,0,0,0,0
930,0.031424,0,0,0,0
931,0.018501,0,0,0,0
932,0.014067,0,0,0,0
933,0.029945,0,0,0,0
934,0.016689,0,0,0,0
935,0.020075,0,0,0,0
936,0.00186,0,0,0,0
937,0.014734,0,0,0,0
938,0.030899,0,0,0,0
939,0.014114,0,0,0,0
940,0.033617,0,0,0,0
941,0.079727,0,0,0,0
942,0.039148,0,0,0,0
943,-9.5e-05,0,0,0,0
944,0.012016,0,0,0,0
945,0.017071,0,0,0,0
946,0.02284,0,0,0,0
947,0.011683,0,0,0,0
948,0.038576,0,0,0,0
949,0.037766,0,0,0,0
950,0.009775,0,0,0,0
951,0.004768,0,0,0,0
952,0.01359,0,0,0,0
953,0.007296,0,0,0,0
954,-0.009823,0,0,0,0
955,-0.027227,0,0,0,0
956,-0.011015,0,0,0,0
957,0.022459,0,0,0,0
958,0.041962,0,0,0,0
959,0.018978,0,0,0,0
960,-0.001669,0,0,0,0
961,0.022936,0,0,0,0
962,-0.004816,0,0,0,0
963,-0.019646,0,0,0,0
964,0.040865,0,0,0,0
965,-0.040674,0,0,0,0
966,-0.029707,0,0,0,0
967,-0.030994,0,0,0,0
968,-0.039768,0,0,0,0
969,-0.026274,0,0,0,0
970,-0.098038,0,0,0,0
971,-0.072289,0,0,0,0
972,0.001049,0,0,0,0
973,0.07205,0,0,0,0
974,0.101042,0,0,0,0
975,-0.056505,0,0,0,0
976,0.019646,0,0,0,0
977,-0.047588,0,0,0,0
978,-0.054026,0,0,0,0
979,0.095987,0,0,0,0
980,-0.056553,0,0,0,0
981,0.053215,0,0,0,0
982,0.064135,0,0,0,0
983,0.046062,0,0,0,0
984,-0.089407,0,0,0,0
985,-0.24066,0,0,0,0
986,-0.217009,0,0,0,0
987,-0.067759,0,0,0,0
988,0.354767,0,0,0,0
989,1.038504,0,0,0,0
990,0.008965,0,0,0,0
991,0.216913,0,0,0,0
992,-0.153303,0,0,0,0
993,-0.187445,0,0,0,0
994,-0.360775,0,0,0,0
995,-0.334692,0,0,0,0
996,0.731993,0,0,0,0
997,-0.211191,0,0,0,0
998,-0.604248,0,0,0,0
999,0.289869,0,0,0,0
1000,-0.04015,0,0,0,0
1001,1.612377,0,0,0,0
1002,-0.310659,0,0,0,0
1003,-1.076221,0,0,0,0
1004,-0.270367,0,0,0,0
1005,-0.290728,0,0,0,0
1006,0.046253,0,0,0,0
1007,-0.453377,0,0,0,0
1008,-0.557518,0,0,0,0
1009,-0.236034,0,0,0,0
1010,-0.227022,0,0,0,0
1011,0.031614,0,0,0,0
1012,0.787878,0,0,0,0
1013,-0.255537,0,0,0,0
1014,-0.053549,0,0,0,0
1015,-0.734472,0,0,0,0
1016,-0.224972,0,0,0,0
1017,0.409079,0,0,0,0
1018,-0.283575,0,0,0,0
1019,0.158119,0,0,0,0
1020,-0.584269,0,0,0,0
1021,0.5476,0,0,0,0
1022,-0.830221,0,0,0,0
1023,0.508356,0,0,0,0
1024,0.590324,0,0,0,0
1025,-0.257063,0,0,0,0
1026,0.555944,0,0,0,0
1027,-0.414896,0,0,0,0
1028,-0.299549,0,0,0,0
1029,-0.280142,0,0,0,0
1030,0.044203,0,0,0,0
1031,-0.108576,0,0,0,0
1032,-0.424528,0,0,0,0
1033,0.111771,0,0,0,0
1034,-0.323629,0,0,0,0
1035,0.298119,0,0,0,0
1036,-0.926208,0,0,0,0
1037,-0.481606,0,0,0,0
1038,0.292969,0,0,0,0
1039,-0.252247,0,0,0,0
1040,-0.017786,0,0,0,0
1041,-0.482416,0,0,0,0
1042,-0.488758,0,0,0,0
1043,0.274706,0,0,0,0
1044,-0.059557,0,0,0,0
1045,-0.610733,0,0,0,0
1046,0.300932,0,0,0,0
1047,-0.47636,0,0,0,0
1048,-0.207472,0,0,0,0
1049,0.176668,0,0,0,0
1050,0.060654,0,0,0,0
1051,-0.169516,0,0,0,0
1052,-0.189972,0,0,0,0
1053,0.028944,0,0,0,0
1054,-0.437212,0,0,0,0
1055,-0.155592,0,0,0,0
1056,-0.510168,0,0,0,0
1057,-0.249147,0,0,0,0
1058,-0.246239,0,0,0,0
1059,0.042152,0,0,0,0
1060,-0.095892,0,0,0,0
1061,0.202608,0,0,0,0
1062,-0.105858,0,0,0,0
1063,-0.32773,0,0,0,0
1064,0.093794,0,0,0,0
1065,-0.068378,0,0,0,0
1066,0.073957,0,0,0,0
1067,0.125408,0,0,0,0
1068,-0.201845,0,0,0,0
1069,-0.185442,0,0,0,0
1070,-0.09737,0,0,0,0
1071,-0.053835,0,0,0,0
1072,-0.080299,0,0,0,0
1073,0.062943,0,0,0,0
1074,-0.004244,0,0,0,0
1075,0.016832,0,0,0,0
1076,-0.014067,0,0,0,0
1077,0.15254,0,0,0,0
1078,0.112391,0,0,0,0
1079,-0.078487,0,0,0,0
1080,-0.010061,0,0,0,0
1081,0.0319,0,0,0,0
1082,-0.008106,0,0,0,0
1083,0.00577,0,0,0,0
1084,0.04549,0,0,0,0
1085,-0.032377,0,0,0,0
1086,-0.013971,0,0,0,0
1087,-0.001431,0,0,0,0
1088,0.011396,0,0,0,0
1089,0.078154,0,0,0,0
1090,0.048447,0,0,0,0
1091,0.066423,0,0,0,0
1092,0.039577,0,0,0,0
1093,0.039768,0,0,0,0
1094,0.06032,0,0,0,0
1095,0.03314,0,0,0,0
1096,0.041294,0,0,0,0
1097,0.043821,0,0,0,0
1098,0.02203,0,0,0,0
1099,0.006008,0,0,0,0
1100,0.016165,0,0,0,0
1101,0.043249,0,0,0,0
1102,0.038815,0,0,0,0
1103,0.051117,0,0,0,0
1104,0.113249,0,0,0,0
1105,0.050306,0,0,0,0
1106,0.104284,0,0,0,0
1107,0.065565,0,0,0,0
1108,0.070572,0,0,0,0
1109,0.045538,0,0,0,0
1110,0.052023,0,0,0,0
1111,0.063324,0,0,0,0
1112,0.064659,0,0,0,0
1113,0.042534,0,0,0,0
1114,0.077057,0,0,0,0
1115,0.066757,0,0,0,0
1116,0.084019,0,0,0,0
1117,0.055075,0,0,0,0
1118,0.060654,0,0,0,0
1119,0.092316,0,0,0,0
1120,0.087023,0,0,0,0
1121,0.096416,0,0,0,0
1122,0.094843,0,0,0,0
1123,0.070143,0,0,0,0
1124,0.058508,0,0,0,0
1125,0.087214,0,0,0,0
1126,0.102997,0,0,0,0
1127,0.088835,0,0,0,0
1128,0.084639,0,0,0,0
1129,0.10314,0,0,0,0
1130,0.093937,0,0,0,0
1131,0.094366,0,0,0,0
1132,0.083923,0,0,0,0
1133,0.085354,0,0,0,0
1134,0.08707,0,0,0,0
1135,0.080156,0,0,0,0
1136,0.092649,0,0,0,0
1137,0.092268,0,0,0,0
1138,0.099659,0,0,0,0
1139,0.098276,0,0,0,0
1140,0.102425,0,0,0,0
1141,0.097942,0,0,0,0
1142,0.101566,0,0,0,0
1143,0.103521,0,0,0,0
1144,0.104666,0,0,0,0
1145,0.102043,0,0,0,0
1146,0.10519,0,0,0,0
1147,0.102282,0,0,0,0
1148,0.099993,0,0,0,0
1149,0.099087,0,0,0,0
1150,0.107765,0,0,0,0
1151,0.111818,0,0,0,0
1152,0.112581,0,0,0,0
1153,0.104618,0,0,0,0
1154,0.106049,0,0,0,0
1155,0.108385,0,0,0,0
1156,0.109434,0,0,0,0
1157,0.110197,0,0,0,0
1158,0.11034,0,0,0,0
1159,0.109673,0,0,0,0
1160,0.10252,0,0,0,0
1161,0.104237,0,0,0,0
1162,0.105667,0,0,0,0
1163,0.10252,0,0,0,0
1164,0.099802,0,0,0,0
1165,0.098658,0,0,0,0
1166,0.099707,0,0,0,0
1167,0.100374,0,0,0,0
1168,0.098753,0,0,0,0
1169,0.094223,0,0,0,0
1170,0.090504,0,0,0,0
1171,0.088406,0,0,0,0
1172,0.087261,0,0,0,0
1173,0.092459,0,0,0,0
1174,0.088358,0,0,0,0
1175,0.079393,0,0,0,0
1176,0.075817,0,0,0,0
1177,0.077581,0,0,0,0
1178,0.080156,0,0,0,0
1179,0.076342,0,0,0,0
1180,0.078297,0,0,0,0
1181,0.079155,0,0,0,0
1182,0.077295,0,0,0,0
1183,0.078917,0,0,0,0
1184,0.080585,0,0,0,0
1185,0.072479,0,0,0,0
1186,0.073004,0,0,0,0
1187,0.076485,0,0,0,0
1188,0.073624,0,0,0,0
1189,0.077295,0,0,0,0
1190,0.069427,0,0,0,0
1191,0.068712,0,0,0,0
1192,0.069618,0,0,0,0
1193,0.069761,0,0,0,0
1194,0.069618,0,0,0,0
1195,0.069094,0,0,0,0
1196,0.068092,0,0,0,0
1197,0.070763,0,0,0,0
1198,0.069857,0,0,0,0
1199,0.064945,0,0,0,0
1200,0.067616,0,0,0,0
1201,0.068283,0,0,0,0
1202,0.067806,0,0,0,0
1203,0.065708,0,0,0,0
1204,0.068378,0,0,0,0
1205,0.066376,0,0,0,0
1206,0.065756,0,0,0,0
1207,0.069427,0,0,0,0
1208,0.065994,0,0,0,0
1209,0.062561,0,0,0,0
1210,0.067329,0,0,0,0
1211,0.066662,0,0,0,0
1212,0.06566,0,0,0,0
1213,0.065327,0,0,0,0
1214,0.065851,0,0,0,0
1215,0.067902,0,0,0,0
1216,0.069427,0,0,0,0
1217,0.065184,0,0,0,0
1218,0.068521,0,0,0,0
1219,0.072527,0,0,0,0
1220,0.072575,0,0,0,0
1221,0.072718,0,0,0,0
1222,0.073671,0,0,0,0
1223,0.071859,0,0,0,0
1224,0.070906,0,0,0,0
1225,0.07782,0,0,0,0
1226,0.078344,0,0,0,0
1227,0.080347,0,0,0,0
1228,0.080299,0,0,0,0
1229,0.081253,0,0,0,0
1230,0.085688,0,0,0,0
1231,0.08769,0,0,0,0
1232,0.08688,0,0,0,0
1233,0.087309,0,0,0,0
1234,0.089979,0,0,0,0
1235,0.097179,0,0,0,0
1236,0.101852,0,0,0,0
1237,0.106335,0,0,0,0
1238,0.106096,0,0,0,0
1239,0.10457,0,0,0,0
1240,0.116587,0,0,0,0
1241,0.116634,0,0,0,0
1242,0.117302,0,0,0,0
1243,0.117731,0,0,0,0
1244,0.118971,0,0,0,0
1245,0.132418,0,0,0,0
1246,0.134087,0,0,0,0
1247,0.13423,0,0,0,0
1248,0.134945,0,0,0,0
1249,0.138235,0,0,0,0
1250,0.148296,0,0,0,0
1251,0.147438,0,0,0,0
1252,0.147676,0,0,0,0
1253,0.149536,0,0,0,0
1254,0.151062,0,0,0,0
1255,0.158787,0,0,0,0
1256,0.159502,0,0,0,0
1257,0.158453,0,0,0,0
1258,0.157595,0,0,0,0
1259,0.159693,0,0,0,0
1260,0.157404,0,0,0,0
1261,0.155306,0,0,0,0
1262,0.154781,0,0,0,0
1263,0.155306,0,0,0,0
1264,0.156164,0,0,0,0
1265,0.147915,0,0,0,0
1266,0.145054,0,0,0,0
1267,0.14658,0,0,0,0
1268,0.146627,0,0,0,0
1269,0.143051,0,0,0,0
1270,0.132275,0,0,0,0
1271,0.135994,0,0,0,0
1272,0.134516,0,0,0,0
1273,0.13175,0,0,0,0
1274,0.130415,0,0,0,0
1275,0.126219,0,0,0,0
1276,0.126696,0,0,0,0
1277,0.124407,0,0,0,0
1278,0.125265,0,0,0,0
1279,0.124693,0,0,0,0
1280,0.114202,0,0,0,0
1281,0.115252,0,0,0,0
1282,0.114202,0,0,0,0
1283,0.114059,0,0,0,0
1284,0.114822,0,0,0,0
1285,0.104713,0,0,0,0
1286,0.104237,0,0,0,0
1287,0.103664,0,0,0,0
1288,0.10066,0,0,0,0
1289,0.101042,0,0,0,0
1290,0.09408,0,0,0,0
1291,0.090551,0,0,0,0
1292,0.092888,0,0,0,0
1293,0.090742,0,0,0,0
1294,0.090885,0,0,0,0
1295,0.08688,0,0,0,0
1296,0.085449,0,0,0,0
1297,0.084639,0,0,0,0
1298,0.082302,0,0,0,0
1299,0.084543,0,0,0,0
1300,0.081921,0,0,0,0
1301,0.075483,0,0,0,0
1302,0.079203,0,0,0,0
1303,0.079918,0,0,0,0
1304,0.076103,0,0,0,0
1305,0.068188,0,0,0,0
1306,0.065947,0,0,0,0
1307,0.064135,0,0,0,0
1308,0.063038,0,0,0,0
1309,0.064087,0,0,0,0
1310,0.054312,0,0,0,0
1311,0.054598,0,0,0,0
1312,0.051928,0,0,0,0
1313,0.0494,0,0,0,0
1314,0.047493,0,0,0,0
1315,0.042772,0,0,0,0
1316,0.0422,0,0,0,0
1317,0.038624,0,0,0,0
1318,0.036573,0,0,0,0
1319,0.038338,0,0,0,0
1320,0.025511,0,0,0,0
1321,0.025892,0,0,0,0
1322,0.024128,0,0,0,0
1323,0.021744,0,0,0,0
1324,0.026512,0,0,0,0
1325,0.017738,0,0,0,0
1326,0.015879,0,0,0,0
1327,0.016737,0,0,0,0
1328,0.015545,0,0,0,0
1329,0.016117,0,0,0,0
1330,0.015497,0,0,0,0
1331,0.013447,0,0,0,0
1332,0.009966,0,0,0,0
1333,0.01297,0,0,0,0
1334,0.014019,0,0,0,0
1335,0.013494,0,0,0,0
1336,0.009012,0,0,0,0
1337,0.007772,0,0,0,0
1338,0.013351,0,0,0,0
1339,0.013876,0,0,0,0
1340,0.00968,0,0,0,0
1341,0.010109,0,0,0,0
1342,0.009298,0,0,0,0
1343,0.008392,0,0,0,0
1344,0.010061,0,0,0,0
1345,0.004387,0,0,0,0
1346,0.005817,0,0,0,0
1347,0.008059,0,0,0,0
1348,0.007534,0,0,0,0
1349,0.005054,0,0,0,0
1350,0.006104,0,0,0,0
1351,0.00577,0,0,0,0
1352,0.009823,0,0,0,0
1353,0.008249,0,0,0,0
1354,0.006056,0,0,0,0
1355,0.010681,0,0,0,0
1356,0.009537,0,0,0,0
1357,0.0072,0,0,0,0
1358,0.011396,0,0,0,0
1359,0.011206,0,0,0,0
1360,0.009537,0,0,0,0
1361,0.009584,0,0,0,0
1362,0.012779,0,0,0,0
1363,0.007963,0,0,0,0
1364,0.005341,0,0,0,0
1365,0.008249,0,0,0,0
1366,0.006723,0,0,0,0
1367,0.002337,0,0,0,0
1368,0.005388,0,0,0,0
1369,0.005198,0,0,0,0
1370,0.003958,0,0,0,0
1371,0.005436,0,0,0,0
1372,0.001621,0,0,0,0
1373,0.003004,0,0,0,0
1374,0.001478,0,0,0,0
1375,0.000143,0,0,0,0
1376,0.000906,0,0,0,0
1377,-0.000238,0,0,0,0
1378,-0.001144,0,0,0,0
1379,-0.000429,0,0,0,0
1380,-0.006104,0,0,0,0
1381,-0.003386,0,0,0,0
1382,-0.003815,0,0,0,0
1383,-0.003815,0,0,0,0
1384,-0.006771,0,0,0,0
1385,-0.003958,0,0,0,0
1386,-0.005293,0,0,0,0
1387,-0.004339,0,0,0,0
1388,-0.00329,0,0,0,0
1389,-0.002289,0,0,0,0
1390,-0.004101,0,0,0,0
1391,-0.002384,0,0,0,0
1392,-0.005198,0,0,0,0
1393,-0.003242,0,0,0,0
1394,-0.006819,0,0,0,0
1395,-0.006151,0,0,0,0
1396,-0.00701,0,0,0,0
1397,-0.007057,0,0,0,0
1398,-0.007915,0,0,0,0
1399,-0.005817,0,0,0,0
1400,-0.007391,0,0,0,0
1401,-0.007629,0,0,0,0
1402,-0.010061,0,0,0,0
1403,-0.00844,0,0,0,0
1404,-0.009298,0,0,0,0
1405,-0.004244,0,0,0,0
1406,-0.008106,0,0,0,0
1407,-0.007439,0,0,0,0
1408,-0.002337,0,0,0,0
1409,-0.004339,0,0,0,0
1410,-0.005722,0,0,0,0
1411,-0.006151,0,0,0,0
1412,-0.007725,0,0,0,0
1413,-0.008917,0,0,0,0
1414,-0.006294,0,0,0,0
1415,-0.00453,0,0,0,0
1416,-0.002527,0,0,0,0
1417,-0.005627,0,0,0,0
1418,-0.008774,0,0,0,0
1419,-0.005341,0,0,0,0
1420,-0.005102,0,0,0,0
1421,-0.002718,0,0,0,0
1422,-0.00267,0,0,0,0
1423,-0.004005,0,0,0,0
1424,-0.004673,0,0,0,0
1425,-0.000811,0,0,0,0
1426,-0.002337,0,0,0,0
1427,-0.002098,0,0,0,0
1428,-0.00186,0,0,0,0
1429,-0.002241,0,0,0,0
1430,-0.00577,0,0,0,0
1431,-0.005341,0,0,0,0
1432,-0.006962,0,0,0,0
1433,-0.009012,0,0,0,0
1434,-0.009727,0,0,0,0
1435,-0.006819,0,0,0,0
1436,-0.005436,0,0,0,0
1437,-0.006247,0,0,0,0
1438,-0.00639,0,0,0,0
1439,-0.006676,0,0,0,0
1440,-0.003338,0,0,0,0
1441,-0.002337,0,0,0,0
1442,-0.002575,0,0,0,0
1443,-0.003195,0,0,0,0
1444,-0.003099,0,0,0,0
1445,-0.004673,0,0,0,0
1446,-0.003624,0,0,0,0
1447,-0.003529,0,0,0,0
1448,-0.005388,0,0,0,0
1449,-0.004435,0,0,0,0
1450,-0.004673,0,0,0,0
1451,-0.005388,0,0,0,0
1452,-0.006723,0,0,0,0
1453,-0.007725,0,0,0,0
1454,-0.009251,0,0,0,0
1455,-0.004625,0,0,0,0
1456,-0.003815,0,0,0,0
1457,-0.003862,0,0,0,0
1458,-0.004816,0,0,0,0
1459,-0.007963,0,0,0,0
1460,-0.004721,0,0,0,0
1461,-0.004816,0,0,0,0
1462,-0.003624,0,0,0,0
1463,-0.003529,0,0,0,0
1464,-0.004387,0,0,0,0
1465,-0.003576,0,0,0,0
1466,-0.005054,0,0,0,0
1467,-0.005102,0,0,0,0
1468,-0.002527,0,0,0,0
1469,-0.000668,0,0,0,0
1470,-0.001335,0,0,0,0
1471,-0.00186,0,0,0,0
1472,0.000429,0,0,0,0
1473,-0.000238,0,0,0,0
1474,-0.001335,0,0,0,0
1475,-0.002766,0,0,0,0
1476,0.000572,0,0,0,0
1477,-0.001717,0,0,0,0
1478,-0.001526,0,0,0,0
1479,-0.001192,0,0,0,0
1480,0.002193,0,0,0,0
1481,0.002432,0,0,0,0
1482,0.001764,0,0,0,0
1483,0.001383,0,0,0,0
1484,0.000906,0,0,0,0
1485,0.002432,0,0,0,0
1486,0.005341,0,0,0,0
1487,0.002575,0,0,0,0
1488,0.002193,0,0,0,0
1489,0.001383,0,0,0,0
1490,0.00124,0,0,0,0
1491,0.001764,0,0,0,0
1492,-0.000715,0,0,0,0
1493,0.000334,0,0,0,0
1494,0.000477,0,0,0,0
1495,-0.007486,0,0,0,0
1496,-0.006676,0,0,0,0
1497,-0.005865,0,0,0,0
1498,-0.004387,0,0,0,0
1499,-0.001287,0,0,0,0
1500,-0.011158,0,0,0,0
1501,-0.01173,0,0,0,0
1502,-0.007343,0,0,0,0
1503,-0.009775,0,0,0,0
1504,-0.010157,0,0,0,0
1505,-0.009871,0,0,0,0
1506,-0.010633,0,0,0,0
1507,-0.009775,0,0,0,0
1508,-0.012589,0,0,0,0
1509,-0.009584,0,0,0,0
1510,-0.006485,0,0,0,0
1511,-0.007772,0,0,0,0
1512,-0.008011,0,0,0,0
1513,-0.009918,0,0,0,0
1514,-0.01092,0,0,0,0
1515,-0.007677,0,0,0,0
1516,-0.005484,0,0,0,0
1517,-0.005865,0,0,0,0
1518,-0.007296,0,0,0,0
1519,-0.005293,0,0,0,0
1520,0.00186,0,0,0,0
1521,0.003004,0,0,0,0
1522,0.002623,0,0,0,0
1523,0.004435,0,0,0,0
1524,0.00205,0,0,0,0
1525,0.005388,0,0,0,0
1526,0.004911,0,0,0,0
1527,0.005293,0,0,0,0
1528,0.010252,0,0,0,0
1529,0.01111,0,0,0,0
1530,0.010824,0,0,0,0
1531,0.013256,0,0,0,0
1532,0.012827,0,0,0,0
1533,0.012493,0,0,0,0
1534,0.012302,0,0,0,0
1535,0.012255,0,0,0,0
1536,0.014877,0,0,0,0
1537,0.013542,0,0,0,0
1538,0.011635,0,0,0,0
1539,0.013494,0,0,0,0
1540,0.011206,0,0,0,0
1541,0.013208,0,0,0,0
1542,0.014114,0,0,0,0
1543,0.012255,0,0,0,0
1544,0.011826,0,0,0,0
1545,0.009155,0,0,0,0
1546,0.010109,0,0,0,0
1547,0.004625,0,0,0,0
1548,0.006056,0,0,0,0
1549,0.009537,0,0,0,0
1550,0.027132,0,0,0,0
1551,0.022316,0,0,0,0
1552,0.009441,0,0,0,0
1553,0.001812,0,0,0,0
1554,0.012112,0,0,0,0
1555,0.013542,0,0,0,0
1556,0.00844,0,0,0,0
1557,0.010014,0,0,0,0
1558,0.002766,0,0,0,0
1559,0.003386,0,0,0,0
1560,-0.023413,0,0,0,0
1561,0.00906,0,0,0,0
1562,0.029135,0,0,0,0
1563,0.010252,0,0,0,0
1564,0.004578,0,0,0,0
1565,0.016356,0,0,0,0
1566,0.003338,0,0,0,0
1567,-0.010204,0,0,0,0
1568,0.012302,0,0,0,0
1569,0.019264,0,0,0,0
1570,-9.5e-05,0,0,0,0
1571,-0.019169,0,0,0,0
1572,-0.007343,0,0,0,0
1573,0.009203,0,0,0,0
1574,0.058365,0,0,0,0
1575,0.003529,0,0,0,0
1576,0.023985,0,0,0,0
1577,0.038624,0,0,0,0
1578,-0.049543,0,0,0,0
1579,-0.058126,0,0,0,0
1580,0.017834,0,0,0,0
1581,-0.024748,0,0,0,0
1582,-0.0175,0,0,0,0
1583,0.025892,0,0,0,0
1584,-0.019836,0,0,0,0
1585,0.083685,0,0,0,0
1586,0.033808,0,0,0,0
1587,-0.059414,0,0,0,0
1588,-0.067568,0,0,0,0
1589,0.014114,0,0,0,0
1590,0.018883,0,0,0,0
1591,0.051117,0,0,0,0
1592,-0.175858,0,0,0,0
1593,0.072289,0,0,0,0
1594,0.040388,0,0,0,0
1595,-0.156307,0,0,0,0
1596,0.028229,0,0,0,0
1597,0.36149,0,0,0,0
1598,-0.243282,0,0,0,0
1599,-0.447226,0,0,0,0
1600,-0.114489,0,0,0,0
1601,-0.453234,0,0,0,0
1602,-0.044966,0,0,0,0
1603,0.537014,0,0,0,0
1604,0.128794,0,0,0,0
1605,-0.117683,0,0,0,0
1606,-0.097227,0,0,0,0
1607,-0.306654,0,0,0,0
1608,-0.360918,0,0,0,0
1609,0.550175,0,0,0,0
1610,-0.141573,0,0,0,0
1611,-0.129414,0,0,0,0
1612,0.042105,0,0,0,0
1613,-0.257111,0,0,0,0
1614,0.087976,0,0,0,0
1615,-0.78187,0,0,0,0
1616,0.319195,0,0,0,0
1617,0.235558,0,0,0,0
1618,-0.559521,0,0,0,0
1619,0.314617,0,0,0,0
1620,0.215816,0,0,0,0
1621,-0.208998,0,0,0,0
1622,-0.803232,0,0,0,0
1623,-0.126886,0,0,0,0
1624,-0.122404,0,0,0,0
1625,-0.171518,0,0,0,0
1626,-0.266171,0,0,0,0
1627,0.337601,0,0,0,0
1628,-0.48418,0,0,0,0
1629,-0.410461,0,0,0,0
1630,-0.343513,0,0,0,0
1631,-0.358438,0,0,0,0
1632,-0.111628,0,0,0,0
1633,-0.259352,0,0,0,0
1634,0.387812,0,0,0,0
1635,-0.213528,0,0,0,0
1636,0.024843,0,0,0,0
1637,-0.2069,0,0,0,0
1638,-0.303459,0,0,0,0
1639,-0.007153,0,0,0,0
1640,0.017643,0,0,0,0
1641,-0.110865,0,0,0,0
1642,-0.416374,0,0,0,0
1643,-0.290537,0,0,0,0
1644,-0.084305,0,0,0,0
1645,-0.348377,0,0,0,0
1646,-0.068665,0,0,0,0
1647,-0.032997,0,0,0,0
1648,0.170422,0,0,0,0
1649,-0.129414,0,0,0,0
1650,0.08626,0,0,0,0
1651,-0.190926,0,0,0,0
1652,0.093317,0,0,0,0
1653,-0.038481,0,0,0,0
1654,-0.239563,0,0,0,0
1655,0.041723,0,0,0,0
1656,0.166178,0,0,0,0
1657,-0.048637,0,0,0,0
1658,-0.159597,0,0,0,0
1659,-0.124311,0,0,0,0
0,0,212,33.097466,0,0
0,0,213,41.88021,0,0
0,0,214,49.184759,0,0
0,0,215,52.905083,0,0
0,0,216,52.83157,0,0
0,0,217,50.901373,0,0
0,0,218,49.504638,0,0
0,0,219,49.375494,0,0
0,0,220,49.588084,0,0
0,0,221,49.588084,0,0
0,0,222,49.548348,0,0
0,0,223,49.556295,0,0
0,0,224,49.579144,0,0
0,0,225,49.605966,0,0
0,0,226,49.636761,0,0
0,0,227,49.66259,0,0
0,0,228,49.688419,0,0
0,0,229,49.7063,0,0
0,0,230,49.720208,0,0
0,0,231,49.717228,0,0
0,0,232,49.712261,0,0
0,0,233,49.704313,0,0
0,0,234,49.70332,0,0
0,0,235,49.710274,0,0
0,0,236,49.725175,0,0
0,0,237,49.739083,0,0
0,0,238,49.758951,0,0
0,0,239,49.780806,0,0
0,0,240,49.804648,0,0
0,0,241,49.823523,0,0
0,0,242,49.842397,0,0
0,0,243,49.858292,0,0
0,0,244,49.87518,0,0
0,0,245,49.887101,0,0
0,0,246,49.890081,0,0
0,0,247,49.876173,0,0
0,0,248,49.848358,0,0
0,0,249,49.814582,0,0
0,0,250,49.78478,0,0
0,0,251,49.767892,0,0
0,0,252,49.766898,0,0
0,0,253,49.774845,0,0
0,0,254,49.791733,0,0
0,0,255,49.815575,0,0
0,0,256,49.845378,0,0
0,0,257,49.871206,0,0
0,0,258,49.890081,0,0
0,0,259,49.906969,0,0
0,0,260,49.919883,0,0
0,0,261,49.930811,0,0
0,0,262,49.935778,0,0
0,0,263,49.936771,0,0
0,0,264,49.928824,0,0
0,0,265,49.919883,0,0
0,0,266,49.916903,0,0
0,0,267,49.923857,0,0
0,0,268,49.935778,0,0
0,0,269,49.951673,0,0
0,0,270,49.964587,0,0
0,0,271,49.970547,0,0
0,0,272,49.970547,0,0
0,0,273,49.9626,0,0
0,0,274,49.957633,0,0
0,0,275,49.948692,0,0
0,0,276,49.941738,0,0
0,0,277,49.934785,0,0
0,0,278,49.928824,0,0
0,0,279,49.923857,0,0
0,0,280,49.920877,0,0
0,0,281,49.91889,0,0
0,0,282,49.917897,0,0
0,0,283,49.917897,0,0
0,0,284,49.91889,0,0
0,0,285,49.919883,0,0
0,0,286,49.91889,0,0
0,0,287,49.920877,0,0
0,0,288,49.919883,0,0
0,0,289,49.92485,0,0
0,0,290,49.920877,0,0
0,0,291,49.922864,0,0
0,0,292,49.92485,0,0
0,0,293,49.927831,0,0
0,0,294,49.927831,0,0
0,0,295,49.928824,0,0
0,0,296,49.925844,0,0
0,0,297,49.917897,0,0
0,0,298,49.910943,0,0
0,0,299,49.907962,0,0
0,0,300,49.903989,0,0
0,0,301,49.904982,0,0
0,0,302,49.907962,0,0
0,0,303,49.91293,0,0
0,0,304,49.91889,0,0
0,0,305,49.92187,0,0
0,0,306,49.91889,0,0
0,0,307,49.917897,0,0
0,0,308,49.916903,0,0
0,0,309,49.917897,0,0
0,0,310,49.91889,0,0
0,0,311,49.922864,0,0
0,0,312,49.92485,0,0
0,0,313,49.925844,0,0
0,0,314,49.923857,0,0
0,0,315,49.922864,0,0
0,0,316,49.92187,0,0
0,0,317,49.917897,0,0
0,0,318,49.917897,0,0
0,0,319,49.916903,0,0
0,0,320,49.917897,0,0
0,0,321,49.914916,0,0
0,0,322,49.91591,0,0
0,0,323,49.91293,0,0
0,0,324,49.913923,0,0
0,0,325,49.911936,0,0
0,0,326,49.911936,0,0
0,0,327,49.909949,0,0
0,0,328,49.910943,0,0
0,0,329,49.911936,0,0
0,0,330,49.911936,0,0
0,0,331,49.911936,0,0
0,0,332,49.913923,0,0
0,0,333,49.91293,0,0
0,0,334,49.910943,0,0
0,0,335,49.907962,0,0
0,0,336,49.906969,0,0
0,0,337,49.908956,0,0
0,0,338,49.909949,0,0
0,0,339,49.911936,0,0
0,0,340,49.913923,0,0
0,0,341,49.917897,0,0
0,0,342,49.91889,0,0
0,0,343,49.920877,0,0
0,0,344,49.923857,0,0
0,0,345,49.92485,0,0
0,0,346,49.926837,0,0
0,0,347,49.929818,0,0
0,0,348,49.931804,0,0
0,0,349,49.932798,0,0
0,0,350,49.932798,0,0
0,0,351,49.933791,0,0
0,0,352,49.931804,0,0
0,0,353,49.931804,0,0
0,0,354,49.929818,0,0
0,0,355,49.928824,0,0
0,0,356,49.926837,0,0
0,0,357,49.925844,0,0
0,0,358,49.919883,0,0
0,0,359,49.91889,0,0
0,0,360,49.916903,0,0
0,0,361,49.916903,0,0
0,0,362,49.913923,0,0
0,0,363,49.91293,0,0
0,0,364,49.910943,0,0
0,0,365,49.908956,0,0
0,0,366,49.904982,0,0
0,0,367,49.904982,0,0
0,0,368,49.902002,0,0
0,0,369,49.899022,0,0
0,0,370,49.899022,0,0
0,0,371,49.899022,0,0
0,0,372,49.895048,0,0
0,0,373,49.895048,0,0
0,0,374,49.894055,0,0
0,0,375,49.897035,0,0
0,0,376,49.897035,0,0
0,0,377,49.901009,0,0
0,0,378,49.903989,0,0
0,0,379,49.905976,0,0
0,0,380,49.907962,0,0
0,0,381,49.907962,0,0
0,0,382,49.910943,0,0
0,0,383,49.913923,0,0
0,0,384,49.91889,0,0
0,0,385,49.922864,0,0
0,0,386,49.922864,0,0
0,0,387,49.922864,0,0
0,0,388,49.923857,0,0
0,0,389,49.922864,0,0
0,0,390,49.920877,0,0
0,0,391,49.91889,0,0
0,0,392,49.913923,0,0
0,0,393,49.911936,0,0
0,0,394,49.908956,0,0
0,0,395,49.904982,0,0
0,0,396,49.902995,0,0
0,0,397,49.902002,0,0
0,0,398,49.902002,0,0
0,0,399,49.905976,0,0
0,0,400,49.902995,0,0
0,0,401,49.901009,0,0
0,0,402,49.897035,0,0
0,0,403,49.896042,0,0
0,0,404,49.897035,0,0
0,0,405,49.899022,0,0
0,0,406,49.899022,0,0
0,0,407,49.901009,0,0
0,0,408,49.901009,0,0
0,0,409,49.901009,0,0
0,0,410,49.900015,0,0
0,0,411,49.896042,0,0
0,0,412,49.897035,0,0
0,0,413,49.893061,0,0
0,0,414,49.896042,0,0
0,0,415,49.898028,0,0
0,0,416,49.899022,0,0
0,0,417,49.899022,0,0
0,0,418,49.900015,0,0
0,0,419,49.899022,0,0
0,0,420,49.901009,0,0
0,0,421,49.902002,0,0
0,0,422,49.904982,0,0
0,0,423,49.906969,0,0
0,0,424,49.909949,0,0
0,0,425,49.91293,0,0
0,0,426,49.910943,0,0
0,0,427,49.913923,0,0
1660,0.116968,0,0,0,0
1661,0.065851,0,0,0,0
1662,0.167561,0,0,0,0
1663,-0.11282,0,0,0,0
1664,0.024891,0,0,0,0
1665,0.034285,0,0,0,0
1666,-0.105286,0,0,0,0
1667,-0.056744,0,0,0,0
1668,0.015497,0,0,0,0
1669,-0.019598,0,0,0,0
1670,0.306892,0,0,0,0
1671,0.298834,0,0,0,0
1672,0.289679,0,0,0,0
1673,0.291824,0,0,0,0
1674,0.290155,0,0,0,0
1675,0.258684,0,0,0,0
1676,0.254059,0,0,0,0
1677,0.252056,0,0,0,0
1678,0.251436,0,0,0,0
1679,0.249863,0,0,0,0
1680,0.22645,0,0,0,0
1681,0.220537,0,0,0,0
1682,0.217962,0,0,0,0
1683,0.219774,0,0,0,0
1684,0.215435,0,0,0,0
1685,0.192261,0,0,0,0
1686,0.190401,0,0,0,0
1687,0.187778,0,0,0,0
1688,0.187111,0,0,0,0
1689,0.188684,0,0,0,0
1690,0.173903,0,0,0,0
1691,0.172663,0,0,0,0
1692,0.172615,0,0,0,0
1693,0.1688,0,0,0,0
1694,0.165749,0,0,0,0
1695,0.155163,0,0,0,0
1696,0.157404,0,0,0,0
1697,0.157499,0,0,0,0
1698,0.159359,0,0,0,0
1699,0.156164,0,0,0,0
1700,0.136471,0,0,0,0
1701,0.132418,0,0,0,0
1702,0.13299,0,0,0,0
1703,0.132942,0,0,0,0
1704,0.134993,0,0,0,0
1705,0.120687,0,0,0,0
1706,0.121784,0,0,0,0
1707,0.117779,0,0,0,0
1708,0.114965,0,0,0,0
1709,0.11692,0,0,0,0
1710,0.112486,0,0,0,0
1711,0.110483,0,0,0,0
1712,0.106478,0,0,0,0
1713,0.104713,0,0,0,0
1714,0.104094,0,0,0,0
1715,0.093126,0,0,0,0
1716,0.091648,0,0,0,0
1717,0.096464,0,0,0,0
1718,0.093508,0,0,0,0
1719,0.094557,0,0,0,0
1720,0.083351,0,0,0,0
1721,0.08688,0,0,0,0
1722,0.085878,0,0,0,0
1723,0.08378,0,0,0,0
1724,0.08502,0,0,0,0
1725,0.083017,0,0,0,0
1726,0.08297,0,0,0,0
1727,0.083542,0,0,0,0
1728,0.083542,0,0,0,0
1729,0.082302,0,0,0,0
1730,0.068617,0,0,0,0
1731,0.072002,0,0,0,0
1732,0.072002,0,0,0,0
1733,0.074244,0,0,0,0
1734,0.074244,0,0,0,0
1735,0.063705,0,0,0,0
1736,0.062799,0,0,0,0
1737,0.064659,0,0,0,0
1738,0.061893,0,0,0,0
1739,0.055552,0,0,0,0
1740,0.056553,0,0,0,0
1741,0.056219,0,0,0,0
1742,0.053835,0,0,0,0
1743,0.054407,0,0,0,0
1744,0.052309,0,0,0,0
1745,0.039721,0,0,0,0
1746,0.041199,0,0,0,0
1747,0.043011,0,0,0,0
1748,0.041294,0,0,0,0
1749,0.038719,0,0,0,0
1750,0.038433,0,0,0,0
1751,0.039148,0,0,0,0
1752,0.035954,0,0,0,0
1753,0.033426,0,0,0,0
1754,0.034332,0,0,0,0
1755,0.038385,0,0,0,0
1756,0.035,0,0,0,0
1757,0.032711,0,0,0,0
1758,0.034332,0,0,0,0
1759,0.032854,0,0,0,0
1760,0.031281,0,0,0,0
1761,0.031328,0,0,0,0
1762,0.030851,0,0,0,0
1763,0.031757,0,0,0,0
1764,0.03314,0,0,0,0
1765,0.035238,0,0,0,0
1766,0.03829,0,0,0,0
1767,0.040102,0,0,0,0
1768,0.040913,0,0,0,0
1769,0.033283,0,0,0,0
1770,0.033045,0,0,0,0
1771,0.033998,0,0,0,0
1772,0.030136,0,0,0,0
1773,0.031996,0,0,0,0
1774,0.033617,0,0,0,0
1775,0.032854,0,0,0,0
1776,0.030375,0,0,0,0
1777,0.034666,0,0,0,0
1778,0.033665,0,0,0,0
1779,0.033331,0,0,0,0
1780,0.03252,0,0,0,0
1781,0.028038,0,0,0,0
1782,0.030756,0,0,0,0
1783,0.033092,0,0,0,0
1784,0.031853,0,0,0,0
1785,0.030947,0,0,0,0
1786,0.03109,0,0,0,0
1787,0.029707,0,0,0,0
1788,0.033379,0,0,0,0
1789,0.036764,0,0,0,0
1790,0.032616,0,0,0,0
1791,0.031042,0,0,0,0
1792,0.032663,0,0,0,0
1793,0.0319,0,0,0,0
1794,0.030804,0,0,0,0
1795,0.036001,0,0,0,0
1796,0.033522,0,0,0,0
1797,0.032902,0,0,0,0
1798,0.036621,0,0,0,0
1799,0.036097,0,0,0,0
1800,0.041151,0,0,0,0
1801,0.038004,0,0,0,0
1802,0.035,0,0,0,0
1803,0.038052,0,0,0,0
1804,0.039196,0,0,0,0
1805,0.038338,0,0,0,0
1806,0.040007,0,0,0,0
1807,0.040054,0,0,0,0
1808,0.043535,0,0,0,0
1809,0.045919,0,0,0,0
1810,0.040483,0,0,0,0
1811,0.040436,0,0,0,0
1812,0.037432,0,0,0,0
1813,0.042582,0,0,0,0
1814,0.04735,0,0,0,0
1815,0.044394,0,0,0,0
1816,0.046158,0,0,0,0
1817,0.041533,0,0,0,0
1818,0.040054,0,0,0,0
1819,0.041437,0,0,0,0
1820,0.036335,0,0,0,0
1821,0.038242,0,0,0,0
1822,0.035524,0,0,0,0
1823,0.038052,0,0,0,0
1824,0.034523,0,0,0,0
1825,0.034285,0,0,0,0
1826,0.035095,0,0,0,0
1827,0.035048,0,0,0,0
1828,0.035763,0,0,0,0
1829,0.036526,0,0,0,0
1830,0.038481,0,0,0,0
1831,0.040436,0,0,0,0
1832,0.040197,0,0,0,0
1833,0.039768,0,0,0,0
1834,0.041485,0,0,0,0
1835,0.043488,0,0,0,0
1836,0.046873,0,0,0,0
1837,0.047016,0,0,0,0
1838,0.046158,0,0,0,0
1839,0.046301,0,0,0,0
1840,0.044441,0,0,0,0
1841,0.046825,0,0,0,0
1842,0.050259,0,0,0,0
1843,0.047874,0,0,0,0
1844,0.045967,0,0,0,0
1845,0.045204,0,0,0,0
1846,0.040722,0,0,0,0
1847,0.04344,0,0,0,0
1848,0.047398,0,0,0,0
1849,0.045872,0,0,0,0
1850,0.043297,0,0,0,0
1851,0.041389,0,0,0,0
1852,0.039816,0,0,0,0
1853,0.040483,0,0,0,0
1854,0.037432,0,0,0,0
1855,0.037861,0,0,0,0
1856,0.038385,0,0,0,0
1857,0.0422,0,0,0,0
1858,0.037289,0,0,0,0
1859,0.032091,0,0,0,0
1860,0.039434,0,0,0,0
1861,0.03438,0,0,0,0
1862,0.025272,0,0,0,0
1863,0.026989,0,0,0,0
1864,0.026941,0,0,0,0
1865,0.034237,0,0,0,0
1866,0.028706,0,0,0,0
1867,0.029802,0,0,0,0
1868,0.04468,0,0,0,0
1869,0.045824,0,0,0,0
1870,0.042963,0,0,0,0
1871,0.042629,0,0,0,0
1872,0.031042,0,0,0,0
1873,0.030327,0,0,0,0
1874,0.050592,0,0,0,0
1875,0.029898,0,0,0,0
1876,0.033331,0,0,0,0
1877,0.044155,0,0,0,0
1878,0.046635,0,0,0,0
1879,0.049734,0,0,0,0
1880,0.032043,0,0,0,0
1881,0.027609,0,0,0,0
1882,0.040197,0,0,0,0
1883,0.033522,0,0,0,0
1884,0.027752,0,0,0,0
1885,0.022984,0,0,0,0
1886,0.016451,0,0,0,0
1887,0.008059,0,0,0,0
1888,0.039434,0,0,0,0
1889,0.055838,0,0,0,0
1890,-0.002813,0,0,0,0
1891,0.009251,0,0,0,0
1892,0.021744,0,0,0,0
1893,0.000286,0,0,0,0
1894,0.00782,0,0,0,0
1895,0.005531,0,0,0,0
1896,0.041151,0,0,0,0
1897,0.009727,0,0,0,0
1898,-0.016785,0,0,0,0
1899,0.011969,0,0,0,0
1900,-0.008154,0,0,0,0
1901,-0.043535,0,0,0,0
1902,0.003624,0,0,0,0
1903,0.021029,0,0,0,0
1904,-0.011015,0,0,0,0
1905,-0.015545,0,0,0,0
1906,-0.046778,0,0,0,0
1907,-0.092125,0,0,0,0
1908,-0.002003,0,0,0,0
1909,0.058556,0,0,0,0
1910,0.045633,0,0,0,0
1911,0.031137,0,0,0,0
1912,-0.034952,0,0,0,0
1913,-0.028324,0,0,0,0
1914,-0.069714,0,0,0,0
1915,0.014782,0,0,0,0
1916,-0.027227,0,0,0,0
1917,-0.033665,0,0,0,0
1918,-0.09613,0,0,0,0
1919,-0.039911,0,0,0,0
1920,-0.196266,0,0,0,0
1921,-0.141716,0,0,0,0
1922,-0.092793,0,0,0,0
1923,0.10643,0,0,0,0
1924,0.116634,0,0,0,0
1925,0.009584,0,0,0,0
1926,-0.266933,0,0,0,0
1927,-0.125313,0,0,0,0
1928,-0.323105,0,0,0,0
1929,-0.065899,0,0,0,0
1930,-0.230503,0,0,0,0
1931,-0.251389,0,0,0,0
1932,-0.152493,0,0,0,0
1933,-0.368786,0,0,0,0
1934,-0.198174,0,0,0,0
1935,-0.205851,0,0,0,0
1936,0.455284,0,0,0,0
1937,-0.561285,0,0,0,0
1938,-0.005722,0,0,0,0
1939,0.481033,0,0,0,0
1940,-0.196695,0,0,0,0
1941,-0.157118,0,0,0,0
1942,0.713062,0,0,0,0
1943,-0.251293,0,0,0,0
1944,-0.473356,0,0,0,0
1945,1.063919,0,0,0,0
1946,-0.673628,0,0,0,0
1947,-0.452757,0,0,0,0
1948,-0.065994,0,0,0,0
1949,-0.521517,0,0,0,0
1950,-0.081301,0,0,0,0
1951,0.02265,0,0,0,0
1952,0.278616,0,0,0,0
1953,-0.714254,0,0,0,0
1954,-0.674725,0,0,0,0
1955,-0.232649,0,0,0,0
1956,0.192213,0,0,0,0
1957,-0.326586,0,0,0,0
1958,-0.753069,0,0,0,0
1959,0.265455,0,0,0,0
1960,-0.370598,0,0,0,0
1961,-0.843,0,0,0,0
1962,0.280428,0,0,0,0
1963,-0.02656,0,0,0,0
1964,-0.608492,0,0,0,0
1965,0.036812,0,0,0,0
1966,-0.371027,0,0,0,0
1967,-0.068045,0,0,0,0
1968,0.110435,0,0,0,0
1969,0.212526,0,0,0,0
1970,-0.377893,0,0,0,0
1971,-0.907612,0,0,0,0
1972,0.247145,0,0,0,0
1973,0.616598,0,0,0,0
1974,-0.391483,0,0,0,0
1975,-0.301838,0,0,0,0
1976,0.228691,0,0,0,0
1977,0.031948,0,0,0,0
1978,-0.585747,0,0,0,0
1979,-0.150108,0,0,0,0
1980,0.064754,0,0,0,0
1981,-0.19002,0,0,0,0
1982,0.033617,0,0,0,0
1983,-0.106812,0,0,0,0
1984,-0.25239,0,0,0,0
1985,-0.264072,0,0,0,0
1986,0.053549,0,0,0,0
1987,-0.040913,0,0,0,0
1988,-0.215101,0,0,0,0
1989,-0.230598,0,0,0,0
1990,-0.102186,0,0,0,0
1991,-0.314951,0,0,0,0
1992,-0.120068,0,0,0,0
1993,-0.121546,0,0,0,0
1994,-0.206423,0,0,0,0
1995,-0.156593,0,0,0,0
1996,-0.244951,0,0,0,0
1997,-0.207376,0,0,0,0
1998,-0.132942,0,0,0,0
1999,-0.112104,0,0,0,0
2000,-0.144482,0,0,0,0
2001,-0.201178,0,0,0,0
2002,-0.214148,0,0,0,0
2003,-0.119257,0,0,0,0
2004,-0.101757,0,0,0,0
2005,-0.098705,0,0,0,0
2006,-0.100613,0,0,0,0
2007,-0.067472,0,0,0,0
2008,-0.076246,0,0,0,0
2009,-0.083971,0,0,0,0
2010,-0.010967,0,0,0,0
2011,0.008488,0,0,0,0
2012,-0.03233,0,0,0,0
2013,-0.052309,0,0,0,0
2014,-0.052595,0,0,0,0
2015,-0.034571,0,0,0,0
2016,-0.027752,0,0,0,0
2017,-0.034666,0,0,0,0
2018,-0.001764,0,0,0,0
2019,0.010109,0,0,0,0
2020,0.000763,0,0,0,0
2021,0.03624,0,0,0,0
2022,-0.017262,0,0,0,0
2023,-0.024128,0,0,0,0
2024,0.005245,0,0,0,0
2025,0.034237,0,0,0,0
2026,0.056696,0,0,0,0
2027,0.02203,0,0,0,0
2028,-0.018454,0,0,0,0
2029,-0.014591,0,0,0,0
2030,0.04859,0,0,0,0
2031,0.018454,0,0,0,0
2032,0.034189,0,0,0,0
2033,0.032425,0,0,0,0
2034,0.032187,0,0,0,0
2035,0.041771,0,0,0,0
2036,0.059891,0,0,0,0
2037,0.037289,0,0,0,0
2038,0.048399,0,0,0,0
2039,0.056028,0,0,0,0
2040,0.057316,0,0,0,0
2041,0.06094,0,0,0,0
2042,0.057364,0,0,0,0
2043,0.058508,0,0,0,0
2044,0.063181,0,0,0,0
2045,0.074577,0,0,0,0
2046,0.078106,0,0,0,0
2047,0.087738,0,0,0,0
2048,0.091314,0,0,0,0
2049,0.086975,0,0,0,0
2050,0.100613,0,0,0,0
2051,0.096798,0,0,0,0
2052,0.102663,0,0,0,0
2053,0.101471,0,0,0,0
2054,0.078535,0,0,0,0
2055,0.098705,0,0,0,0
2056,0.099659,0,0,0,0
2057,0.098515,0,0,0,0
2058,0.096893,0,0,0,0
2059,0.095844,0,0,0,0
2060,0.102472,0,0,0,0
2061,0.113153,0,0,0,0
2062,0.109529,0,0,0,0
2063,0.111389,0,0,0,0
2064,0.096273,0,0,0,0
2065,0.088167,0,0,0,0
2066,0.092793,0,0,0,0
2067,0.088549,0,0,0,0
2068,0.088263,0,0,0,0
2069,0.092363,0,0,0,0
2070,0.092554,0,0,0,0
2071,0.086927,0,0,0,0
2072,0.089359,0,0,0,0
2073,0.088596,0,0,0,0
2074,0.086784,0,0,0,0
2075,0.091219,0,0,0,0
2076,0.091362,0,0,0,0
2077,0.08955,0,0,0,0
2078,0.086689,0,0,0,0
2079,0.085402,0,0,0,0
2080,0.086069,0,0,0,0
2081,0.086308,0,0,0,0
2082,0.085735,0,0,0,0
2083,0.082207,0,0,0,0
2084,0.08626,0,0,0,0
2085,0.084162,0,0,0,0
2086,0.081825,0,0,0,0
2087,0.082922,0,0,0,0
2088,0.085926,0,0,0,0
2089,0.082922,0,0,0,0
2090,0.082874,0,0,0,0
2091,0.082922,0,0,0,0
2092,0.083447,0,0,0,0
2093,0.079107,0,0,0,0
2094,0.081873,0,0,0,0
2095,0.078058,0,0,0,0
2096,0.072384,0,0,0,0
2097,0.067568,0,0,0,0
2098,0.073957,0,0,0,0
2099,0.074244,0,0,0,0
2100,0.072527,0,0,0,0
2101,0.075102,0,0,0,0
2102,0.073385,0,0,0,0
2103,0.072432,0,0,0,0
2104,0.071478,0,0,0,0
2105,0.072145,0,0,0,0
2106,0.070524,0,0,0,0
2107,0.069237,0,0,0,0
2108,0.068855,0,0,0,0
2109,0.068426,0,0,0,0
2110,0.06218,0,0,0,0
2111,0.061226,0,0,0,0
2112,0.060797,0,0,0,0
2113,0.06032,0,0,0,0
2114,0.058413,0,0,0,0
2115,0.053883,0,0,0,0
2116,0.053167,0,0,0,0
2117,0.050783,0,0,0,0
2118,0.053692,0,0,0,0
2119,0.051022,0,0,0,0
2120,0.047445,0,0,0,0
2121,0.045633,0,0,0,0
2122,0.047159,0,0,0,0
2123,0.04549,0,0,0,0
2124,0.042534,0,0,0,0
2125,0.042725,0,0,0,0
2126,0.041914,0,0,0,0
2127,0.041485,0,0,0,0
2128,0.04487,0,0,0,0
2129,0.043821,0,0,0,0
2130,0.038958,0,0,0,0
2131,0.039816,0,0,0,0
2132,0.038004,0,0,0,0
2133,0.03767,0,0,0,0
2134,0.038338,0,0,0,0
2135,0.038815,0,0,0,0
2136,0.038338,0,0,0,0
2137,0.040627,0,0,0,0
2138,0.035954,0,0,0,0
2139,0.036573,0,0,0,0
2140,0.036478,0,0,0,0
2141,0.043726,0,0,0,0
2142,0.042915,0,0,0,0
2143,0.041246,0,0,0,0
2144,0.04096,0,0,0,0
2145,0.049782,0,0,0,0
2146,0.049591,0,0,0,0
2147,0.047064,0,0,0,0
2148,0.047159,0,0,0,0
2149,0.051594,0,0,0,0
2150,0.050879,0,0,0,0
2151,0.050592,0,0,0,0
2152,0.051928,0,0,0,0
2153,0.048447,0,0,0,0
2154,0.049448,0,0,0,0
2155,0.046444,0,0,0,0
2156,0.049877,0,0,0,0
2157,0.047874,0,0,0,0
2158,0.048685,0,0,0,0
2159,0.04797,0,0,0,0
2160,0.04549,0,0,0,0
2161,0.044775,0,0,0,0
2162,0.0422,0,0,0,0
2163,0.044203,0,0,0,0
2164,0.043297,0,0,0,0
2165,0.042248,0,0,0,0
2166,0.04158,0,0,0,0
2167,0.043154,0,0,0,0
2168,0.041676,0,0,0,0
2169,0.041342,0,0,0,0
2170,0.042629,0,0,0,0
2171,0.0422,0,0,0,0
2172,0.043249,0,0,0,0
2173,0.041103,0,0,0,0
2174,0.037527,0,0,0,0
2175,0.037861,0,0,0,0
2176,0.039101,0,0,0,0
2177,0.039244,0,0,0,0
2178,0.038576,0,0,0,0
2179,0.03891,0,0,0,0
2180,0.040913,0,0,0,0
2181,0.039101,0,0,0,0
2182,0.037766,0,0,0,0
2183,0.041914,0,0,0,0
2184,0.041056,0,0,0,0
2185,0.036287,0,0,0,0
2186,0.037766,0,0,0,0
2187,0.037861,0,0,0,0
2188,0.034571,0,0,0,0
2189,0.03252,0,0,0,0
2190,0.033569,0,0,0,0
2191,0.029707,0,0,0,0
2192,0.02718,0,0,0,0
2193,0.03233,0,0,0,0
2194,0.029659,0,0,0,0
2195,0.031948,0,0,0,0
2196,0.029373,0,0,0,0
2197,0.026703,0,0,0,0
2198,0.028992,0,0,0,0
2199,0.029039,0,0,0,0
2200,0.025749,0,0,0,0
2201,0.0247,0,0,0,0
2202,0.028419,0,0,0,0
2203,0.028181,0,0,0,0
2204,0.026655,0,0,0,0
2205,0.025463,0,0,0,0
2206,0.026655,0,0,0,0
2207,0.024605,0,0,0,0
2208,0.024509,0,0,0,0
2209,0.025034,0,0,0,0
2210,0.029659,0,0,0,0
2211,0.029945,0,0,0,0
2212,0.030231,0,0,0,0
2213,0.026417,0,0,0,0
2214,0.028515,0,0,0,0
2215,0.029516,0,0,0,0
2216,0.028419,0,0,0,0
2217,0.023746,0,0,0,0
2218,0.025034,0,0,0,0
2219,0.024557,0,0,0,0
2220,0.022793,0,0,0,0
2221,0.024319,0,0,0,0
2222,0.025892,0,0,0,0
2223,0.025702,0,0,0,0
2224,0.021696,0,0,0,0
2225,0.018549,0,0,0,0
2226,0.021362,0,0,0,0
2227,0.022697,0,0,0,0
2228,0.021601,0,0,0,0
2229,0.019741,0,0,0,0
2230,0.023413,0,0,0,0
2231,0.022602,0,0,0,0
2232,0.0247,0,0,0,0
2233,0.025034,0,0,0,0
2234,0.023603,0,0,0,0
2235,0.024843,0,0,0,0
2236,0.022984,0,0,0,0
2237,0.024605,0,0,0,0
2238,0.026894,0,0,0,0
2239,0.026655,0,0,0,0
2240,0.029898,0,0,0,0
2241,0.02799,0,0,0,0
2242,0.028229,0,0,0,0
2243,0.033092,0,0,0,0
2244,0.029755,0,0,0,0
2245,0.034761,0,0,0,0
2246,0.034428,0,0,0,0
2247,0.035763,0,0,0,0
2248,0.034714,0,0,0,0
2249,0.034332,0,0,0,0
2250,0.03705,0,0,0,0
2251,0.035095,0,0,0,0
2252,0.037289,0,0,0,0
2253,0.037575,0,0,0,0
2254,0.035,0,0,0,0
2255,0.034475,0,0,0,0
2256,0.037527,0,0,0,0
2257,0.03891,0,0,0,0
2258,0.036621,0,0,0,0
2259,0.038338,0,0,0,0
2260,0.03705,0,0,0,0
2261,0.039721,0,0,0,0
2262,0.04158,0,0,0,0
2263,0.043106,0,0,0,0
2264,0.039387,0,0,0,0
2265,0.03686,0,0,0,0
2266,0.036144,0,0,0,0
2267,0.039434,0,0,0,0
2268,0.03624,0,0,0,0
2269,0.036097,0,0,0,0
2270,0.035143,0,0,0,0
2271,0.035143,0,0,0,0
2272,0.030899,0,0,0,0
2273,0.033712,0,0,0,0
2274,0.03109,0,0,0,0
2275,0.029945,0,0,0,0
2276,0.033569,0,0,0,0
2277,0.029898,0,0,0,0
2278,0.028086,0,0,0,0
2279,0.032043,0,0,0,0
2280,0.029564,0,0,0,0
2281,0.025034,0,0,0,0
2282,0.025225,0,0,0,0
2283,0.025845,0,0,0,0
2284,0.025034,0,0,0,0
2285,0.026369,0,0,0,0
2286,0.027418,0,0,0,0
2287,0.027227,0,0,0,0
2288,0.028086,0,0,0,0
2289,0.027514,0,0,0,0
2290,0.036526,0,0,0,0
2291,0.037622,0,0,0,0
2292,0.038099,0,0,0,0
2293,0.036764,0,0,0,0
2294,0.03767,0,0,0,0
2295,0.036001,0,0,0,0
2296,0.039339,0,0,0,0
2297,0.038242,0,0,0,0
2298,0.036335,0,0,0,0
2299,0.035334,0,0,0,0
2300,0.038671,0,0,0,0
2301,0.041151,0,0,0,0
2302,0.038862,0,0,0,0
2303,0.037289,0,0,0,0
2304,0.038385,0,0,0,0
2305,0.033474,0,0,0,0
2306,0.030899,0,0,0,0
2307,0.030327,0,0,0,0
2308,0.030708,0,0,0,0
2309,0.032711,0,0,0,0
2310,0.035524,0,0,0,0
2311,0.036526,0,0,0,0
2312,0.037146,0,0,0,0
2313,0.036764,0,0,0,0
2314,0.035334,0,0,0,0
2315,0.033283,0,0,0,0
2316,0.030851,0,0,0,0
2317,0.031662,0,0,0,0
2318,0.035334,0,0,0,0
2319,0.034094,0,0,0,0
2320,0.032282,0,0,0,0
2321,0.031185,0,0,0,0
2322,0.029945,0,0,0,0
2323,0.029898,0,0,0,0
2324,0.030136,0,0,0,0
2325,0.02861,0,0,0,0
2326,0.027752,0,0,0,0
2327,0.028181,0,0,0,0
2328,0.029755,0,0,0,0
2329,0.028324,0,0,0,0
2330,0.027752,0,0,0,0
2331,0.02656,0,0,0,0
2332,0.026894,0,0,0,0
2333,0.026941,0,0,0,0
2334,0.022984,0,0,0,0
2335,0.02389,0,0,0,0
2336,0.025511,0,0,0,0
2337,0.026751,0,0,0,0
2338,0.025892,0,0,0,0
2339,0.02389,0,0,0,0
2340,0.025845,0,0,0,0
2341,0.0247,0,0,0,0
2342,0.026894,0,0,0,0
2343,0.025129,0,0,0,0
2344,0.02079,0,0,0,0
2345,0.024271,0,0,0,0
2346,0.023365,0,0,0,0
2347,0.024128,0,0,0,0
2348,0.025225,0,0,0,0
2349,0.021601,0,0,0,0
2350,0.020599,0,0,0,0
2351,0.020266,0,0,0,0
2352,0.021505,0,0,0,0
2353,0.021648,0,0,0,0
2354,0.021744,0,0,0,0
2355,0.021553,0,0,0,0
2356,0.017738,0,0,0,0
2357,0.017262,0,0,0,0
2358,0.020027,0,0,0,0
2359,0.019264,0,0,0,0
2360,0.01955,0,0,0,0
2361,0.020409,0,0,0,0
2362,0.019026,0,0,0,0
2363,0.018549,0,0,0,0
2364,0.022125,0,0,0,0
2365,0.019073,0,0,0,0
2366,0.015163,0,0,0,0
2367,0.017643,0,0,0,0
2368,0.017834,0,0,0,0
2369,0.015306,0,0,0,0
2370,0.01564,0,0,0,0
2371,0.013256,0,0,0,0
2372,0.016069,0,0,0,0
2373,0.01564,0,0,0,0
2374,0.01502,0,0,0,0
2375,0.016737,0,0,0,0
2376,0.016832,0,0,0,0
2377,0.014544,0,0,0,0
2378,0.013924,0,0,0,0
2379,0.013304,0,0,0,0
2380,0.011826,0,0,0,0
2381,0.016165,0,0,0,0
2382,0.014687,0,0,0,0
2383,0.013399,0,0,0,0
2384,0.015116,0,0,0,0
2385,0.010967,0,0,0,0
2386,0.011349,0,0,0,0
2387,0.011921,0,0,0,0
2388,0.008965,0,0,0,0
2389,0.011349,0,0,0,0
2390,0.014353,0,0,0,0
2391,0.017023,0,0,0,0
2392,0.013876,0,0,0,0
2393,0.012589,0,0,0,0
2394,0.01421,0,0,0,0
2395,0.018597,0,0,0,0
2396,0.018883,0,0,0,0
2397,0.01955,0,0,0,0
2398,0.017691,0,0,0,0
2399,0.014782,0,0,0,0
2400,0.016308,0,0,0,0
2401,0.015211,0,0,0,0
2402,0.013685,0,0,0,0
2403,0.017405,0,0,0,0
2404,0.014496,0,0,0,0
2405,0.007868,0,0,0,0
2406,0.003624,0,0,0,0
2407,0.006723,0,0,0,0
2408,0.007534,0,0,0,0
2409,0.009298,0,0,0,0
2410,0.004673,0,0,0,0
2411,0.003672,0,0,0,0
2412,0.0072,0,0,0,0
2413,0.010586,0,0,0,0
2414,0.007772,0,0,0,0
2415,0.00453,0,0,0,0
2416,0.008345,0,0,0,0
2417,0.004959,0,0,0,0
2418,0.001097,0,0,0,0
2419,0.003529,0,0,0,0
2420,0.007725,0,0,0,0
2421,0.008106,0,0,0,0
2422,0.009251,0,0,0,0
2423,0.008202,0,0,0,0
2424,0.008392,0,0,0,0
2425,0.008821,0,0,0,0
2426,0.008869,0,0,0,0
2427,0.010395,0,0,0,0
2428,0.008488,0,0,0,0
2429,0.010109,0,0,0,0
2430,0.00906,0,0,0,0
2431,0.009918,0,0,0,0
2432,0.01049,0,0,0,0
2433,0.007582,0,0,0,0
2434,0.011444,0,0,0,0
2435,0.009251,0,0,0,0
2436,0.007582,0,0,0,0
2437,0.007868,0,0,0,0
2438,0.00844,0,0,0,0
2439,0.008249,0,0,0,0
2440,0.014639,0,0,0,0
2441,0.012732,0,0,0,0
2442,0.013971,0,0,0,0
2443,0.015879,0,0,0,0
2444,0.017071,0,0,0,0
2445,0.011206,0,0,0,0
2446,0.012445,0,0,0,0
2447,0.014496,0,0,0,0
2448,0.015402,0,0,0,0
2449,0.013876,0,0,0,0
2450,0.00968,0,0,0,0
2451,0.011396,0,0,0,0
2452,0.011921,0,0,0,0
2453,0.008678,0,0,0,0
2454,0.006056,0,0,0,0
2455,0.013065,0,0,0,0
2456,0.014925,0,0,0,0
2457,0.00124,0,0,0,0
2458,-0.011826,0,0,0,0
2459,0.002384,0,0,0,0
2460,0.009966,0,0,0,0
2461,0.016212,0,0,0,0
2462,0.041008,0,0,0,0
2463,-0.001907,0,0,0,0
2464,0.005627,0,0,0,0
2465,0.017929,0,0,0,0
2466,0.018311,0,0,0,0
2467,0.007391,0,0,0,0
2468,0.009394,0,0,0,0
2469,0.008726,0,0,0,0
2470,-0.003862,0,0,0,0
2471,0.009251,0,0,0,0
2472,0.013447,0,0,0,0
2473,0.015306,0,0,0,0
2474,-4.8e-05,0,0,0,0
2475,0.00186,0,0,0,0
2476,-0.005817,0,0,0,0
2477,-0.004148,0,0,0,0
2478,-0.001526,0,0,0,0
2479,9.5e-05,0,0,0,0
2480,0.02327,0,0,0,0
2481,0.002241,0,0,0,0
2482,-0.021219,0,0,0,0
2483,-0.013161,0,0,0,0
2484,-0.000334,0,0,0,0
2485,-0.012159,0,0,0,0
2486,-0.016499,0,0,0,0
2487,-0.038767,0,0,0,0
2488,-0.026131,0,0,0,0
2489,9.5e-05,0,0,0,0
2490,-0.004482,0,0,0,0
2491,-0.021029,0,0,0,0
2492,-0.036907,0,0,0,0
2493,-0.008106,0,0,0,0
2494,9.5e-05,0,0,0,0
2495,-0.012732,0,0,0,0
2496,-0.033379,0,0,0,0
2497,-0.032425,0,0,0,0
2498,-0.013828,0,0,0,0
2499,-0.004148,0,0,0,0
2500,-0.006056,0,0,0,0
2501,-0.012016,0,0,0,0
2502,0.072098,0,0,0,0
2503,0.112438,0,0,0,0
2504,0.039005,0,0,0,0
2505,-0.011921,0,0,0,0
2506,-0.107908,0,0,0,0
2507,-0.089645,0,0,0,0
2508,-0.100136,0,0,0,0
2509,-0.035381,0,0,0,0
2510,-0.08378,0,0,0,0
2511,-0.198507,0,0,0,0
2512,-0.052023,0,0,0,0
2513,0.002909,0,0,0,0
2514,0.059843,0,0,0,0
2515,-0.084639,0,0,0,0
2516,-0.170517,0,0,0,0
2517,0.099087,0,0,0,0
2518,-0.0597,0,0,0,0
2519,0.050831,0,0,0,0
2520,0.081491,0,0,0,0
2521,0.043631,0,0,0,0
2522,-0.013304,0,0,0,0
2523,-0.253105,0,0,0,0
2524,-0.207472,0,0,0,0
2525,-0.239182,0,0,0,0
2526,-0.080395,0,0,0,0
2527,-0.254536,0,0,0,0
2528,-0.101805,0,0,0,0
2529,0.131845,0,0,0,0
2530,-0.893402,0,0,0,0
2531,-0.681353,0,0,0,0
2532,-0.162029,0,0,0,0
2533,-0.457525,0,0,0,0
2534,0.451136,0,0,0,0
2535,9.5e-05,0,0,0,0
2536,-0.486755,0,0,0,0
2537,-0.120831,0,0,0,0
2538,-0.4076,0,0,0,0
2539,-0.289774,0,0,0,0
2540,-0.012541,0,0,0,0
2541,-0.280237,0,0,0,0
2542,-0.309277,0,0,0,0
2543,0.033903,0,0,0,0
2544,-0.481224,0,0,0,0
2545,0.66576,0,0,0,0
2546,-0.355053,0,0,0,0
2547,-0.942087,0,0,0,0
2548,0.159216,0,0,0,0
2549,0.100136,0,0,0,0
2550,-0.113535,0,0,0,0
2551,-0.363731,0,0,0,0
2552,-0.570583,0,0,0,0
2553,-0.058985,0,0,0,0
2554,0.431442,0,0,0,0
2555,-0.200415,0,0,0,0
2556,-0.267315,0,0,0,0
2557,-0.803947,0,0,0,0
2558,0.374079,0,0,0,0
2559,-0.177097,0,0,0,0
2560,-0.001192,0,0,0,0
2561,0.6845,0,0,0,0
2562,-0.187206,0,0,0,0
2563,-0.796795,0,0,0,0
2564,0.422668,0,0,0,0
2565,-0.186539,0,0,0,0
2566,0.166178,0,0,0,0
2567,-0.38271,0,0,0,0
2568,-0.23241,0,0,0,0
2569,-0.000668,0,0,0,0
2570,-0.446224,0,0,0,0
2571,-0.427628,0,0,0,0
2572,-0.271463,0,0,0,0
2573,0.832319,0,0,0,0
2574,0.012875,0,0,0,0
2575,-0.060987,0,0,0,0
2576,0.170422,0,0,0,0
2577,0.017262,0,0,0,0
2578,-0.505161,0,0,0,0
2579,-0.070333,0,0,0,0
2580,0.071001,0,0,0,0
2581,0.029898,0,0,0,0
2582,-0.106001,0,0,0,0
2583,-0.2285,0,0,0,0
2584,-0.141907,0,0,0,0
2585,-0.184345,0,0,0,0
2586,-0.083685,0,0,0,0
2587,-0.14987,0,0,0,0
2588,-0.024748,0,0,0,0
2589,-0.03829,0,0,0,0
2590,0.017023,0,0,0,0
2591,0.017357,0,0,0,0
2592,0.098705,0,0,0,0
2593,0.036955,0,0,0,0
2594,0.02265,0,0,0,0
2595,-0.043631,0,0,0,0
2596,0.065756,0,0,0,0
2597,-0.016022,0,0,0,0
2598,0.011206,0,0,0,0
2599,0.051212,0,0,0,0
2600,0.007629,0,0,0,0
2601,0.000858,0,0,0,0
2602,0.000763,0,0,0,0
2603,0.041771,0,0,0,0
2604,0.073004,0,0,0,0
2605,0.078297,0,0,0,0
2606,0.067186,0,0,0,0
2607,0.031328,0,0,0,0
2608,0.033379,0,0,0,0
2609,0.048733,0,0,0,0
2610,0.042248,0,0,0,0
2611,0.039577,0,0,0,0
2612,0.074339,0,0,0,0
2613,0.075626,0,0,0,0
2614,0.046921,0,0,0,0
2615,0.040293,0,0,0,0
2616,0.066519,0,0,0,0
2617,0.071859,0,0,0,0
2618,0.085211,0,0,0,0
2619,0.056219,0,0,0,0
2620,0.108528,0,0,0,0
2621,0.072956,0,0,0,0
2622,0.064087,0,0,0,0
2623,0.100422,0,0,0,0
2624,0.063324,0,0,0,0
0,0,428,32.997131,0,0
0,0,429,41.799744,0,0
0,0,430,49.158931,0,0
0,0,431,52.960714,0,0
0,0,432,52.979589,0,0
0,0,433,51.138798,0,0
0,0,434,49.814582,0,0
0,0,435,49.731135,0,0
0,0,436,49.964587,0,0
0,0,437,49.9626,0,0
0,0,438,49.908956,0,0
0,0,439,49.893061,0,0
0,0,440,49.887101,0,0
0,0,441,49.888094,0,0
0,0,442,49.897035,0,0
0,0,443,49.904982,0,0
0,0,444,49.917897,0,0
0,0,445,49.931804,0,0
0,0,446,49.947699,0,0
0,0,447,49.951673,0,0
0,0,448,49.889088,0,0
0,0,449,49.894055,0,0
0,0,450,49.903989,0,0
0,0,451,49.919883,0,0
0,0,452,49.935778,0,0
0,0,453,49.947699,0,0
0,0,454,49.949686,0,0
0,0,455,49.949686,0,0
0,0,456,49.948692,0,0
0,0,457,49.941738,0,0
0,0,458,49.936771,0,0
0,0,459,49.932798,0,0
0,0,460,49.929818,0,0
0,0,461,49.932798,0,0
0,0,462,49.937765,0,0
0,0,463,49.941738,0,0
0,0,464,49.948692,0,0
0,0,465,49.952666,0,0
0,0,466,49.951673,0,0
0,0,467,49.951673,0,0
0,0,468,49.949686,0,0
0,0,469,49.944719,0,0
0,0,470,49.944719,0,0
0,0,471,49.946706,0,0
0,0,472,49.948692,0,0
0,0,473,49.948692,0,0
0,0,474,49.947699,0,0
0,0,475,49.946706,0,0
0,0,476,49.944719,0,0
0,0,477,49.946706,0,0
0,0,478,49.945712,0,0
0,0,479,49.944719,0,0
0,0,480,49.944719,0,0
0,0,481,49.944719,0,0
0,0,482,49.943725,0,0
0,0,483,49.946706,0,0
0,0,484,49.947699,0,0
0,0,485,49.949686,0,0
0,0,486,49.952666,0,0
0,0,487,49.95664,0,0
0,0,488,49.95962,0,0
0,0,489,49.961607,0,0
0,0,490,49.961607,0,0
0,0,491,49.960613,0,0
0,0,492,49.963593,0,0
0,0,493,49.963593,0,0
0,0,494,49.969554,0,0
0,0,495,49.975514,0,0
0,0,496,49.979488,0,0
0,0,497,49.980481,0,0
0,0,498,49.985449,0,0
0,0,499,49.983462,0,0
0,0,500,49.981475,0,0
0,0,501,49.978495,0,0
0,0,502,49.973528,0,0
0,0,503,49.968561,0,0
0,0,504,49.967567,0,0
0,0,505,49.967567,0,0
0,0,506,49.970547,0,0
0,0,507,49.972534,0,0
0,0,508,49.973528,0,0
0,0,509,49.972534,0,0
0,0,510,49.977501,0,0
0,0,511,49.978495,0,0
0,0,512,49.979488,0,0
0,0,513,49.979488,0,0
0,0,514,49.979488,0,0
0,0,515,49.978495,0,0
0,0,516,49.986442,0,0
0,0,517,49.986442,0,0
0,0,518,49.985449,0,0
0,0,519,49.984455,0,0
0,0,520,49.985449,0,0
0,0,521,49.984455,0,0
0,0,522,49.984455,0,0
0,0,523,49.982468,0,0
0,0,524,49.984455,0,0
0,0,525,49.983462,0,0
0,0,526,49.985449,0,0
0,0,527,49.985449,0,0
0,0,528,49.989422,0,0
0,0,529,49.992402,0,0
0,0,530,49.996376,0,0
0,0,531,50.001343,0,0
0,0,532,49.993396,0,0
0,0,533,49.996376,0,0
0,0,534,49.998363,0,0
0,0,535,50.00333,0,0
0,0,536,50.005317,0,0
0,0,537,50.004323,0,0
0,0,538,50.001343,0,0
0,0,539,49.998363,0,0
0,0,540,49.994389,0,0
0,0,541,49.996376,0,0
0,0,542,49.994389,0,0
0,0,543,49.996376,0,0
0,0,544,49.998363,0,0
0,0,545,49.998363,0,0
0,0,546,49.995383,0,0
0,0,547,49.994389,0,0
0,0,548,49.990416,0,0
0,0,549,49.987435,0,0
0,0,550,49.986442,0,0
0,0,551,49.987435,0,0
0,0,552,49.988429,0,0
0,0,553,49.990416,0,0
0,0,554,49.990416,0,0
0,0,555,49.994389,0,0
0,0,556,49.993396,0,0
0,0,557,49.990416,0,0
0,0,558,49.988429,0,0
0,0,559,49.988429,0,0
0,0,560,49.983462,0,0
0,0,561,49.983462,0,0
0,0,562,49.979488,0,0
0,0,563,49.979488,0,0
0,0,564,49.982468,0,0
0,0,565,49.984455,0,0
0,0,566,49.988429,0,0
0,0,567,49.994389,0,0
0,0,568,49.997369,0,0
0,0,569,49.998363,0,0
0,0,570,49.997369,0,0
0,0,571,49.998363,0,0
0,0,572,49.995383,0,0
0,0,573,49.994389,0,0
0,0,574,49.997369,0,0
0,0,575,49.994389,0,0
0,0,576,49.995383,0,0
0,0,577,49.998363,0,0
0,0,578,49.998363,0,0
0,0,579,50.00035,0,0
0,0,580,49.999356,0,0
0,0,581,50.00035,0,0
0,0,582,50.00035,0,0
0,0,583,50.00035,0,0
0,0,584,49.991409,0,0
0,0,585,49.989422,0,0
0,0,586,49.988429,0,0
0,0,587,49.985449,0,0
0,0,588,49.981475,0,0
0,0,589,49.978495,0,0
0,0,590,49.971541,0,0
0,0,591,49.972534,0,0
0,0,592,49.974521,0,0
0,0,593,49.977501,0,0
0,0,594,49.980481,0,0
0,0,595,49.981475,0,0
0,0,596,49.984455,0,0
0,0,597,49.985449,0,0
0,0,598,49.985449,0,0
0,0,599,49.985449,0,0
0,0,600,49.984455,0,0
0,0,601,49.983462,0,0
0,0,602,49.981475,0,0
0,0,603,49.979488,0,0
0,0,604,49.976508,0,0
0,0,605,49.974521,0,0
0,0,606,49.974521,0,0
0,0,607,49.972534,0,0
0,0,608,49.975514,0,0
0,0,609,49.972534,0,0
0,0,610,49.971541,0,0
0,0,611,49.970547,0,0
0,0,612,49.973528,0,0
0,0,613,49.971541,0,0
0,0,614,49.970547,0,0
0,0,615,49.972534,0,0
0,0,616,49.971541,0,0
0,0,617,49.973528,0,0
0,0,618,49.975514,0,0
0,0,619,49.978495,0,0
0,0,620,49.982468,0,0
0,0,621,49.983462,0,0
0,0,622,49.984455,0,0
0,0,623,49.983462,0,0
0,0,624,49.987435,0,0
0,0,625,49.982468,0,0
0,0,626,49.977501,0,0
0,0,627,49.976508,0,0
2625,0.028181,0,0,0,0
2626,0.117445,0,0,0,0
2627,0.128889,0,0,0,0
2628,0.058889,0,0,0,0
2629,0.08049,0,0,0,0
2630,0.104904,0,0,0,0
2631,0.095749,0,0,0,0
2632,0.088692,0,0,0,0
2633,0.117588,0,0,0,0
2634,0.089359,0,0,0,0
2635,0.201368,0,0,0,0
2636,0.198221,0,0,0,0
2637,0.197792,0,0,0,0
2638,0.194979,0,0,0,0
2639,0.19145,0,0,0,0
2640,0.178671,0,0,0,0
2641,0.176907,0,0,0,0
2642,0.170708,0,0,0,0
2643,0.165892,0,0,0,0
2644,0.161409,0,0,0,0
2645,0.148249,0,0,0,0
2646,0.136518,0,0,0,0
2647,0.138235,0,0,0,0
2648,0.144053,0,0,0,0
2649,0.145197,0,0,0,0
2650,0.12846,0,0,0,0
2651,0.127316,0,0,0,0
2652,0.122166,0,0,0,0
2653,0.120306,0,0,0,0
2654,0.12188,0,0,0,0
2655,0.113678,0,0,0,0
2656,0.111389,0,0,0,0
2657,0.114393,0,0,0,0
2658,0.109959,0,0,0,0
2659,0.102282,0,0,0,0
2660,0.09985,0,0,0,0
2661,0.098085,0,0,0,0
2662,0.102568,0,0,0,0
2663,0.105095,0,0,0,0
2664,0.097895,0,0,0,0
2665,0.09613,0,0,0,0
2666,0.089455,0,0,0,0
2667,0.084925,0,0,0,0
2668,0.090313,0,0,0,0
2669,0.089169,0,0,0,0
2670,0.087357,0,0,0,0
2671,0.084305,0,0,0,0
2672,0.084543,0,0,0,0
2673,0.088739,0,0,0,0
2674,0.08955,0,0,0,0
2675,0.074625,0,0,0,0
2676,0.071144,0,0,0,0
2677,0.069952,0,0,0,0
2678,0.070286,0,0,0,0
2679,0.0741,0,0,0,0
2680,0.072861,0,0,0,0
2681,0.071287,0,0,0,0
2682,0.073242,0,0,0,0
2683,0.076771,0,0,0,0
2684,0.066233,0,0,0,0
2685,0.065947,0,0,0,0
2686,0.06547,0,0,0,0
2687,0.067854,0,0,0,0
2688,0.064135,0,0,0,0
2689,0.06423,0,0,0,0
2690,0.055218,0,0,0,0
2691,0.056601,0,0,0,0
2692,0.058174,0,0,0,0
2693,0.057602,0,0,0,0
2694,0.05846,0,0,0,0
2695,0.054789,0,0,0,0
2696,0.053263,0,0,0,0
2697,0.051689,0,0,0,0
2698,0.055408,0,0,0,0
2699,0.052309,0,0,0,0
2700,0.047398,0,0,0,0
2701,0.045919,0,0,0,0
2702,0.047493,0,0,0,0
2703,0.045967,0,0,0,0
2704,0.045919,0,0,0,0
2705,0.052118,0,0,0,0
2706,0.043488,0,0,0,0
2707,0.043869,0,0,0,0
2708,0.047112,0,0,0,0
2709,0.044346,0,0,0,0
2710,0.044346,0,0,0,0
2711,0.043678,0,0,0,0
2712,0.04096,0,0,0,0
2713,0.042105,0,0,0,0
2714,0.04487,0,0,0,0
2715,0.039673,0,0,0,0
2716,0.042534,0,0,0,0
2717,0.042534,0,0,0,0
2718,0.036001,0,0,0,0
2719,0.02923,0,0,0,0
2720,0.039339,0,0,0,0
2721,0.037336,0,0,0,0
2722,0.036955,0,0,0,0
2723,0.031996,0,0,0,0
2724,0.031376,0,0,0,0
2725,0.033331,0,0,0,0
2726,0.032806,0,0,0,0
2727,0.03252,0,0,0,0
2728,0.038767,0,0,0,0
2729,0.035095,0,0,0,0
2730,0.038433,0,0,0,0
2731,0.038815,0,0,0,0
2732,0.037289,0,0,0,0
2733,0.034475,0,0,0,0
2734,0.032759,0,0,0,0
2735,0.031471,0,0,0,0
2736,0.037193,0,0,0,0
2737,0.035334,0,0,0,0
2738,0.036621,0,0,0,0
2739,0.035048,0,0,0,0
2740,0.032949,0,0,0,0
2741,0.033331,0,0,0,0
2742,0.032949,0,0,0,0
2743,0.031233,0,0,0,0
2744,0.032568,0,0,0,0
2745,0.030231,0,0,0,0
2746,0.030851,0,0,0,0
2747,0.029564,0,0,0,0
2748,0.030613,0,0,0,0
2749,0.033855,0,0,0,0
2750,0.020218,0,0,0,0
2751,0.018978,0,0,0,0
2752,0.024652,0,0,0,0
2753,0.025988,0,0,0,0
2754,0.029993,0,0,0,0
2755,0.03314,0,0,0,0
2756,0.030231,0,0,0,0
2757,0.016069,0,0,0,0
2758,0.022173,0,0,0,0
2759,0.024843,0,0,0,0
2760,0.026274,0,0,0,0
2761,0.026274,0,0,0,0
2762,0.022984,0,0,0,0
2763,0.024223,0,0,0,0
2764,0.023031,0,0,0,0
