ecg smp,ecg val,bioz smp,bioz val,mmg smp,mmg val
0,0,1,186.080734,0,0
0,0,2,186.075767,0,0
0,0,3,186.07676,0,0
0,0,0,0,1,-4714.0
0,0,0,0,2,-1556.0
0,0,0,0,3,-1046.0
0,0,0,0,4,167.0
0,0,5,186.081727,0,0
0,0,6,186.081727,0,0
0,0,7,186.075767,0,0
0,0,0,0,6,-577.0
0,0,0,0,7,-178.0
0,0,0,0,8,28.0
0,0,0,0,9,87.0
0,0,9,186.047951,0,0
0,0,10,186.035037,0,0
0,0,11,186.020136,0,0
0,0,0,0,11,4618.0
0,0,0,0,12,2102.0
0,0,0,0,13,534.0
0,0,0,0,14,879.0
0,0,13,186.009208,0,0
0,0,14,186.008215,0,0
0,0,15,186.011195,0,0
0,0,0,0,16,4570.0
0,0,0,0,17,2206.0
0,0,0,0,18,-69.0
0,0,0,0,19,-138.0
0,0,17,186.018149,0,0
0,0,18,186.018149,0,0
0,0,19,186.010202,0,0
0,0,0,0,21,-3305.0
0,0,0,0,22,-2470.0
0,0,0,0,23,98.0
0,0,0,0,24,222.0
0,0,21,185.993314,0,0
0,0,22,185.985367,0,0
0,0,23,185.977419,0,0
0,0,0,0,26,-181.0
0,0,0,0,27,-196.0
0,0,0,0,28,-148.0
0,0,0,0,29,-163.0
0,0,25,185.969472,0,0
0,0,26,185.970465,0,0
0,0,27,185.977419,0,0
0,0,0,0,31,4251.0
0,0,0,0,32,2269.0
0,0,0,0,33,1192.0
0,0,0,0,34,2204.0
0,0,29,185.982386,0,0
0,0,30,185.979406,0,0
0,0,31,185.971459,0,0
0,0,0,0,36,4045.0
0,0,0,0,37,2420.0
0,0,0,0,38,765.0
0,0,0,0,39,756.0
0,0,33,185.949604,0,0
0,0,34,185.940663,0,0
0,0,35,185.931722,0,0
0,0,0,0,41,-3975.0
0,0,0,0,42,-1726.0
0,0,0,0,43,-308.0
0,0,0,0,44,-362.0
0,0,37,185.927749,0,0
0,0,38,185.930729,0,0
0,0,39,185.936689,0,0
0,0,0,0,46,-4799.0
0,0,0,0,47,-2404.0
0,0,0,0,48,-752.0
0,0,0,0,49,-110.0
0,0,41,185.930729,0,0
0,0,42,185.924768,0,0
0,0,43,185.915828,0,0
0,0,0,0,51,3443.0
0,0,0,0,52,2608.0
0,0,0,0,53,-520.0
0,0,0,0,54,1184.0
0,0,45,185.890992,0,0
0,0,46,185.880065,0,0
0,0,47,185.872118,0,0
0,0,0,0,56,777.0
0,0,0,0,57,713.0
0,0,0,0,58,-1245.0
0,0,0,0,59,-1008.0
0,0,49,185.870131,0,0
0,0,50,185.872118,0,0
0,0,51,185.872118,0,0
0,0,0,0,61,-175.0
0,0,0,0,62,-148.0
0,0,0,0,63,-81.0
0,0,0,0,64,-617.0
0,0,53,185.865164,0,0
0,0,54,185.85821,0,0
0,0,55,185.848276,0,0
0,0,0,0,66,413.0
0,0,0,0,67,-565.0
0,0,0,0,68,-249.0
0,0,0,0,69,-128.0
0,0,57,185.827414,0,0
0,0,58,185.822447,0,0
0,0,59,185.821454,0,0
0,0,0,0,71,-564.0
0,0,0,0,72,88.0
0,0,0,0,73,205.0
0,0,0,0,74,-510.0
0,0,61,185.839335,0,0
0,0,62,185.830394,0,0
0,0,63,185.81748,0,0
0,0,0,0,76,-4003.0
0,0,0,0,77,-2285.0
0,0,0,0,78,-994.0
0,0,0,0,79,-741.0
0,0,65,185.801586,0,0
0,0,66,185.801586,0,0
0,0,67,185.804566,0,0
0,0,0,0,81,923.0
0,0,0,0,82,41.0
0,0,0,0,83,723.0
0,0,0,0,84,-215.0
1,-2.228928,0,0,0,0
2,-2.943516,0,0,0,0
3,-1.542854,0,0,0,0
4,0.232077,0,0,0,0
0,0,0,0,86,795.0
0,0,0,0,87,732.0
0,0,0,0,88,-114.0
0,0,0,0,89,-4.0
6,-2.958012,0,0,0,0
7,-2.277327,0,0,0,0
8,-0.586843,0,0,0,0
9,0.3654,0,0,0,0
0,0,0,0,91,271.0
0,0,0,0,92,-222.0
0,0,0,0,93,310.0
0,0,0,0,94,-116.0
11,-6.222296,0,0,0,0
12,-6.25,0,0,0,0
13,-6.222677,0,0,0,0
14,-6.248856,0,0,0,0
0,0,0,0,96,-672.0
0,0,0,0,97,-1158.0
0,0,0,0,98,850.0
0,0,0,0,99,-498.0
16,-5.658817,0,0,0,0
17,-6.220675,0,0,0,0
18,-6.25,0,0,0,0
19,-5.857658,0,0,0,0
0,0,0,0,101,40.0
0,0,0,0,102,-712.0
0,0,0,0,103,-60.0
0,0,0,0,104,227.0
21,-6.125832,0,0,0,0
22,-6.25,0,0,0,0
23,-6.191587,0,0,0,0
24,-4.236937,0,0,0,0
0,0,0,0,106,521.0
0,0,0,0,107,-210.0
0,0,0,0,108,-1036.0
0,0,0,0,109,108.0
26,-6.240845,0,0,0,0
27,-6.25,0,0,0,0
28,-4.458284,0,0,0,0
29,-3.127432,0,0,0,0
0,0,0,0,111,654.0
0,0,0,0,112,59.0
0,0,0,0,113,224.0
0,0,0,0,114,-204.0
31,-6.25,0,0,0,0
32,-5.124235,0,0,0,0
33,-2.499008,0,0,0,0
34,-3.404665,0,0,0,0
0,0,0,0,116,84.0
0,0,0,0,117,39.0
0,0,0,0,118,121.0
0,0,0,0,119,98.0
36,-5.529308,0,0,0,0
37,-2.49486,0,0,0,0
38,-1.791763,0,0,0,0
39,-4.047775,0,0,0,0
0,0,0,0,121,-285.0
0,0,0,0,122,75.0
0,0,0,0,123,820.0
0,0,0,0,124,61.0
41,-3.427601,0,0,0,0
42,-1.69673,0,0,0,0
43,-3.156662,0,0,0,0
44,-5.71413,0,0,0,0
0,0,0,0,126,104.0
0,0,0,0,127,244.0
0,0,0,0,128,238.0
0,0,0,0,129,244.0
46,-1.287365,0,0,0,0
47,-1.751852,0,0,0,0
48,-4.326344,0,0,0,0
49,-5.723238,0,0,0,0
0,0,0,0,131,295.0
0,0,0,0,132,-542.0
0,0,0,0,133,76.0
0,0,0,0,134,-465.0
51,-0.518608,0,0,0,0
52,-2.407789,0,0,0,0
53,-4.728556,0,0,0,0
54,-4.452085,0,0,0,0
0,0,0,0,136,-147.0
0,0,0,0,137,-115.0
0,0,0,0,138,-83.0
0,0,0,0,139,-805.0
56,-1.452208,0,0,0,0
57,-4.067612,0,0,0,0
58,-4.852867,0,0,0,0
59,-2.628994,0,0,0,0
0,0,0,0,141,-163.0
0,0,0,0,142,533.0
0,0,0,0,143,-522.0
0,0,0,0,144,-241.0
61,-3.015709,0,0,0,0
62,-4.799795,0,0,0,0
63,-3.570652,0,0,0,0
64,-0.564384,0,0,0,0
0,0,0,0,146,30.0
0,0,0,0,147,-217.0
0,0,0,0,148,68.0
0,0,0,0,149,328.0
66,-4.29945,0,0,0,0
67,-4.126263,0,0,0,0
68,-1.364279,0,0,0,0
69,0.455236,0,0,0,0
0,0,0,0,151,143.0
0,0,0,0,152,140.0
0,0,0,0,153,908.0
0,0,0,0,154,-622.0
71,-4.159689,0,0,0,0
72,-2.267313,0,0,0,0
73,0.415564,0,0,0,0
74,-0.010395,0,0,0,0
0,0,0,0,156,40.0
0,0,0,0,157,-167.0
0,0,0,0,158,-513.0
0,0,0,0,159,-1543.0
76,-3.288078,0,0,0,0
77,-0.232506,0,0,0,0
78,0.543308,0,0,0,0
79,-1.557302,0,0,0,0
0,0,0,0,161,468.0
0,0,0,0,162,972.0
0,0,0,0,163,-768.0
0,0,0,0,164,-767.0
81,-1.578856,0,0,0,0
82,0.728226,0,0,0,0
83,-0.441551,0,0,0,0
84,-3.058577,0,0,0,0
0,0,0,0,166,-454.0
0,0,0,0,167,317.0
0,0,0,0,168,-132.0
0,0,0,0,169,-642.0
86,0.60935,0,0,0,0
87,0.707102,0,0,0,0
88,-1.851225,0,0,0,0
89,-3.749466,0,0,0,0
0,0,0,0,171,-238.0
0,0,0,0,172,-395.0
0,0,0,0,173,205.0
0,0,0,0,174,232.0
91,1.315498,0,0,0,0
92,-0.524235,0,0,0,0
93,-2.848244,0,0,0,0
94,-2.695894,0,0,0,0
0,0,0,0,176,-86.0
0,0,0,0,177,854.0
0,0,0,0,178,93.0
0,0,0,0,179,334.0
96,0.288773,0,0,0,0
97,-2.250099,0,0,0,0
98,-3.606892,0,0,0,0
99,-1.648903,0,0,0,0
0,0,0,0,181,973.0
0,0,0,0,182,70.0
0,0,0,0,183,426.0
0,0,0,0,184,956.0
101,-2.856684,0,0,0,0
102,-3.298807,0,0,0,0
103,-0.532866,0,0,0,0
104,1.860857,0,0,0,0
0,0,0,0,186,934.0
0,0,0,0,187,84.0
0,0,0,0,188,536.0
0,0,0,0,189,-1032.0
106,-3.22156,0,0,0,0
107,-1.812792,0,0,0,0
108,1.01676,0,0,0,0
109,1.01409,0,0,0,0
0,0,0,0,191,972.0
0,0,0,0,192,-590.0
0,0,0,0,193,-55.0
0,0,0,0,194,-100.0
111,-2.737665,0,0,0,0
112,-0.004005,0,0,0,0
113,1.194477,0,0,0,0
114,-0.766468,0,0,0,0
0,0,0,0,196,409.0
0,0,0,0,197,-220.0
0,0,0,0,198,178.0
0,0,0,0,199,192.0
116,-0.791979,0,0,0,0
117,1.504278,0,0,0,0
118,0.827551,0,0,0,0
119,-1.711082,0,0,0,0
0,0,0,0,201,204.0
0,0,0,0,202,-154.0
0,0,0,0,203,-90.0
0,0,0,0,204,-76.0
121,0.649738,0,0,0,0
122,1.376534,0,0,0,0
123,-0.842953,0,0,0,0
124,-3.148127,0,0,0,0
0,0,0,0,206,1580.0
0,0,0,0,207,-68.0
0,0,0,0,208,434.0
0,0,0,0,209,1640.0
126,1.433134,0,0,0,0
127,0.084209,0,0,0,0
128,-2.228165,0,0,0,0
129,-2.693081,0,0,0,0
0,0,0,0,211,6.0
0,0,0,0,212,912.0
0,0,0,0,213,312.0
0,0,0,0,214,-742.0
131,0.952673,0,0,0,0
132,-1.637268,0,0,0,0
133,-3.384352,0,0,0,0
134,-1.885748,0,0,0,0
0,0,0,0,216,1500.0
0,0,0,0,217,-981.0
0,0,0,0,218,525.0
0,0,0,0,219,-895.0
136,-0.766325,0,0,0,0
137,-3.078794,0,0,0,0
138,-2.70443,0,0,0,0
139,0.356102,0,0,0,0
0,0,0,0,221,-1073.0
0,0,0,0,222,11.0
0,0,0,0,223,-1208.0
0,0,0,0,224,-623.0
141,-2.558517,0,0,0,0
142,-3.315639,0,0,0,0
143,-0.940084,0,0,0,0
144,1.493311,0,0,0,0
0,0,0,0,226,-435.0
0,0,0,0,227,-403.0
0,0,0,0,228,-47.0
0,0,0,0,229,524.0
146,-2.855635,0,0,0,0
147,-2.080631,0,0,0,0
148,0.669956,0,0,0,0
149,1.225758,0,0,0,0
0,0,0,0,231,-440.0
0,0,0,0,232,-123.0
0,0,0,0,233,-69.0
0,0,0,0,234,57.0
151,-2.749205,0,0,0,0
152,-0.098801,0,0,0,0
153,1.635027,0,0,0,0
154,0.074196,0,0,0,0
0,0,0,0,236,115.0
0,0,0,0,237,161.0
0,0,0,0,238,-822.0
0,0,0,0,239,-1564.0
156,-1.214266,0,0,0,0
157,1.336813,0,0,0,0
158,0.832319,0,0,0,0
159,-1.640463,0,0,0,0
0,0,0,0,241,470.0
0,0,0,0,242,456.0
0,0,0,0,243,239.0
0,0,0,0,244,-1127.0
161,0.535011,0,0,0,0
162,1.499224,0,0,0,0
163,-0.520754,0,0,0,0
164,-2.615166,0,0,0,0
0,0,0,0,246,-741.0
0,0,0,0,247,548.0
0,0,0,0,248,-370.0
0,0,0,0,249,-57.0
166,1.423216,0,0,0,0
167,0.573969,0,0,0,0
168,-1.973724,0,0,0,0
169,-2.932119,0,0,0,0
0,0,0,0,251,36.0
0,0,0,0,252,18.0
0,0,0,0,253,10.0
0,0,0,0,254,-55.0
171,1.078558,0,0,0,0
172,-1.342154,0,0,0,0
173,-2.904558,0,0,0,0
174,-1.692152,0,0,0,0
0,0,0,0,256,252.0
0,0,0,0,257,69.0
0,0,0,0,258,107.0
0,0,0,0,259,-45.0
176,-0.167656,0,0,0,0
177,-2.52614,0,0,0,0
178,-2.611446,0,0,0,0
179,-0.183105,0,0,0,0
0,0,0,0,261,-335.0
0,0,0,0,262,454.0
0,0,0,0,263,-102.0
0,0,0,0,264,-105.0
181,-1.732206,0,0,0,0
182,-3.103638,0,0,0,0
183,-1.408625,0,0,0,0
184,1.467419,0,0,0,0
0,0,0,0,266,499.0
0,0,0,0,267,-1270.0
0,0,0,0,268,626.0
0,0,0,0,269,552.0
186,-2.659512,0,0,0,0
187,-2.248096,0,0,0,0
188,0.465298,0,0,0,0
189,1.462173,0,0,0,0
0,0,0,0,271,-197.0
0,0,0,0,272,191.0
0,0,0,0,273,-1038.0
0,0,0,0,274,233.0
191,-2.779245,0,0,0,0
192,-0.617361,0,0,0,0
193,1.573086,0,0,0,0
194,0.615025,0,0,0,0
0,0,0,0,276,-156.0
0,0,0,0,277,247.0
0,0,0,0,278,639.0
0,0,0,0,279,110.0
196,-1.739693,0,0,0,0
197,1.204252,0,0,0,0
198,1.399612,0,0,0,0
199,-1.071119,0,0,0,0
0,0,0,0,281,-351.0
0,0,0,0,282,-705.0
0,0,0,0,283,-913.0
0,0,0,0,284,410.0
201,0.382519,0,0,0,0
202,1.662493,0,0,0,0
203,-0.399113,0,0,0,0
204,-2.708626,0,0,0,0
0,0,0,0,286,-685.0
0,0,0,0,287,-213.0
0,0,0,0,288,-241.0
0,0,0,0,289,5.0
206,1.367426,0,0,0,0
207,0.906467,0,0,0,0
208,-1.139021,0,0,0,0
209,-2.83165,0,0,0,0
0,0,0,0,291,-625.0
0,0,0,0,292,136.0
0,0,0,0,293,-1090.0
0,0,0,0,294,-695.0
211,0.11797,0,0,0,0
212,-2.387619,0,0,0,0
213,-2.912998,0,0,0,0
214,-0.670433,0,0,0,0
0,0,0,0,296,210.0
0,0,0,0,297,-46.0
0,0,0,0,298,2.0
0,0,0,0,299,-33.0
216,-1.203775,0,0,0,0
217,-3.010988,0,0,0,0
218,-1.817608,0,0,0,0
219,1.225328,0,0,0,0
0,0,0,0,301,-96.0
0,0,0,0,302,-1307.0
0,0,0,0,303,-162.0
0,0,0,0,304,515.0
221,-2.717781,0,0,0,0
222,-2.653313,0,0,0,0
223,0.147533,0,0,0,0
224,1.853371,0,0,0,0
0,0,0,0,306,-614.0
0,0,0,0,307,369.0
0,0,0,0,308,-64.0
0,0,0,0,309,315.0
226,-3.512192,0,0,0,0
227,-1.338434,0,0,0,0
228,1.150703,0,0,0,0
229,0.614977,0,0,0,0
0,0,0,0,311,224.0
0,0,0,0,312,827.0
0,0,0,0,313,23.0
0,0,0,0,314,-517.0
231,-2.146912,0,0,0,0
232,0.650549,0,0,0,0
233,1.302385,0,0,0,0
234,-0.948429,0,0,0,0
0,0,0,0,316,-303.0
0,0,0,0,317,30.0
0,0,0,0,318,292.0
0,0,0,0,319,-130.0
236,-0.72546,0,0,0,0
237,1.356745,0,0,0,0
238,0.086641,0,0,0,0
239,-2.502012,0,0,0,0
0,0,0,0,321,-274.0
0,0,0,0,322,-130.0
0,0,0,0,323,-9.0
0,0,0,0,324,-595.0
241,0.900412,0,0,0,0
242,0.95644,0,0,0,0
243,-1.654482,0,0,0,0
244,-3.445911,0,0,0,0
0,0,0,0,326,521.0
0,0,0,0,327,-553.0
0,0,0,0,328,1348.0
0,0,0,0,329,-493.0
246,1.257181,0,0,0,0
247,-0.660753,0,0,0,0
248,-2.68321,0,0,0,0
249,-2.520227,0,0,0,0
0,0,0,0,331,382.0
0,0,0,0,332,103.0
0,0,0,0,333,-35.0
0,0,0,0,334,-64.0
251,0.591612,0,0,0,0
252,-2.14963,0,0,0,0
253,-3.245592,0,0,0,0
254,-1.403189,0,0,0,0
0,0,0,0,336,-1560.0
0,0,0,0,337,-961.0
0,0,0,0,338,478.0
0,0,0,0,339,492.0
256,-1.326513,0,0,0,0
257,-3.035402,0,0,0,0
258,-2.231693,0,0,0,0
259,0.517035,0,0,0,0
0,0,0,0,341,-982.0
0,0,0,0,342,-415.0
0,0,0,0,343,-34.0
0,0,0,0,344,-3.0
261,-2.758789,0,0,0,0
262,-3.120756,0,0,0,0
263,-0.714064,0,0,0,0
264,1.43733,0,0,0,0
0,0,0,0,346,-651.0
0,0,0,0,347,835.0
0,0,0,0,348,641.0
0,0,0,0,349,-226.0
266,-3.624725,0,0,0,0
267,-1.907778,0,0,0,0
268,0.828409,0,0,0,0
269,0.71578,0,0,0,0
0,0,0,0,351,-488.0
0,0,0,0,352,-219.0
0,0,0,0,353,-122.0
0,0,0,0,354,676.0
271,-2.907896,0,0,0,0
272,-0.298405,0,0,0,0
273,0.884724,0,0,0,0
274,-0.749207,0,0,0,0
0,0,0,0,356,-1087.0
0,0,0,0,357,1086.0
0,0,0,0,358,256.0
0,0,0,0,359,-257.0
276,-1.17836,0,0,0,0
277,1.329088,0,0,0,0
278,0.732327,0,0,0,0
279,-1.904821,0,0,0,0
0,0,0,0,361,873.0
0,0,0,0,362,473.0
0,0,0,0,363,-11.0
0,0,0,0,364,-1217.0
281,0.735664,0,0,0,0
282,1.054859,0,0,0,0
283,-1.410818,0,0,0,0
284,-3.262711,0,0,0,0
0,0,0,0,366,363.0
0,0,0,0,367,306.0
0,0,0,0,368,1.0
0,0,0,0,369,-513.0
286,1.116276,0,0,0,0
287,-0.419092,0,0,0,0
288,-2.807283,0,0,0,0
289,-3.045034,0,0,0,0
0,0,0,0,371,-1285.0
0,0,0,0,372,-469.0
0,0,0,0,373,-170.0
0,0,0,0,374,409.0
291,0.319529,0,0,0,0
292,-2.112579,0,0,0,0
293,-3.490925,0,0,0,0
294,-1.82519,0,0,0,0
0,0,0,0,376,642.0
0,0,0,0,377,107.0
0,0,0,0,378,-244.0
0,0,0,0,379,237.0
296,-1.281214,0,0,0,0
297,-3.365278,0,0,0,0
298,-2.824116,0,0,0,0
299,-0.008106,0,0,0,0
0,0,0,0,381,-316.0
0,0,0,0,382,4.0
0,0,0,0,383,49.0
0,0,0,0,384,40.0
301,-2.57268,0,0,0,0
302,-3.286505,0,0,0,0
303,-0.946569,0,0,0,0
304,1.371908,0,0,0,0
0,0,0,0,386,899.0
0,0,0,0,387,547.0
0,0,0,0,388,-992.0
0,0,0,0,389,173.0
306,-3.256273,0,0,0,0
307,-2.039909,0,0,0,0
308,0.636673,0,0,0,0
309,1.056337,0,0,0,0
0,0,0,0,391,-665.0
0,0,0,0,392,-1835.0
0,0,0,0,393,752.0
0,0,0,0,394,-799.0
311,-3.085804,0,0,0,0
312,-0.41647,0,0,0,0
313,1.072788,0,0,0,0
314,-0.514126,0,0,0,0
0,0,0,0,396,-361.0
0,0,0,0,397,-207.0
0,0,0,0,398,728.0
0,0,0,0,399,433.0
316,-1.559639,0,0,0,0
317,1.033354,0,0,0,0
318,0.491953,0,0,0,0
319,-2.085638,0,0,0,0
0,0,0,0,401,558.0
0,0,0,0,402,-465.0
0,0,0,0,403,-95.0
0,0,0,0,404,-336.0
321,-0.068521,0,0,0,0
322,0.838423,0,0,0,0
323,-1.072931,0,0,0,0
324,-2.989626,0,0,0,0
0,0,0,0,406,1468.0
0,0,0,0,407,-1024.0
0,0,0,0,408,-611.0
0,0,0,0,409,318.0
326,1.293898,0,0,0,0
327,-0.017929,0,0,0,0
328,-2.72665,0,0,0,0
329,-3.337955,0,0,0,0
0,0,0,0,411,-99.0
0,0,0,0,412,630.0
0,0,0,0,413,78.0
0,0,0,0,414,179.0
331,0.884438,0,0,0,0
332,-1.47481,0,0,0,0
333,-3.359509,0,0,0,0
334,-2.221346,0,0,0,0
0,0,0,0,416,390.0
0,0,0,0,417,-399.0
0,0,0,0,418,65.0
0,0,0,0,419,-162.0
336,-0.85578,0,0,0,0
337,-3.104305,0,0,0,0
338,-3.004885,0,0,0,0
339,-0.398445,0,0,0,0
0,0,0,0,421,-226.0
0,0,0,0,422,1.0
0,0,0,0,423,359.0
0,0,0,0,424,670.0
341,-2.498293,0,0,0,0
342,-3.459358,0,0,0,0
343,-1.478863,0,0,0,0
344,1.058006,0,0,0,0
0,0,0,0,426,-480.0
0,0,0,0,427,-105.0
0,0,0,0,428,-1239.0
0,0,0,0,429,-950.0
346,-3.245592,0,0,0,0
347,-2.291536,0,0,0,0
348,0.48728,0,0,0,0
349,1.033306,0,0,0,0
0,0,0,0,431,1059.0
0,0,0,0,432,-604.0
0,0,0,0,433,76.0
0,0,0,0,434,920.0
351,-3.196764,0,0,0,0
352,-0.871563,0,0,0,0
353,1.135778,0,0,0,0
354,0.047636,0,0,0,0
0,0,0,0,436,912.0
0,0,0,0,437,79.0
0,0,0,0,438,6.0
0,0,0,0,439,9.0
356,-1.947117,0,0,0,0
357,0.712442,0,0,0,0
358,0.488567,0,0,0,0
359,-1.871824,0,0,0,0
0,0,0,0,441,488.0
0,0,0,0,442,54.0
0,0,0,0,443,-799.0
0,0,0,0,444,86.0
361,0.082731,0,0,0,0
362,1.283121,0,0,0,0
363,-0.754881,0,0,0,0
364,-2.880526,0,0,0,0
0,0,0,0,446,-33.0
0,0,0,0,447,121.0
0,0,0,0,448,-345.0
0,0,0,0,449,1135.0
366,0.949001,0,0,0,0
367,-0.180531,0,0,0,0
368,-2.500057,0,0,0,0
369,-3.426313,0,0,0,0
0,0,0,0,451,-484.0
0,0,0,0,452,1382.0
0,0,0,0,453,-475.0
0,0,0,0,454,-131.0
371,0.791025,0,0,0,0
372,-1.635456,0,0,0,0
373,-3.490448,0,0,0,0
374,-2.483034,0,0,0,0
0,0,0,0,456,-183.0
0,0,0,0,457,-429.0
0,0,0,0,458,-49.0
0,0,0,0,459,-194.0
376,-0.343704,0,0,0,0
377,-2.738571,0,0,0,0
378,-3.187656,0,0,0,0
379,-0.917768,0,0,0,0
0,0,0,0,461,61.0
0,0,0,0,462,-967.0
0,0,0,0,463,2.0
0,0,0,0,464,322.0
381,-1.924706,0,0,0,0
382,-3.296757,0,0,0,0
383,-1.832581,0,0,0,0
384,0.738859,0,0,0,0
0,0,0,0,466,892.0
0,0,0,0,467,-939.0
0,0,0,0,468,539.0
0,0,0,0,469,1346.0
386,-3.228664,0,0,0,0
387,-2.77319,0,0,0,0
388,-0.195169,0,0,0,0
389,1.069736,0,0,0,0
0,0,0,0,471,227.0
0,0,0,0,472,120.0
0,0,0,0,473,-313.0
0,0,0,0,474,170.0
391,-3.468275,0,0,0,0
392,-1.435375,0,0,0,0
393,0.93112,0,0,0,0
394,0.199366,0,0,0,0
0,0,0,0,476,70.0
0,0,0,0,477,44.0
0,0,0,0,478,305.0
0,0,0,0,479,-1468.0
396,-2.097034,0,0,0,0
397,0.441837,0,0,0,0
398,0.999355,0,0,0,0
399,-0.9799,0,0,0,0
0,0,0,0,481,612.0
0,0,0,0,482,-446.0
0,0,0,0,483,152.0
0,0,0,0,484,-1261.0
401,-0.494814,0,0,0,0
402,1.199102,0,0,0,0
403,-0.465441,0,0,0,0
404,-2.790594,0,0,0,0
0,0,0,0,486,310.0
0,0,0,0,487,2.0
0,0,0,0,488,36.0
0,0,0,0,489,21.0
406,0.954437,0,0,0,0
407,0.449991,0,0,0,0
408,-2.060652,0,0,0,0
409,-3.482008,0,0,0,0
0,0,0,0,491,-300.0
0,0,0,0,492,110.0
0,0,0,0,493,-1045.0
0,0,0,0,494,1376.0
411,0.960827,0,0,0,0
412,-1.046276,0,0,0,0
413,-3.162527,0,0,0,0
414,-2.847576,0,0,0,0
0,0,0,0,496,-74.0
0,0,0,0,497,-77.0
0,0,0,0,498,-11.0
0,0,0,0,499,-13.0
416,-0.214291,0,0,0,0
417,-2.530432,0,0,0,0
418,-3.267336,0,0,0,0
419,-1.25165,0,0,0,0
0,0,0,0,501,-290.0
0,0,0,0,502,465.0
0,0,0,0,503,272.0
0,0,0,0,504,918.0
421,-1.935911,0,0,0,0
422,-3.589535,0,0,0,0
423,-2.502346,0,0,0,0
424,0.230217,0,0,0,0
0,0,0,0,506,246.0
0,0,0,0,507,-18.0
0,0,0,0,508,-29.0
0,0,0,0,509,150.0
426,-2.942562,0,0,0,0
427,-2.852964,0,0,0,0
428,-0.43726,0,0,0,0
429,0.978994,0,0,0,0
0,0,0,0,511,620.0
0,0,0,0,512,588.0
0,0,0,0,513,-948.0
0,0,0,0,514,899.0
431,-3.406382,0,0,0,0
432,-1.649761,0,0,0,0
433,0.822926,0,0,0,0
434,0.559521,0,0,0,0
0,0,0,0,516,1352.0
0,0,0,0,517,318.0
0,0,0,0,518,-844.0
0,0,0,0,519,856.0
436,-2.653265,0,0,0,0
437,0.091171,0,0,0,0
438,1.019049,0,0,0,0
439,-0.945616,0,0,0,0
0,0,0,0,521,-399.0
0,0,0,0,522,-14.0
0,0,0,0,523,-1300.0
0,0,0,0,524,-96.0
441,-0.823116,0,0,0,0
442,1.115561,0,0,0,0
443,0.191402,0,0,0,0
444,-2.282572,0,0,0,0
0,0,0,0,526,-254.0
0,0,0,0,527,232.0
0,0,0,0,528,-488.0
0,0,0,0,529,-131.0
446,0.695181,0,0,0,0
447,0.683069,0,0,0,0
448,-1.784468,0,0,0,0
449,-3.461361,0,0,0,0
0,0,0,0,531,-341.0
0,0,0,0,532,626.0
0,0,0,0,533,-1601.0
0,0,0,0,534,181.0
451,0.931978,0,0,0,0
452,-0.781393,0,0,0,0
453,-3.189135,0,0,0,0
454,-3.310013,0,0,0,0
0,0,0,0,536,-460.0
0,0,0,0,537,-631.0
0,0,0,0,538,-1053.0
0,0,0,0,539,-823.0
456,0.063562,0,0,0,0
457,-2.209711,0,0,0,0
458,-3.474045,0,0,0,0
459,-1.699162,0,0,0,0
0,0,0,0,541,-205.0
0,0,0,0,542,-35.0
0,0,0,0,543,-227.0
0,0,0,0,544,779.0
461,-1.572132,0,0,0,0
462,-3.379965,0,0,0,0
463,-2.533102,0,0,0,0
464,0.160456,0,0,0,0
0,0,0,0,546,-743.0
0,0,0,0,547,1375.0
0,0,0,0,548,-494.0
0,0,0,0,549,-138.0
466,-2.644157,0,0,0,0
467,-3.071404,0,0,0,0
468,-0.68841,0,0,0,0
469,1.314306,0,0,0,0
0,0,0,0,551,35.0
0,0,0,0,552,-325.0
0,0,0,0,553,-282.0
0,0,0,0,554,-977.0
471,-3.307438,0,0,0,0
472,-2.090597,0,0,0,0
473,0.506687,0,0,0,0
474,0.797749,0,0,0,0
0,0,0,0,556,-252.0
0,0,0,0,557,473.0
0,0,0,0,558,-139.0
0,0,0,0,559,-40.0
476,-2.825689,0,0,0,0
477,-0.185013,0,0,0,0
478,1.116323,0,0,0,0
479,-0.748634,0,0,0,0
0,0,0,0,561,228.0
0,0,0,0,562,-587.0
0,0,0,0,563,-2488.0
0,0,0,0,564,-59.0
481,-1.443052,0,0,0,0
482,0.857687,0,0,0,0
483,0.191784,0,0,0,0
484,-2.307034,0,0,0,0
0,0,0,0,566,609.0
0,0,0,0,567,-431.0
0,0,0,0,568,-1766.0
0,0,0,0,569,1117.0
486,0.29583,0,0,0,0
487,0.736046,0,0,0,0
488,-1.548719,0,0,0,0
489,-3.502655,0,0,0,0
0,0,0,0,571,98.0
0,0,0,0,572,481.0
0,0,0,0,573,171.0
0,0,0,0,574,324.0
491,1.030588,0,0,0,0
492,-0.341797,0,0,0,0
493,-2.615643,0,0,0,0
494,-3.077126,0,0,0,0
0,0,0,0,576,-140.0
0,0,0,0,577,-488.0
0,0,0,0,578,350.0
0,0,0,0,579,-192.0
496,0.098801,0,0,0,0
497,-2.152538,0,0,0,0
498,-3.542042,0,0,0,0
499,-2.00057,0,0,0,0
0,0,0,0,581,7.0
0,0,0,0,582,-103.0
0,0,0,0,583,-393.0
0,0,0,0,584,-599.0
501,-1.017046,0,0,0,0
502,-3.112888,0,0,0,0
503,-2.785063,0,0,0,0
504,-0.211716,0,0,0,0
0,0,0,0,586,-79.0
0,0,0,0,587,186.0
0,0,0,0,588,158.0
0,0,0,0,589,197.0
506,-2.624655,0,0,0,0
507,-3.427887,0,0,0,0
508,-1.354647,0,0,0,0
509,0.890875,0,0,0,0
0,0,0,0,591,1211.0
0,0,0,0,592,-377.0
0,0,0,0,593,-1495.0
0,0,0,0,594,-335.0
511,-3.31912,0,0,0,0
512,-2.329731,0,0,0,0
513,0.240803,0,0,0,0
514,0.591803,0,0,0,0
0,0,0,0,596,-855.0
0,0,0,0,597,-39.0
0,0,0,0,598,-15.0
0,0,0,0,599,-368.0
516,-3.052521,0,0,0,0
517,-0.640154,0,0,0,0
518,1.092911,0,0,0,0
519,-0.537872,0,0,0,0
0,0,0,0,601,-369.0
0,0,0,0,602,-817.0
0,0,0,0,603,-350.0
0,0,0,0,604,-217.0
521,-1.661873,0,0,0,0
522,0.801277,0,0,0,0
523,0.434971,0,0,0,0
524,-2.0123,0,0,0,0
0,0,0,0,606,130.0
0,0,0,0,607,-15.0
0,0,0,0,608,165.0
0,0,0,0,609,-141.0
526,-0.111055,0,0,0,0
527,0.663757,0,0,0,0
528,-1.341915,0,0,0,0
529,-3.244066,0,0,0,0
0,0,0,0,611,-45.0
0,0,0,0,612,-253.0
0,0,0,0,613,-164.0
0,0,0,0,614,131.0
531,0.904989,0,0,0,0
532,-0.302744,0,0,0,0
533,-2.583265,0,0,0,0
534,-3.305244,0,0,0,0
0,0,0,0,616,-273.0
0,0,0,0,617,206.0
0,0,0,0,618,-471.0
0,0,0,0,619,-583.0
536,0.295401,0,0,0,0
537,-2.110624,0,0,0,0
538,-3.591633,0,0,0,0
539,-2.575922,0,0,0,0
0,0,0,0,621,368.0
0,0,0,0,622,626.0
0,0,0,0,623,-222.0
0,0,0,0,624,397.0
541,-0.832605,0,0,0,0
542,-3.02639,0,0,0,0
543,-3.07107,0,0,0,0
544,-0.710964,0,0,0,0
0,0,0,0,626,-650.0
0,0,0,0,627,-1078.0
0,0,0,0,628,-1110.0
0,0,0,0,629,-1135.0
546,-2.491283,0,0,0,0
547,-3.637981,0,0,0,0
548,-1.972771,0,0,0,0
549,0.749159,0,0,0,0
0,0,0,0,631,44.0
0,0,0,0,632,-193.0
0,0,0,0,633,-235.0
0,0,0,0,634,337.0
551,-3.294086,0,0,0,0
552,-2.626371,0,0,0,0
553,-0.168562,0,0,0,0
554,0.661755,0,0,0,0
0,0,0,0,636,-152.0
0,0,0,0,637,-1291.0
0,0,0,0,638,284.0
0,0,0,0,639,-1205.0
556,-3.2763,0,0,0,0
557,-0.987625,0,0,0,0
558,0.931168,0,0,0,0
559,-0.329399,0,0,0,0
0,0,0,0,641,-646.0
0,0,0,0,642,388.0
0,0,0,0,643,189.0
0,0,0,0,644,176.0
561,-2.251196,0,0,0,0
562,0.387907,0,0,0,0
563,0.438976,0,0,0,0
564,-1.918364,0,0,0,0
0,0,0,0,646,-145.0
0,0,0,0,647,-10.0
0,0,0,0,648,7.0
0,0,0,0,649,430.0
566,-0.506353,0,0,0,0
567,0.819588,0,0,0,0
568,-0.910759,0,0,0,0
569,-3.087521,0,0,0,0
0,0,0,0,651,-117.0
0,0,0,0,652,21.0
0,0,0,0,653,52.0
0,0,0,0,654,-244.0
571,0.982857,0,0,0,0
572,0.236464,0,0,0,0
573,-2.375746,0,0,0,0
574,-3.499746,0,0,0,0
0,0,0,0,656,-357.0
0,0,0,0,657,1333.0
0,0,0,0,658,-135.0
0,0,0,0,659,-889.0
576,0.738573,0,0,0,0
577,-1.448822,0,0,0,0
578,-3.275299,0,0,0,0
579,-2.63958,0,0,0,0
0,0,0,0,661,-402.0
0,0,0,0,662,-182.0
0,0,0,0,663,-261.0
0,0,0,0,664,336.0
581,-0.465107,0,0,0,0
582,-2.829933,0,0,0,0
583,-3.413773,0,0,0,0
584,-1.086903,0,0,0,0
0,0,0,0,666,67.0
0,0,0,0,667,-69.0
0,0,0,0,668,-407.0
0,0,0,0,669,-234.0
586,-2.168608,0,0,0,0
587,-3.62277,0,0,0,0
588,-2.251244,0,0,0,0
589,0.210571,0,0,0,0
0,0,0,0,671,39.0
0,0,0,0,672,-353.0
0,0,0,0,673,-548.0
0,0,0,0,674,301.0
591,-3.440142,0,0,0,0
592,-3.056812,0,0,0,0
593,-0.537109,0,0,0,0
594,0.7792,0,0,0,0
0,0,0,0,676,656.0
0,0,0,0,677,156.0
0,0,0,0,678,391.0
0,0,0,0,679,140.0
596,-3.578949,0,0,0,0
597,-1.551056,0,0,0,0
598,0.879049,0,0,0,0
599,0.292158,0,0,0,0
0,0,0,0,681,-794.0
0,0,0,0,682,819.0
0,0,0,0,683,-243.0
0,0,0,0,684,-319.0
601,-2.433681,0,0,0,0
602,0.265026,0,0,0,0
603,0.830412,0,0,0,0
604,-1.379347,0,0,0,0
0,0,0,0,686,-104.0
0,0,0,0,687,1581.0
0,0,0,0,688,-570.0
0,0,0,0,689,-13.0
606,-0.865793,0,0,0,0
607,0.827026,0,0,0,0
608,-0.62995,0,0,0,0
609,-2.919006,0,0,0,0
0,0,0,0,691,-544.0
0,0,0,0,692,-429.0
0,0,0,0,693,771.0
0,0,0,0,694,-618.0
611,0.540257,0,0,0,0
612,0.237274,0,0,0,0
613,-2.127981,0,0,0,0
614,-3.505707,0,0,0,0
0,0,0,0,696,542.0
0,0,0,0,697,451.0
0,0,0,0,698,202.0
0,0,0,0,699,167.0
616,0.890636,0,0,0,0
617,-1.055193,0,0,0,0
618,-3.207445,0,0,0,0
619,-3.015518,0,0,0,0
0,0,0,0,701,1174.0
0,0,0,0,702,-46.0
0,0,0,0,703,342.0
0,0,0,0,704,117.0
621,-0.311947,0,0,0,0
622,-2.694702,0,0,0,0
623,-3.541327,0,0,0,0
624,-1.49436,0,0,0,0
0,0,0,0,706,-910.0
0,0,0,0,707,-144.0
0,0,0,0,708,-28.0
0,0,0,0,709,67.0
626,-1.795244,0,0,0,0
627,-3.329754,0,0,0,0
628,-2.495956,0,0,0,0
629,0.109339,0,0,0,0
0,0,0,0,711,588.0
0,0,0,0,712,-485.0
0,0,0,0,713,-905.0
0,0,0,0,714,-139.0
631,-3.152227,0,0,0,0
632,-3.358173,0,0,0,0
633,-0.836039,0,0,0,0
634,0.885057,0,0,0,0
0,0,0,0,716,-157.0
0,0,0,0,717,-136.0
0,0,0,0,718,-122.0
0,0,0,0,719,-105.0
636,-3.598881,0,0,0,0
637,-1.995802,0,0,0,0
638,0.390434,0,0,0,0
639,-0.040483,0,0,0,0
0,0,0,0,721,465.0
0,0,0,0,722,1851.0
0,0,0,0,723,336.0
0,0,0,0,724,-488.0
641,-2.875614,0,0,0,0
642,-0.161219,0,0,0,0
643,0.778818,0,0,0,0
644,-1.196241,0,0,0,0
0,0,0,0,726,377.0
0,0,0,0,727,1319.0
0,0,0,0,728,-1255.0
0,0,0,0,729,1187.0
646,-1.235533,0,0,0,0
647,0.903034,0,0,0,0
648,-0.224018,0,0,0,0
649,-2.599859,0,0,0,0
0,0,0,0,731,-122.0
0,0,0,0,732,884.0
0,0,0,0,733,280.0
0,0,0,0,734,-160.0
651,0.190496,0,0,0,0
652,0.330782,0,0,0,0
653,-1.994896,0,0,0,0
654,-3.646469,0,0,0,0
0,0,0,0,736,389.0
0,0,0,0,737,-12.0
0,0,0,0,738,18.0
0,0,0,0,739,63.0
656,1.052999,0,0,0,0
657,-0.509882,0,0,0,0
658,-2.794361,0,0,0,0
659,-3.005409,0,0,0,0
0,0,0,0,741,887.0
0,0,0,0,742,897.0
0,0,0,0,743,-484.0
0,0,0,0,744,-26.0
661,-0.170946,0,0,0,0
662,-2.444792,0,0,0,0
663,-3.536081,0,0,0,0
664,-1.907635,0,0,0,0
0,0,0,0,746,-82.0
0,0,0,0,747,-252.0
0,0,0,0,748,-194.0
0,0,0,0,749,-603.0
666,-1.381826,0,0,0,0
667,-3.256559,0,0,0,0
668,-2.813005,0,0,0,0
669,-0.285769,0,0,0,0
0,0,0,0,751,70.0
0,0,0,0,752,-48.0
0,0,0,0,753,-3.0
0,0,0,0,754,11.0
671,-2.987814,0,0,0,0
672,-3.547859,0,0,0,0
673,-1.245737,0,0,0,0
674,0.841951,0,0,0,0
0,0,0,0,756,1407.0
0,0,0,0,757,534.0
0,0,0,0,758,266.0
0,0,0,0,759,-1045.0
676,-3.504229,0,0,0,0
677,-1.993084,0,0,0,0
678,0.492334,0,0,0,0
679,0.461864,0,0,0,0
0,0,0,0,761,175.0
0,0,0,0,762,187.0
0,0,0,0,763,-358.0
0,0,0,0,764,-163.0
681,-3.19109,0,0,0,0
682,-0.513935,0,0,0,0
683,1.075983,0,0,0,0
684,-0.73781,0,0,0,0
0,0,0,0,766,-1605.0
0,0,0,0,767,413.0
0,0,0,0,768,75.0
0,0,0,0,769,501.0
686,-1.775742,0,0,0,0
687,0.473881,0,0,0,0
688,-0.072765,0,0,0,0
689,-2.571392,0,0,0,0
0,0,0,0,771,-111.0
0,0,0,0,772,335.0
0,0,0,0,773,91.0
0,0,0,0,774,-1146.0
691,-0.049162,0,0,0,0
692,0.631571,0,0,0,0
693,-1.359606,0,0,0,0
694,-3.35207,0,0,0,0
0,0,0,0,776,406.0
0,0,0,0,777,-300.0
0,0,0,0,778,-118.0
0,0,0,0,779,-171.0
696,0.78845,0,0,0,0
697,-0.524139,0,0,0,0
698,-2.780008,0,0,0,0
699,-3.349018,0,0,0,0
0,0,0,0,781,-144.0
0,0,0,0,782,1225.0
0,0,0,0,783,360.0
0,0,0,0,784,494.0
701,0.35696,0,0,0,0
702,-1.778412,0,0,0,0
703,-3.328323,0,0,0,0
704,-2.175331,0,0,0,0
0,0,0,0,786,-403.0
0,0,0,0,787,-588.0
0,0,0,0,788,114.0
0,0,0,0,789,225.0
706,-1.041794,0,0,0,0
707,-3.06592,0,0,0,0
708,-2.999783,0,0,0,0
709,-0.571775,0,0,0,0
0,0,0,0,791,-27.0
0,0,0,0,792,22.0
0,0,0,0,793,325.0
0,0,0,0,794,399.0
711,-2.484941,0,0,0,0
712,-3.448486,0,0,0,0
713,-1.644659,0,0,0,0
714,0.711775,0,0,0,0
0,0,0,0,796,-60.0
0,0,0,0,797,-1020.0
0,0,0,0,798,71.0
0,0,0,0,799,1617.0
716,-3.477192,0,0,0,0
717,-2.446461,0,0,0,0
718,0.145197,0,0,0,0
719,0.676727,0,0,0,0
0,0,0,0,801,-788.0
0,0,0,0,802,186.0
0,0,0,0,803,802.0
0,0,0,0,804,7.0
721,-3.410482,0,0,0,0
722,-0.856781,0,0,0,0
723,1.135063,0,0,0,0
724,-0.295782,0,0,0,0
0,0,0,0,806,486.0
0,0,0,0,807,250.0
0,0,0,0,808,-2.0
0,0,0,0,809,62.0
726,-2.133036,0,0,0,0
727,0.443268,0,0,0,0
728,0.288725,0,0,0,0
729,-1.948071,0,0,0,0
0,0,0,0,811,-220.0
0,0,0,0,812,733.0
0,0,0,0,813,48.0
0,0,0,0,814,-722.0
731,-0.253248,0,0,0,0
732,0.755358,0,0,0,0
733,-1.114798,0,0,0,0
734,-3.28145,0,0,0,0
0,0,0,0,816,-380.0
0,0,0,0,817,357.0
0,0,0,0,818,-328.0
0,0,0,0,819,-699.0
736,0.701332,0,0,0,0
737,-0.18611,0,0,0,0
738,-2.662563,0,0,0,0
739,-3.74279,0,0,0,0
0,0,0,0,821,-8.0
0,0,0,0,822,-238.0
0,0,0,0,823,-1064.0
0,0,0,0,824,949.0
741,0.565147,0,0,0,0
742,-1.583529,0,0,0,0
743,-3.586149,0,0,0,0
744,-2.798367,0,0,0,0
0,0,0,0,826,655.0
0,0,0,0,827,367.0
0,0,0,0,828,1051.0
0,0,0,0,829,-466.0
746,-0.820875,0,0,0,0
747,-3.021097,0,0,0,0
748,-3.347445,0,0,0,0
749,-1.047897,0,0,0,0
0,0,0,0,831,-21.0
0,0,0,0,832,-56.0
0,0,0,0,833,163.0
0,0,0,0,834,90.0
751,-2.226067,0,0,0,0
752,-3.530169,0,0,0,0
753,-2.009964,0,0,0,0
754,0.627613,0,0,0,0
0,0,0,0,836,-272.0
0,0,0,0,837,125.0
0,0,0,0,838,19.0
0,0,0,0,839,-28.0
756,-3.478718,0,0,0,0
757,-2.962303,0,0,0,0
758,-0.242424,0,0,0,0
759,0.718689,0,0,0,0
0,0,0,0,841,233.0
0,0,0,0,842,-210.0
0,0,0,0,843,633.0
0,0,0,0,844,384.0
761,-3.364897,0,0,0,0
762,-1.382113,0,0,0,0
763,0.778008,0,0,0,0
764,-0.275087,0,0,0,0
0,0,0,0,846,-419.0
0,0,0,0,847,-199.0
0,0,0,0,848,-182.0
0,0,0,0,849,-206.0
766,-2.339363,0,0,0,0
767,0.414848,0,0,0,0
768,0.467443,0,0,0,0
769,-1.732683,0,0,0,0
0,0,0,0,851,926.0
0,0,0,0,852,605.0
0,0,0,0,853,337.0
0,0,0,0,854,208.0
771,-0.813437,0,0,0,0
772,1.159096,0,0,0,0
773,-0.589991,0,0,0,0
774,-3.120375,0,0,0,0
0,0,0,0,856,-66.0
0,0,0,0,857,-220.0
0,0,0,0,858,-1014.0
0,0,0,0,859,-860.0
776,0.699711,0,0,0,0
777,0.190639,0,0,0,0
778,-2.197409,0,0,0,0
779,-3.569269,0,0,0,0
0,0,0,0,861,282.0
0,0,0,0,862,-674.0
0,0,0,0,863,103.0
0,0,0,0,864,-1443.0
781,0.752163,0,0,0,0
782,-1.254845,0,0,0,0
783,-3.043747,0,0,0,0
784,-2.551985,0,0,0,0
0,0,0,0,866,151.0
0,0,0,0,867,-45.0
0,0,0,0,868,-543.0
0,0,0,0,869,-221.0
786,-0.407648,0,0,0,0
787,-2.630615,0,0,0,0
788,-3.293467,0,0,0,0
789,-1.315594,0,0,0,0
0,0,0,0,871,1002.0
0,0,0,0,872,527.0
0,0,0,0,873,136.0
0,0,0,0,874,-79.0
791,-1.749897,0,0,0,0
792,-3.474903,0,0,0,0
793,-2.295637,0,0,0,0
794,0.345802,0,0,0,0
0,0,0,0,876,-211.0
0,0,0,0,877,-400.0
0,0,0,0,878,56.0
0,0,0,0,879,-218.0
796,-3.239489,0,0,0,0
797,-3.119135,0,0,0,0
798,-0.764465,0,0,0,0
799,0.865841,0,0,0,0
0,0,0,0,881,-56.0
0,0,0,0,882,-505.0
0,0,0,0,883,-273.0
0,0,0,0,884,177.0
801,-3.561163,0,0,0,0
802,-1.6222,0,0,0,0
803,0.690174,0,0,0,0
804,0.250769,0,0,0,0
0,0,0,0,886,31.0
0,0,0,0,887,29.0
0,0,0,0,888,-455.0
0,0,0,0,889,375.0
806,-2.799129,0,0,0,0
807,-0.109386,0,0,0,0
808,1.026821,0,0,0,0
809,-1.160288,0,0,0,0
0,0,0,0,891,1095.0
0,0,0,0,892,-313.0
0,0,0,0,893,287.0
0,0,0,0,894,1318.0
811,-0.78373,0,0,0,0
812,0.918674,0,0,0,0
813,-0.310659,0,0,0,0
814,-2.701855,0,0,0,0
0,0,0,0,896,249.0
0,0,0,0,897,-3.0
0,0,0,0,898,-56.0
0,0,0,0,899,-18.0
816,0.322533,0,0,0,0
817,0.369978,0,0,0,0
818,-1.86491,0,0,0,0
819,-3.403854,0,0,0,0
0,0,0,0,901,378.0
0,0,0,0,902,-269.0
0,0,0,0,903,-37.0
0,0,0,0,904,-696.0
821,0.526285,0,0,0,0
822,-1.347208,0,0,0,0
823,-3.177452,0,0,0,0
824,-3.295088,0,0,0,0
0,0,0,0,906,-893.0
0,0,0,0,907,-417.0
0,0,0,0,908,-386.0
0,0,0,0,909,-295.0
826,-0.070429,0,0,0,0
827,-2.25811,0,0,0,0
828,-2.804565,0,0,0,0
829,-1.027966,0,0,0,0
0,0,0,0,911,827.0
0,0,0,0,912,-227.0
0,0,0,0,913,-753.0
0,0,0,0,914,-571.0
831,-2.15826,0,0,0,0
832,-3.843117,0,0,0,0
833,-3.2619,0,0,0,0
834,-0.46978,0,0,0,0
0,0,0,0,916,-1128.0
0,0,0,0,917,-688.0
0,0,0,0,918,-468.0
0,0,0,0,919,-1063.0
836,-3.003025,0,0,0,0
837,-3.145456,0,0,0,0
838,-0.902891,0,0,0,0
839,0.864315,0,0,0,0
0,0,0,0,921,108.0
0,0,0,0,922,-154.0
0,0,0,0,923,-18.0
0,0,0,0,924,46.0
841,-3.242207,0,0,0,0
842,-2.170944,0,0,0,0
843,0.630951,0,0,0,0
844,0.518513,0,0,0,0
0,0,0,0,926,32.0
0,0,0,0,927,226.0
0,0,0,0,928,-24.0
0,0,0,0,929,744.0
846,-3.316116,0,0,0,0
847,-0.14801,0,0,0,0
848,1.379156,0,0,0,0
849,-0.631618,0,0,0,0
0,0,0,0,931,-104.0
0,0,0,0,932,-274.0
0,0,0,0,933,-374.0
0,0,0,0,934,193.0
851,-0.23098,0,0,0,0
852,1.004505,0,0,0,0
853,-0.83847,0,0,0,0
854,-2.931499,0,0,0,0
0,0,0,0,936,-1360.0
0,0,0,0,937,-582.0
0,0,0,0,938,-358.0
0,0,0,0,939,-352.0
856,0.641966,0,0,0,0
857,1.014709,0,0,0,0
858,-1.219034,0,0,0,0
859,-3.175163,0,0,0,0
0,0,0,0,941,325.0
0,0,0,0,942,-957.0
0,0,0,0,943,134.0
0,0,0,0,944,-125.0
861,0.731754,0,0,0,0
862,-0.802231,0,0,0,0
863,-2.929354,0,0,0,0
864,-3.309727,0,0,0,0
0,0,0,0,946,118.0
0,0,0,0,947,12.0
0,0,0,0,948,-1341.0
0,0,0,0,949,-468.0
866,0.085592,0,0,0,0
867,-2.217674,0,0,0,0
868,-3.472948,0,0,0,0
869,-2.222729,0,0,0,0
0,0,0,0,951,-132.0
0,0,0,0,952,126.0
0,0,0,0,953,144.0
0,0,0,0,954,626.0
871,-2.036476,0,0,0,0
872,-4.106474,0,0,0,0
873,-3.181791,0,0,0,0
874,-0.361872,0,0,0,0
0,0,0,0,956,-136.0
0,0,0,0,957,-1252.0
0,0,0,0,958,-394.0
0,0,0,0,959,-402.0
876,-3.050327,0,0,0,0
877,-3.630114,0,0,0,0
878,-1.591921,0,0,0,0
879,0.502634,0,0,0,0
0,0,0,0,961,-443.0
0,0,0,0,962,-526.0
0,0,0,0,963,175.0
0,0,0,0,964,254.0
881,-3.717041,0,0,0,0
882,-2.853918,0,0,0,0
883,-0.410557,0,0,0,0
884,-0.316668,0,0,0,0
0,0,0,0,966,1625.0
0,0,0,0,967,2134.0
0,0,0,0,968,646.0
0,0,0,0,969,427.0
886,-3.395367,0,0,0,0
887,-0.702667,0,0,0,0
888,0.856638,0,0,0,0
889,-1.047277,0,0,0,0
0,0,0,0,971,-537.0
0,0,0,0,972,-357.0
0,0,0,0,973,1242.0
0,0,0,0,974,-605.0
891,-1.448965,0,0,0,0
892,0.663805,0,0,0,0
893,-0.077391,0,0,0,0
894,-2.3839,0,0,0,0
0,0,0,0,976,-1268.0
0,0,0,0,977,-239.0
0,0,0,0,978,215.0
0,0,0,0,979,-416.0
896,0.101662,0,0,0,0
897,0.781679,0,0,0,0
898,-1.161385,0,0,0,0
899,-3.081417,0,0,0,0
0,0,0,0,981,-324.0
0,0,0,0,982,-656.0
0,0,0,0,983,161.0
0,0,0,0,984,217.0
901,0.713444,0,0,0,0
902,-0.525618,0,0,0,0
903,-2.847147,0,0,0,0
904,-3.695011,0,0,0,0
0,0,0,0,986,-539.0
0,0,0,0,987,-1076.0
0,0,0,0,988,-954.0
0,0,0,0,989,-1482.0
906,0.107574,0,0,0,0
907,-2.224064,0,0,0,0
908,-3.958845,0,0,0,0
909,-2.777004,0,0,0,0
0,0,0,0,991,-1903.0
0,0,0,0,992,-1584.0
0,0,0,0,993,-1569.0
0,0,0,0,994,-183.0
911,-1.337862,0,0,0,0
912,-3.38583,0,0,0,0
913,-3.421116,0,0,0,0
914,-0.911999,0,0,0,0
0,0,0,0,996,-358.0
0,0,0,0,997,-97.0
0,0,0,0,998,31.0
0,0,0,0,999,-166.0
916,-2.443933,0,0,0,0
917,-3.500175,0,0,0,0
918,-1.913977,0,0,0,0
919,0.522709,0,0,0,0
0,0,0,0,1001,-202.0
0,0,0,0,1002,112.0
0,0,0,0,1003,723.0
0,0,0,0,1004,257.0
921,-3.418064,0,0,0,0
922,-2.768421,0,0,0,0
923,-0.371933,0,0,0,0
924,0.35677,0,0,0,0
0,0,0,0,1006,2804.0
0,0,0,0,1007,1773.0
0,0,0,0,1008,788.0
0,0,0,0,1009,-612.0
926,-3.16906,0,0,0,0
927,-1.300287,0,0,0,0
928,0.495338,0,0,0,0
929,-0.192928,0,0,0,0
0,0,0,0,1011,-770.0
0,0,0,0,1012,-865.0
0,0,0,0,1013,630.0
0,0,0,0,1014,3.0
931,-2.609587,0,0,0,0
932,0.118494,0,0,0,0
933,0.443411,0,0,0,0
934,-2.040958,0,0,0,0
0,0,0,0,1016,-2724.0
0,0,0,0,1017,151.0
0,0,0,0,1018,281.0
0,0,0,0,1019,-97.0
936,-0.409555,0,0,0,0
937,1.143312,0,0,0,0
938,-0.399256,0,0,0,0
939,-2.625942,0,0,0,0
0,0,0,0,1021,236.0
0,0,0,0,1022,55.0
0,0,0,0,1023,-593.0
0,0,0,0,1024,-1596.0
941,0.638294,0,0,0,0
942,-0.068188,0,0,0,0
943,-2.441406,0,0,0,0
944,-3.706884,0,0,0,0
0,0,0,0,1026,1298.0
0,0,0,0,1027,1121.0
0,0,0,0,1028,798.0
0,0,0,0,1029,-80.0
946,0.759602,0,0,0,0
947,-1.309395,0,0,0,0
948,-3.311062,0,0,0,0
949,-2.853775,0,0,0,0
0,0,0,0,1031,534.0
0,0,0,0,1032,879.0
0,0,0,0,1033,572.0
0,0,0,0,1034,973.0
951,-1.103973,0,0,0,0
952,-3.416395,0,0,0,0
953,-3.228569,0,0,0,0
954,-0.635099,0,0,0,0
0,0,0,0,1036,-1510.0
0,0,0,0,1037,-1616.0
0,0,0,0,1038,-695.0
0,0,0,0,1039,-1038.0
956,-2.336359,0,0,0,0
957,-3.448153,0,0,0,0
958,-2.436495,0,0,0,0
959,0.185633,0,0,0,0
0,0,0,0,1041,1475.0
0,0,0,0,1042,2432.0
0,0,0,0,1043,1110.0
0,0,0,0,1044,663.0
961,-3.40662,0,0,0,0
962,-3.090429,0,0,0,0
963,-0.343084,0,0,0,0
964,0.845146,0,0,0,0
0,0,0,0,1046,65.0
0,0,0,0,1047,238.0
0,0,0,0,1048,-45.0
0,0,0,0,1049,11.0
966,-3.694248,0,0,0,0
967,-1.824665,0,0,0,0
968,0.187206,0,0,0,0
969,-0.477314,0,0,0,0
0,0,0,0,1051,1400.0
0,0,0,0,1052,1178.0
0,0,0,0,1053,1169.0
0,0,0,0,1054,1653.0
971,-1.003027,0,0,0,0
972,0.563097,0,0,0,0
973,-0.961781,0,0,0,0
974,-3.155708,0,0,0,0
0,0,0,0,1056,-729.0
0,0,0,0,1057,-1747.0
0,0,0,0,1058,-403.0
0,0,0,0,1059,-236.0
976,0.316286,0,0,0,0
977,-0.00248,0,0,0,0
978,-2.255678,0,0,0,0
979,-3.519392,0,0,0,0
0,0,0,0,1061,-2414.0
0,0,0,0,1062,-1677.0
0,0,0,0,1063,-2221.0
0,0,0,0,1064,-1850.0
981,0.53196,0,0,0,0
982,-1.468325,0,0,0,0
983,-3.356647,0,0,0,0
984,-3.035498,0,0,0,0
0,0,0,0,1066,-1208.0
0,0,0,0,1067,671.0
0,0,0,0,1068,949.0
0,0,0,0,1069,1904.0
0,0,69,158.361594,0,0
0,0,70,186.477105,0,0
0,0,71,201.163689,0,0
0,0,0,0,1071,-342.0
0,0,0,0,1072,-435.0
0,0,0,0,1073,-810.0
0,0,0,0,1074,-990.0
0,0,73,193.376342,0,0
0,0,74,187.595685,0,0
0,0,75,186.945001,0,0
0,0,0,0,1076,-1227.0
0,0,0,0,1077,403.0
0,0,0,0,1078,-457.0
0,0,0,0,1079,-774.0
0,0,77,187.779466,0,0
0,0,78,187.529127,0,0
0,0,79,187.417865,0,0
0,0,0,0,1081,-1232.0
0,0,0,0,1082,-1411.0
0,0,0,0,1083,-914.0
0,0,0,0,1084,-1276.0
0,0,81,187.298656,0,0
0,0,82,187.248985,0,0
0,0,83,187.200308,0,0
0,0,0,0,1086,3034.0
0,0,0,0,1087,1599.0
0,0,0,0,1088,1671.0
0,0,0,0,1089,3321.0
0,0,85,187.10494,0,0
0,0,86,187.059244,0,0
0,0,87,187.015533,0,0
0,0,0,0,1091,-114.0
0,0,0,0,1092,-826.0
0,0,0,0,1093,-1697.0
0,0,0,0,1094,-2342.0
0,0,89,186.949968,0,0
0,0,90,186.932087,0,0
0,0,91,186.915199,0,0
0,0,0,0,1096,-4450.0
0,0,0,0,1097,-3535.0
0,0,0,0,1098,-2073.0
0,0,0,0,1099,-1787.0
0,0,93,186.887383,0,0
0,0,94,186.872482,0,0
0,0,95,186.854601,0,0
0,0,0,0,1101,31.0
0,0,0,0,1102,-831.0
0,0,0,0,1103,-4571.0
0,0,0,0,1104,-2847.0
0,0,97,186.813871,0,0
0,0,98,186.793009,0,0
0,0,99,186.776121,0,0
0,0,0,0,1106,-2902.0
0,0,0,0,1107,-3127.0
0,0,0,0,1108,-1751.0
0,0,0,0,1109,-2006.0
0,0,101,186.756253,0,0
0,0,102,186.75228,0,0
0,0,103,186.747313,0,0
0,0,0,0,1111,-6601.0
0,0,0,0,1112,-3930.0
0,0,0,0,1113,-1292.0
0,0,0,0,1114,-338.0
0,0,105,186.740359,0,0
0,0,106,186.737378,0,0
0,0,107,186.727444,0,0
0,0,0,0,1116,1530.0
0,0,0,0,1117,2620.0
0,0,0,0,1118,4387.0
0,0,0,0,1119,2975.0
0,0,109,186.702609,0,0
0,0,110,186.688701,0,0
0,0,111,186.677774,0,0
0,0,0,0,1121,-3929.0
0,0,0,0,1122,-3349.0
0,0,0,0,1123,-2024.0
0,0,0,0,1124,-743.0
0,0,113,186.662873,0,0
0,0,114,186.660886,0,0
0,0,115,186.658899,0,0
0,0,0,0,1126,-1342.0
0,0,0,0,1127,-921.0
0,0,0,0,1128,-1122.0
0,0,0,0,1129,-1624.0
0,0,117,186.650952,0,0
0,0,118,186.642011,0,0
0,0,119,186.626116,0,0
0,0,0,0,1131,-149.0
0,0,0,0,1132,-1081.0
0,0,0,0,1133,-1530.0
0,0,0,0,1134,-1624.0
0,0,121,186.601281,0,0
0,0,122,186.595321,0,0
0,0,123,186.594327,0,0
0,0,0,0,1136,119.0
0,0,0,0,1137,246.0
0,0,0,0,1138,-2.0
0,0,0,0,1139,35.0
0,0,125,186.599294,0,0
0,0,126,186.601281,0,0
0,0,127,186.599294,0,0
0,0,0,0,1141,30.0
0,0,0,0,1142,59.0
0,0,0,0,1143,448.0
0,0,0,0,1144,4.0
0,0,129,186.581413,0,0
0,0,130,186.565518,0,0
0,0,131,186.550617,0,0
0,0,0,0,1146,-3809.0
0,0,0,0,1147,-2130.0
0,0,0,0,1148,-1041.0
0,0,0,0,1149,-1357.0
0,0,133,186.525782,0,0
0,0,134,186.518828,0,0
0,0,135,186.513861,0,0
0,0,0,0,1151,-6460.0
0,0,0,0,1152,-4294.0
0,0,0,0,1153,-4373.0
0,0,0,0,1154,-2008.0
0,0,137,186.513861,0,0
0,0,138,186.513861,0,0
0,0,139,186.512868,0,0
0,0,0,0,1156,-8347.0
0,0,0,0,1157,-5333.0
0,0,0,0,1158,-3965.0
0,0,0,0,1159,-2621.0
0,0,141,186.500947,0,0
0,0,142,186.489026,0,0
0,0,143,186.475118,0,0
0,0,0,0,1161,-7009.0
0,0,0,0,1162,-4861.0
0,0,0,0,1163,-3459.0
0,0,0,0,1164,-2016.0
0,0,145,186.454256,0,0
0,0,146,186.446309,0,0
0,0,147,186.443329,0,0
0,0,0,0,1166,5136.0
0,0,0,0,1167,3068.0
0,0,0,0,1168,1722.0
0,0,0,0,1169,1643.0
0,0,149,186.446309,0,0
0,0,150,186.451276,0,0
0,0,151,186.449289,0,0
0,0,0,0,1171,-456.0
0,0,0,0,1172,-4900.0
0,0,0,0,1173,-3134.0
0,0,0,0,1174,-2346.0
0,0,153,186.437368,0,0
0,0,154,186.428428,0,0
0,0,155,186.419487,0,0
0,0,0,0,1176,6256.0
0,0,0,0,1177,1131.0
0,0,0,0,1178,-2331.0
0,0,0,0,1179,-1348.0
0,0,157,186.402599,0,0
0,0,158,186.397632,0,0
0,0,159,186.396639,0,0
0,0,0,0,1181,2984.0
0,0,0,0,1182,-863.0
0,0,0,0,1183,-3185.0
0,0,0,0,1184,-4056.0
0,0,161,186.402599,0,0
0,0,162,186.401606,0,0
0,0,163,186.400612,0,0
0,0,0,0,1186,-2895.0
0,0,0,0,1187,-2760.0
0,0,0,0,1188,-4787.0
0,0,0,0,1189,-3432.0
0,0,165,186.384718,0,0
0,0,166,186.371803,0,0
0,0,167,186.361869,0,0
0,0,0,0,1191,-48.0
0,0,0,0,1192,563.0
0,0,0,0,1193,1532.0
0,0,0,0,1194,3507.0
0,0,169,186.354915,0,0
0,0,170,186.355909,0,0
0,0,171,186.362863,0,0
0,0,0,0,1196,1992.0
0,0,0,0,1197,2109.0
0,0,0,0,1198,3487.0
0,0,0,0,1199,4809.0
0,0,173,186.36783,0,0
0,0,174,186.365843,0,0
0,0,175,186.355909,0,0
0,0,0,0,1201,593.0
0,0,0,0,1202,-257.0
0,0,0,0,1203,-1430.0
0,0,0,0,1204,-1214.0
0,0,177,186.334054,0,0
0,0,178,186.321139,0,0
0,0,179,186.312199,0,0
0,0,0,0,1206,1170.0
0,0,0,0,1207,1409.0
0,0,0,0,1208,1770.0
0,0,0,0,1209,4448.0
0,0,181,186.302265,0,0
0,0,182,186.302265,0,0
0,0,183,186.304251,0,0
0,0,0,0,1211,-2256.0
0,0,0,0,1212,-2291.0
0,0,0,0,1213,-3062.0
0,0,0,0,1214,-4524.0
0,0,185,186.301271,0,0
0,0,186,186.299284,0,0
0,0,187,186.287363,0,0
0,0,0,0,1216,1610.0
0,0,0,0,1217,808.0
0,0,0,0,1218,1367.0
0,0,0,0,1219,1566.0
0,0,189,186.263522,0,0
0,0,190,186.252594,0,0
0,0,191,186.24266,0,0
0,0,0,0,1221,-456.0
0,0,0,0,1222,-935.0
0,0,0,0,1223,-1110.0
0,0,0,0,1224,1433.0
0,0,193,186.237693,0,0
0,0,194,186.23968,0,0
0,0,195,186.23968,0,0
0,0,0,0,1226,-7694.0
0,0,0,0,1227,-5328.0
0,0,0,0,1228,-4166.0
0,0,0,0,1229,-4555.0
0,0,197,186.231732,0,0
0,0,198,186.219811,0,0
0,0,199,186.203917,0,0
0,0,0,0,1231,7229.0
0,0,0,0,1232,4775.0
0,0,0,0,1233,4235.0
0,0,0,0,1234,4693.0
0,0,201,186.174115,0,0
0,0,202,186.165174,0,0
0,0,203,186.1612,0,0
0,0,0,0,1236,399.0
0,0,0,0,1237,1744.0
0,0,0,0,1238,1437.0
0,0,0,0,1239,3195.0
0,0,205,186.169147,0,0
0,0,206,186.172128,0,0
0,0,207,186.172128,0,0
0,0,0,0,1241,-1411.0
0,0,0,0,1242,-2760.0
0,0,0,0,1243,-3687.0
0,0,0,0,1244,-4708.0
0,0,209,186.154246,0,0
0,0,210,186.138352,0,0
0,0,211,186.123451,0,0
0,0,0,0,1246,-5066.0
0,0,0,0,1247,-3284.0
0,0,0,0,1248,-3087.0
0,0,0,0,1249,-5049.0
0,0,213,186.099609,0,0
0,0,214,186.093648,0,0
0,0,215,186.095635,0,0
0,0,0,0,1251,5748.0
0,0,0,0,1252,5007.0
0,0,0,0,1253,3876.0
0,0,0,0,1254,3275.0
0,0,217,186.100602,0,0
0,0,218,186.100602,0,0
0,0,219,186.100602,0,0
0,0,0,0,1256,-5689.0
0,0,0,0,1257,-5296.0
0,0,0,0,1258,-5083.0
0,0,0,0,1259,-6800.0
0,0,221,186.082721,0,0
0,0,222,186.071793,0,0
0,0,223,186.056892,0,0
0,0,0,0,1261,-7463.0
0,0,0,0,1262,-6293.0
0,0,0,0,1263,-7451.0
0,0,0,0,1264,-6311.0
0,0,225,186.03305,0,0
0,0,226,186.03305,0,0
0,0,227,186.028083,0,0
0,0,0,0,1266,4387.0
0,0,0,0,1267,5858.0
0,0,0,0,1268,6098.0
0,0,0,0,1269,5463.0
0,0,229,186.006228,0,0
0,0,230,185.98934,0,0
0,0,231,185.975432,0,0
0,0,0,0,1271,2724.0
0,0,0,0,1272,5827.0
0,0,0,0,1273,8119.0
0,0,0,0,1274,7433.0
0,0,233,185.965498,0,0
0,0,234,185.965498,0,0
0,0,235,185.969472,0,0
0,0,0,0,1276,480.0
0,0,0,0,1277,434.0
0,0,0,0,1278,-1889.0
0,0,0,0,1279,-1587.0
0,0,237,185.966492,0,0
0,0,238,185.961525,0,0
0,0,239,185.949604,0,0
0,0,0,0,1281,9383.0
0,0,0,0,1282,6620.0
0,0,0,0,1283,5046.0
0,0,0,0,1284,3556.0
0,0,241,185.931722,0,0
0,0,242,185.924768,0,0
0,0,243,185.920795,0,0
0,0,0,0,1286,4363.0
0,0,0,0,1287,6181.0
0,0,0,0,1288,8354.0
0,0,0,0,1289,7758.0
0,0,245,185.923775,0,0
0,0,246,185.928742,0,0
0,0,247,185.927749,0,0
0,0,0,0,1291,701.0
0,0,0,0,1292,-4820.0
0,0,0,0,1293,-7505.0
0,0,0,0,1294,-7437.0
0,0,249,185.926755,0,0
0,0,250,185.920795,0,0
0,0,251,185.911854,0,0
0,0,0,0,1296,751.0
0,0,0,0,1297,3486.0
0,0,0,0,1298,5142.0
0,0,0,0,1299,6962.0
0,0,253,185.897946,0,0
0,0,254,185.890992,0,0
0,0,255,185.886025,0,0
0,0,0,0,1301,-4940.0
0,0,0,0,1302,-6807.0
0,0,0,0,1303,-5884.0
0,0,0,0,1304,-6198.0
0,0,257,185.888012,0,0
0,0,258,185.887019,0,0
0,0,259,185.887019,0,0
0,0,0,0,1306,8481.0
0,0,0,0,1307,7707.0
0,0,0,0,1308,5356.0
0,0,0,0,1309,5341.0
0,0,261,185.875098,0,0
0,0,262,185.870131,0,0
0,0,263,185.860197,0,0
0,0,0,0,1311,-6465.0
0,0,0,0,1312,-5969.0
0,0,0,0,1313,-6096.0
0,0,0,0,1314,-5997.0
0,0,265,185.849269,0,0
0,0,266,185.848276,0,0
0,0,267,185.852249,0,0
0,0,0,0,1316,2662.0
0,0,0,0,1317,5394.0
0,0,0,0,1318,6469.0
0,0,0,0,1319,6608.0
0,0,269,185.859203,0,0
0,0,270,185.862184,0,0
0,0,271,185.856223,0,0
0,0,0,0,1321,-3538.0
0,0,0,0,1322,-7483.0
0,0,0,0,1323,-6893.0
0,0,0,0,1324,-7806.0
0,0,273,185.842315,0,0
0,0,274,185.831388,0,0
0,0,275,185.82046,0,0
0,0,0,0,1326,-4656.0
0,0,0,0,1327,-442.0
0,0,0,0,1328,1025.0
0,0,0,0,1329,1177.0
0,0,277,185.804566,0,0
0,0,278,185.803572,0,0
0,0,279,185.802579,0,0
0,0,0,0,1331,8071.0
0,0,0,0,1332,7813.0
0,0,0,0,1333,7519.0
0,0,0,0,1334,6858.0
0,0,281,185.81152,0,0
0,0,282,185.81748,0,0
0,0,283,185.813506,0,0
0,0,0,0,1336,7.0
0,0,0,0,1337,2076.0
0,0,0,0,1338,4670.0
0,0,0,0,1339,6420.0
986,-0.499535,0,0,0,0
987,-2.655411,0,0,0,0
988,-3.392792,0,0,0,0
989,-1.504803,0,0,0,0
0,0,0,0,1341,6609.0
0,0,0,0,1342,3367.0
0,0,0,0,1343,-1545.0
0,0,0,0,1344,-5330.0
991,-2.093554,0,0,0,0
992,-3.397036,0,0,0,0
993,-2.752924,0,0,0,0
994,0.597239,0,0,0,0
0,0,0,0,1346,-4343.0
0,0,0,0,1347,-7156.0
0,0,0,0,1348,-7228.0
0,0,0,0,1349,-4801.0
996,-6.227207,0,0,0,0
997,-6.24752,0,0,0,0
998,-6.236315,0,0,0,0
999,-6.24094,0,0,0,0
0,0,0,0,1351,-8135.0
0,0,0,0,1352,-9820.0
0,0,0,0,1353,-4224.0
0,0,0,0,1354,62.0
1001,-5.392456,0,0,0,0
1002,-6.184435,0,0,0,0
1003,-6.191158,0,0,0,0
1004,-6.25,0,0,0,0
0,0,0,0,1356,7501.0
0,0,0,0,1357,6665.0
0,0,0,0,1358,2884.0
0,0,0,0,1359,1141.0
1006,-5.08132,0,0,0,0
1007,-6.149769,0,0,0,0
1008,-6.25,0,0,0,0
1009,-5.99308,0,0,0,0
0,0,0,0,1361,1086.0
0,0,0,0,1362,6594.0
0,0,0,0,1363,6794.0
0,0,0,0,1364,6393.0
1011,-5.613613,0,0,0,0
1012,-6.25,0,0,0,0
1013,-6.25,0,0,0,0
1014,-4.197311,0,0,0,0
0,0,0,0,1366,7103.0
0,0,0,0,1367,4164.0
0,0,0,0,1368,-1928.0
0,0,0,0,1369,-3656.0
1016,-5.971098,0,0,0,0
1017,-6.25,0,0,0,0
1018,-4.521513,0,0,0,0
1019,-2.199745,0,0,0,0
0,0,0,0,1371,-4430.0
0,0,0,0,1372,-547.0
0,0,0,0,1373,5433.0
0,0,0,0,1374,7350.0
1021,-6.25,0,0,0,0
1022,-5.318356,0,0,0,0
1023,-2.299881,0,0,0,0
1024,-2.373362,0,0,0,0
0,0,0,0,1376,1471.0
0,0,0,0,1377,-2470.0
0,0,0,0,1378,-6059.0
0,0,0,0,1379,-7424.0
1026,-5.373144,0,0,0,0
1027,-2.347565,0,0,0,0
1028,-1.066685,0,0,0,0
1029,-3.092003,0,0,0,0
0,0,0,0,1381,-6561.0
0,0,0,0,1382,-442.0
0,0,0,0,1383,5798.0
0,0,0,0,1384,7576.0
1031,-3.480959,0,0,0,0
1032,-1.121235,0,0,0,0
1033,-1.980925,0,0,0,0
1034,-4.567528,0,0,0,0
0,0,0,0,1386,-8140.0
0,0,0,0,1387,-8257.0
0,0,0,0,1388,-3941.0
0,0,0,0,1389,-719.0
1036,-1.076794,0,0,0,0
1037,-0.800705,0,0,0,0
1038,-3.240299,0,0,0,0
1039,-5.285931,0,0,0,0
0,0,0,0,1391,-7261.0
0,0,0,0,1392,-1270.0
0,0,0,0,1393,6721.0
0,0,0,0,1394,7474.0
1041,-0.155973,0,0,0,0
1042,-1.668787,0,0,0,0
1043,-4.204941,0,0,0,0
1044,-4.725075,0,0,0,0
0,0,0,0,1396,310.0
0,0,0,0,1397,-5178.0
0,0,0,0,1398,-9428.0
0,0,0,0,1399,-8406.0
1046,-0.738955,0,0,0,0
1047,-3.295565,0,0,0,0
1048,-4.877949,0,0,0,0
1049,-3.216314,0,0,0,0
0,0,0,0,1401,7366.0
0,0,0,0,1402,10593.0
0,0,0,0,1403,8064.0
0,0,0,0,1404,2617.0
1051,-2.080536,0,0,0,0
1052,-4.23708,0,0,0,0
1053,-3.922701,0,0,0,0
1054,-1.026583,0,0,0,0
0,0,0,0,1406,-1930.0
0,0,0,0,1407,-9715.0
0,0,0,0,1408,-9688.0
0,0,0,0,1409,-5191.0
1056,-3.200245,0,0,0,0
1057,-4.085445,0,0,0,0
1058,-1.861668,0,0,0,0
1059,0.523376,0,0,0,0
0,0,0,0,1411,3939.0
0,0,0,0,1412,-2985.0
0,0,0,0,1413,-8150.0
0,0,0,0,1414,-8990.0
1061,-4.212761,0,0,0,0
1062,-2.92716,0,0,0,0
1063,0.04406,0,0,0,0
1064,0.619268,0,0,0,0
0,0,0,0,1416,-9605.0
0,0,0,0,1417,-7361.0
0,0,0,0,1418,180.0
0,0,0,0,1419,5508.0
1066,-3.490686,0,0,0,0
1067,-0.901365,0,0,0,0
1068,0.882053,0,0,0,0
1069,-0.648546,0,0,0,0
0,0,0,0,1421,3014.0
0,0,0,0,1422,-5065.0
0,0,0,0,1423,-9072.0
0,0,0,0,1424,-7593.0
1071,-1.986504,0,0,0,0
1072,0.705957,0,0,0,0
1073,0.262499,0,0,0,0
1074,-2.225733,0,0,0,0
0,0,0,0,1426,-9756.0
0,0,0,0,1427,-11703.0
0,0,0,0,1428,-4143.0
0,0,0,0,1429,2765.0
1076,-0.032902,0,0,0,0
1077,0.922966,0,0,0,0
1078,-1.135778,0,0,0,0
1079,-3.423023,0,0,0,0
0,0,0,0,1431,-4149.0
0,0,0,0,1432,5988.0
0,0,0,0,1433,11621.0
0,0,0,0,1434,9079.0
1081,1.329231,0,0,0,0
1082,-0.040102,0,0,0,0
1083,-2.628279,0,0,0,0
1084,-3.430986,0,0,0,0
0,0,0,0,1436,8138.0
0,0,0,0,1437,14474.0
0,0,0,0,1438,9361.0
0,0,0,0,1439,699.0
1086,1.054192,0,0,0,0
1087,-1.513147,0,0,0,0
1088,-3.479958,0,0,0,0
1089,-2.362061,0,0,0,0
0,0,0,0,1441,-10516.0
0,0,0,0,1442,-13522.0
0,0,0,0,1443,-2886.0
0,0,0,0,1444,4738.0
1091,-0.28553,0,0,0,0
1092,-2.738619,0,0,0,0
1093,-2.909517,0,0,0,0
1094,-0.32649,0,0,0,0
0,0,0,0,1446,-12615.0
0,0,0,0,1447,-12250.0
0,0,0,0,1448,-113.0
0,0,0,0,1449,8920.0
1096,-2.19965,0,0,0,0
1097,-3.345346,0,0,0,0
1098,-1.536274,0,0,0,0
1099,1.484489,0,0,0,0
0,0,0,0,1451,15583.0
0,0,0,0,1452,10408.0
0,0,0,0,1453,-4047.0
0,0,0,0,1454,-9881.0
1101,-2.992249,0,0,0,0
1102,-2.251482,0,0,0,0
1103,0.580454,0,0,0,0
1104,1.224756,0,0,0,0
0,0,0,0,1456,15464.0
0,0,0,0,1457,10268.0
0,0,0,0,1458,-4342.0
0,0,0,0,1459,-11221.0
1106,-3.056765,0,0,0,0
1107,-0.637341,0,0,0,0
1108,1.50342,0,0,0,0
1109,0.222778,0,0,0,0
0,0,0,0,1461,3506.0
0,0,0,0,1462,-8219.0
0,0,0,0,1463,-13036.0
0,0,0,0,1464,-10492.0
1111,-1.927853,0,0,0,0
1112,0.975037,0,0,0,0
1113,0.862646,0,0,0,0
1114,-1.560974,0,0,0,0
0,0,0,0,1466,3430.0
0,0,0,0,1467,-8900.0
0,0,0,0,1468,-13709.0
0,0,0,0,1469,-9309.0
1116,0.363064,0,0,0,0
1117,1.536131,0,0,0,0
1118,-0.468111,0,0,0,0
1119,-2.843618,0,0,0,0
0,0,0,0,1471,-2921.0
0,0,0,0,1472,7562.0
0,0,0,0,1473,11270.0
0,0,0,0,1474,6413.0
1121,1.495123,0,0,0,0
1122,0.652361,0,0,0,0
1123,-2.072334,0,0,0,0
1124,-3.345203,0,0,0,0
0,0,0,0,1476,724.0
0,0,0,0,1477,7341.0
0,0,0,0,1478,7869.0
0,0,0,0,1479,1317.0
1126,1.423073,0,0,0,0
1127,-0.76046,0,0,0,0
1128,-2.71616,0,0,0,0
1129,-2.000427,0,0,0,0
0,0,0,0,1481,-3523.0
0,0,0,0,1482,-9450.0
0,0,0,0,1483,-6811.0
0,0,0,0,1484,-346.0
1131,0.209332,0,0,0,0
1132,-2.322292,0,0,0,0
1133,-2.899456,0,0,0,0
1134,-0.130415,0,0,0,0
0,0,0,0,1486,-4116.0
0,0,0,0,1487,-7770.0
0,0,0,0,1488,-4779.0
0,0,0,0,1489,4040.0
1136,-1.571989,0,0,0,0
1137,-3.096247,0,0,0,0
1138,-1.697302,0,0,0,0
1139,1.181412,0,0,0,0
0,0,0,0,1491,1940.0
0,0,0,0,1492,5448.0
0,0,0,0,1493,4704.0
0,0,0,0,1494,989.0
1141,-2.813578,0,0,0,0
1142,-2.501392,0,0,0,0
1143,0.088072,0,0,0,0
1144,1.351976,0,0,0,0
0,0,0,0,1496,3219.0
0,0,0,0,1497,4231.0
0,0,0,0,1498,60.0
0,0,0,0,1499,-3720.0
1146,-3.039408,0,0,0,0
1147,-0.875902,0,0,0,0
1148,1.341581,0,0,0,0
1149,0.429726,0,0,0,0
0,0,0,0,1501,-3321.0
0,0,0,0,1502,-669.0
0,0,0,0,1503,3375.0
0,0,0,0,1504,2840.0
1151,-1.973057,0,0,0,0
1152,0.769091,0,0,0,0
1153,1.264095,0,0,0,0
1154,-0.920773,0,0,0,0
0,0,0,0,1506,1805.0
0,0,0,0,1507,3722.0
0,0,0,0,1508,908.0
0,0,0,0,1509,-3049.0
1156,-0.160408,0,0,0,0
1157,1.646709,0,0,0,0
1158,0.278902,0,0,0,0
1159,-2.209568,0,0,0,0
0,0,0,0,1511,-147.0
0,0,0,0,1512,2151.0
0,0,0,0,1513,2972.0
0,0,0,0,1514,1071.0
1161,1.229239,0,0,0,0
1162,0.900412,0,0,0,0
1163,-1.789618,0,0,0,0
1164,-3.279638,0,0,0,0
0,0,0,0,1516,2861.0
0,0,0,0,1517,2883.0
0,0,0,0,1518,776.0
0,0,0,0,1519,-2567.0
1166,1.378345,0,0,0,0
1167,-0.761175,0,0,0,0
1168,-2.971172,0,0,0,0
1169,-2.679396,0,0,0,0
0,0,0,0,1521,1356.0
0,0,0,0,1522,3190.0
0,0,0,0,1523,800.0
0,0,0,0,1524,-1405.0
1171,0.505781,0,0,0,0
1172,-2.051401,0,0,0,0
1173,-2.993441,0,0,0,0
1174,-0.951052,0,0,0,0
0,0,0,0,1526,-4502.0
0,0,0,0,1527,-4200.0
0,0,0,0,1528,1246.0
0,0,0,0,1529,3532.0
1176,-1.232052,0,0,0,0
1177,-3.093863,0,0,0,0
1178,-2.016973,0,0,0,0
1179,0.75798,0,0,0,0
0,0,0,0,1531,-2779.0
0,0,0,0,1532,1245.0
0,0,0,0,1533,5462.0
0,0,0,0,1534,3983.0
1181,-2.767372,0,0,0,0
1182,-2.990961,0,0,0,0
1183,-0.399351,0,0,0,0
1184,1.290464,0,0,0,0
0,0,0,0,1536,-4037.0
0,0,0,0,1537,-3768.0
0,0,0,0,1538,-128.0
0,0,0,0,1539,2498.0
1186,-3.001738,0,0,0,0
1187,-1.432323,0,0,0,0
1188,1.212645,0,0,0,0
1189,1.073313,0,0,0,0
0,0,0,0,1541,753.0
0,0,0,0,1542,6389.0
0,0,0,0,1543,4680.0
0,0,0,0,1544,-1996.0
1191,-2.150917,0,0,0,0
1192,0.596428,0,0,0,0
1193,1.57094,0,0,0,0
1194,-0.568008,0,0,0,0
0,0,0,0,1546,1465.0
0,0,0,0,1547,9812.0
0,0,0,0,1548,4678.0
0,0,0,0,1549,-4207.0
1196,-0.511456,0,0,0,0
1197,1.49622,0,0,0,0
1198,0.282431,0,0,0,0
1199,-2.104712,0,0,0,0
0,0,0,0,1551,-10401.0
0,0,0,0,1552,-4246.0
0,0,0,0,1553,8579.0
0,0,0,0,1554,8714.0
1201,0.99082,0,0,0,0
1202,1.246309,0,0,0,0
1203,-1.092482,0,0,0,0
1204,-2.923727,0,0,0,0
0,0,0,0,1556,8581.0
0,0,0,0,1557,12758.0
0,0,0,0,1558,-77.0
0,0,0,0,1559,-10304.0
1206,0.662279,0,0,0,0
1207,-1.92318,0,0,0,0
1208,-3.163815,0,0,0,0
1209,-1.261997,0,0,0,0
0,0,0,0,1561,-16542.0
0,0,0,0,1562,-7519.0
0,0,0,0,1563,11123.0
0,0,0,0,1564,12783.0
1211,-0.772715,0,0,0,0
1212,-2.83289,0,0,0,0
1213,-2.409029,0,0,0,0
1214,0.489712,0,0,0,0
0,0,0,0,1566,9580.0
0,0,0,0,1567,13633.0
0,0,0,0,1568,-2946.0
0,0,0,0,1569,-12844.0
1216,-2.219629,0,0,0,0
1217,-2.786446,0,0,0,0
1218,-0.557089,0,0,0,0
1219,1.413822,0,0,0,0
0,0,0,0,1571,11598.0
0,0,0,0,1572,9103.0
0,0,0,0,1573,-8515.0
0,0,0,0,1574,-14055.0
1221,-3.203011,0,0,0,0
1222,-1.7869,0,0,0,0
1223,0.940466,0,0,0,0
1224,0.936651,0,0,0,0
0,0,0,0,1576,-8458.0
0,0,0,0,1577,4353.0
0,0,0,0,1578,7176.0
0,0,0,0,1579,-2303.0
1226,-2.437496,0,0,0,0
1227,-0.248623,0,0,0,0
1228,0.95973,0,0,0,0
1229,-0.444317,0,0,0,0
0,0,0,0,1581,6733.0
0,0,0,0,1582,-5882.0
0,0,0,0,1583,-7778.0
0,0,0,0,1584,-836.0
1231,-1.344156,0,0,0,0
1232,1.583242,0,0,0,0
1233,1.045275,0,0,0,0
1234,-1.695633,0,0,0,0
0,0,0,0,1586,-1741.0
0,0,0,0,1587,-7208.0
0,0,0,0,1588,2014.0
0,0,0,0,1589,8458.0
1236,0.285769,0,0,0,0
1237,0.686741,0,0,0,0
1238,-1.49889,0,0,0,0
1239,-3.36051,0,0,0,0
0,0,0,0,1591,-261.0
0,0,0,0,1592,-5589.0
0,0,0,0,1593,-1639.0
0,0,0,0,1594,3477.0
1241,1.320505,0,0,0,0
1242,-0.413132,0,0,0,0
1243,-2.922916,0,0,0,0
1244,-3.177166,0,0,0,0
0,0,0,0,1596,1194.0
0,0,0,0,1597,3998.0
0,0,0,0,1598,-985.0
0,0,0,0,1599,-4406.0
1246,0.934935,0,0,0,0
1247,-1.684332,0,0,0,0
1248,-3.295898,0,0,0,0
1249,-1.815748,0,0,0,0
0,0,0,0,1601,2338.0
0,0,0,0,1602,-2255.0
0,0,0,0,1603,-4117.0
0,0,0,0,1604,446.0
1251,-0.72155,0,0,0,0
1252,-2.993488,0,0,0,0
1253,-2.83885,0,0,0,0
1254,-0.126553,0,0,0,0
0,0,0,0,1606,1643.0
0,0,0,0,1607,-3428.0
0,0,0,0,1608,-2290.0
0,0,0,0,1609,2766.0
1256,-2.341413,0,0,0,0
1257,-3.31893,0,0,0,0
1258,-1.392698,0,0,0,0
1259,1.310396,0,0,0,0
0,0,0,0,1611,6361.0
0,0,0,0,1612,-1376.0
0,0,0,0,1613,-7009.0
0,0,0,0,1614,-516.0
1261,-3.146029,0,0,0,0
1262,-2.193308,0,0,0,0
1263,0.488806,0,0,0,0
1264,1.185942,0,0,0,0
0,0,0,0,1616,2109.0
0,0,0,0,1617,9916.0
0,0,0,0,1618,-1736.0
0,0,0,0,1619,-9238.0
1266,-3.054619,0,0,0,0
1267,-0.444937,0,0,0,0
1268,1.361895,0,0,0,0
1269,-0.181341,0,0,0,0
0,0,0,0,1621,-12242.0
0,0,0,0,1622,-8666.0
0,0,0,0,1623,14097.0
0,0,0,0,1624,13299.0
1271,-1.746464,0,0,0,0
1272,0.962734,0,0,0,0
1273,0.926304,0,0,0,0
1274,-1.346254,0,0,0,0
0,0,0,0,1626,-339.0
0,0,0,0,1627,23256.0
0,0,0,0,1628,-320.0
0,0,0,0,1629,-21086.0
1276,-0.06566,0,0,0,0
1277,1.080322,0,0,0,0
1278,-0.802135,0,0,0,0
1279,-3.040934,0,0,0,0
0,0,0,0,1631,16325.0
0,0,0,0,1632,27474.0
0,0,0,0,1633,-19729.0
0,0,0,0,1634,-31759.0
1281,1.239109,0,0,0,0
1282,0.299263,0,0,0,0
1283,-2.192688,0,0,0,0
1284,-3.069687,0,0,0,0
0,0,0,0,1636,10177.0
0,0,0,0,1637,32700.0
0,0,0,0,1638,-13795.0
0,0,0,0,1639,-32700.0
1286,0.971222,0,0,0,0
1287,-1.234198,0,0,0,0
1288,-3.143167,0,0,0,0
1289,-2.259684,0,0,0,0
0,0,0,0,1641,-32013.0
0,0,0,0,1642,9314.0
0,0,0,0,1643,32421.0
0,0,0,0,1644,-4624.0
1291,-0.451612,0,0,0,0
1292,-2.664852,0,0,0,0
1293,-2.887678,0,0,0,0
1294,-0.561762,0,0,0,0
0,0,0,0,1646,16178.0
0,0,0,0,1647,-27859.0
0,0,0,0,1648,-10509.0
0,0,0,0,1649,25927.0
1296,-1.980734,0,0,0,0
1297,-3.196192,0,0,0,0
1298,-1.735926,0,0,0,0
1299,1.059103,0,0,0,0
0,0,0,0,1651,26492.0
0,0,0,0,1652,12851.0
0,0,0,0,1653,-30337.0
0,0,0,0,1654,-15903.0
1301,-2.904701,0,0,0,0
1302,-2.554083,0,0,0,0
1303,0.061846,0,0,0,0
1304,1.250076,0,0,0,0
0,0,0,0,1656,-9451.0
0,0,0,0,1657,-21100.0
0,0,0,0,1658,17443.0
0,0,0,0,1659,22215.0
1306,-3.063822,0,0,0,0
1307,-0.83251,0,0,0,0
1308,1.098585,0,0,0,0
1309,0.003958,0,0,0,0
0,0,0,0,1661,-18374.0
0,0,0,0,1662,12244.0
0,0,0,0,1663,14868.0
0,0,0,0,1664,-13903.0
1311,-2.234936,0,0,0,0
1312,0.544167,0,0,0,0
1313,0.666666,0,0,0,0
1314,-1.680422,0,0,0,0
0,0,0,0,1666,2117.0
0,0,0,0,1667,21277.0
0,0,0,0,1668,-11707.0
0,0,0,0,1669,-21699.0
1316,-0.362062,0,0,0,0
1317,1.30105,0,0,0,0
1318,-0.24128,0,0,0,0
1319,-2.840519,0,0,0,0
0,0,0,0,1671,13087.0
0,0,0,0,1672,17219.0
0,0,0,0,1673,-20638.0
0,0,0,0,1674,-16182.0
1321,1.128769,0,0,0,0
1322,0.530624,0,0,0,0
1323,-1.999426,0,0,0,0
1324,-3.273773,0,0,0,0
0,0,0,0,1676,14137.0
0,0,0,0,1677,13827.0
0,0,0,0,1678,-22914.0
0,0,0,0,1679,-12171.0
1326,0.825405,0,0,0,0
1327,-1.25041,0,0,0,0
1328,-3.103971,0,0,0,0
1329,-2.883101,0,0,0,0
0,0,0,0,1681,13346.0
0,0,0,0,1682,18104.0
0,0,0,0,1683,-24345.0
0,0,0,0,1684,-15759.0
1331,-0.246954,0,0,0,0
1332,-2.725363,0,0,0,0
1333,-3.478956,0,0,0,0
1334,-1.276588,0,0,0,0
0,0,0,0,1686,17460.0
0,0,0,0,1687,-25397.0
0,0,0,0,1688,-1610.0
0,0,0,0,1689,29312.0
1336,-2.601576,0,0,0,0
1337,-4.290104,0,0,0,0
1338,-2.90308,0,0,0,0
1339,-0.202084,0,0,0,0
0,0,0,0,1691,32700.0
0,0,0,0,1692,-12986.0
0,0,0,0,1693,-21956.0
0,0,0,0,1694,21243.0
1341,-2.981806,0,0,0,0
1342,-2.902937,0,0,0,0
1343,0.061274,0,0,0,0
1344,2.093792,0,0,0,0
0,0,0,0,1696,25781.0
0,0,0,0,1697,16953.0
0,0,0,0,1698,-32700.0
0,0,0,0,1699,-6939.0
1346,-3.184557,0,0,0,0
1347,-1.297617,0,0,0,0
1348,0.838614,0,0,0,0
1349,0.303984,0,0,0,0
0,0,0,0,1701,-1823.0
0,0,0,0,1702,32700.0
0,0,0,0,1703,-23571.0
0,0,0,0,1704,-28288.0
1351,-2.338266,0,0,0,0
1352,0.254965,0,0,0,0
1353,1.132727,0,0,0,0
1354,-1.070499,0,0,0,0
0,0,0,0,1706,-23471.0
0,0,0,0,1707,25602.0
0,0,0,0,1708,1420.0
0,0,0,0,1709,-31574.0
1356,-0.767088,0,0,0,0
1357,0.783777,0,0,0,0
1358,-0.546408,0,0,0,0
1359,-2.889013,0,0,0,0
0,0,0,0,1711,-27871.0
0,0,0,0,1712,10062.0
0,0,0,0,1713,17319.0
0,0,0,0,1714,-21779.0
1361,0.631618,0,0,0,0
1362,0.526285,0,0,0,0
1363,-1.583815,0,0,0,0
1364,-3.295755,0,0,0,0
0,0,0,0,1716,-28549.0
0,0,0,0,1717,1576.0
0,0,0,0,1718,22930.0
0,0,0,0,1719,-16770.0
1366,0.98033,0,0,0,0
1367,-0.839376,0,0,0,0
1368,-2.858782,0,0,0,0
1369,-2.798367,0,0,0,0
0,0,0,0,1721,27443.0
0,0,0,0,1722,-7294.0
0,0,0,0,1723,-14847.0
0,0,0,0,1724,22249.0
1371,0.022602,0,0,0,0
1372,-2.058697,0,0,0,0
1373,-2.683306,0,0,0,0
1374,-0.965595,0,0,0,0
0,0,0,0,1726,20079.0
0,0,0,0,1727,-21066.0
0,0,0,0,1728,3198.0
0,0,0,0,1729,25783.0
1376,-3.378582,0,0,0,0
1377,-4.668856,0,0,0,0
1378,-3.559351,0,0,0,0
1379,-0.490761,0,0,0,0
0,0,0,0,1731,-4370.0
0,0,0,0,1732,-19982.0
0,0,0,0,1733,23787.0
0,0,0,0,1734,5826.0
1381,-1.913643,0,0,0,0
1382,-2.903891,0,0,0,0
1383,-0.691557,0,0,0,0
1384,1.878548,0,0,0,0
0,0,0,0,1736,-19866.0
0,0,0,0,1737,19308.0
0,0,0,0,1738,-1761.0
0,0,0,0,1739,-23832.0
1386,-3.149033,0,0,0,0
1387,-1.497602,0,0,0,0
1388,1.053238,0,0,0,0
1389,0.755501,0,0,0,0
0,0,0,0,1741,24613.0
0,0,0,0,1742,-6587.0
0,0,0,0,1743,-10497.0
0,0,0,0,1744,21864.0
1391,-2.782202,0,0,0,0
1392,-0.08502,0,0,0,0
1393,0.439739,0,0,0,0
1394,-1.583385,0,0,0,0
0,0,0,0,1746,-24722.0
0,0,0,0,1747,9281.0
0,0,0,0,1748,5885.0
0,0,0,0,1749,-24218.0
1396,-1.374483,0,0,0,0
1397,0.956774,0,0,0,0
1398,0.075102,0,0,0,0
1399,-2.455664,0,0,0,0
0,0,0,0,1751,12334.0
0,0,0,0,1752,8986.0
0,0,0,0,1753,-24023.0
0,0,0,0,1754,8912.0
1401,0.22769,0,0,0,0
1402,0.431728,0,0,0,0
1403,-1.814461,0,0,0,0
1404,-3.551769,0,0,0,0
0,0,0,0,1756,-12362.0
0,0,0,0,1757,21050.0
0,0,0,0,1758,-25739.0
0,0,0,0,1759,-11876.0
1406,0.725889,0,0,0,0
1407,-1.419973,0,0,0,0
1408,-3.413868,0,0,0,0
1409,-3.35393,0,0,0,0
0,0,0,0,1761,-1717.0
0,0,0,0,1762,14869.0
0,0,0,0,1763,-26290.0
0,0,0,0,1764,-1720.0
1411,0.395107,0,0,0,0
1412,-1.974583,0,0,0,0
1413,-3.668022,0,0,0,0
1414,-1.800728,0,0,0,0
0,0,0,0,1766,23383.0
0,0,0,0,1767,-15947.0
0,0,0,0,1768,560.0
0,0,0,0,1769,21459.0
1416,-1.085186,0,0,0,0
1417,-3.095245,0,0,0,0
1418,-2.727509,0,0,0,0
1419,-0.009108,0,0,0,0
0,0,0,0,1771,-24294.0
0,0,0,0,1772,10808.0
0,0,0,0,1773,1483.0
0,0,0,0,1774,-25426.0
1421,-2.397108,0,0,0,0
1422,-3.275967,0,0,0,0
1423,-1.397514,0,0,0,0
1424,1.235723,0,0,0,0
0,0,0,0,1776,8644.0
0,0,0,0,1777,-22720.0
0,0,0,0,1778,25154.0
0,0,0,0,1779,1475.0
1426,-3.310919,0,0,0,0
1427,-1.902533,0,0,0,0
1428,0.701332,0,0,0,0
1429,0.435305,0,0,0,0
0,0,0,0,1781,12440.0
0,0,0,0,1782,-25993.0
0,0,0,0,1783,27474.0
0,0,0,0,1784,3474.0
1431,-3.891325,0,0,0,0
1432,-1.191282,0,0,0,0
1433,0.320911,0,0,0,0
1434,-1.006365,0,0,0,0
0,0,0,0,1786,-5391.0
0,0,0,0,1787,-18885.0
0,0,0,0,1788,30130.0
0,0,0,0,1789,-17183.0
1436,-0.469112,0,0,0,0
1437,1.749849,0,0,0,0
1438,0.627422,0,0,0,0
1439,-1.538038,0,0,0,0
0,0,0,0,1791,15632.0
0,0,0,0,1792,8570.0
0,0,0,0,1793,-24223.0
0,0,0,0,1794,31367.0
1441,0.371647,0,0,0,0
1442,1.353836,0,0,0,0
1443,-1.070213,0,0,0,0
1444,-2.857876,0,0,0,0
0,0,0,0,1796,-23139.0
0,0,0,0,1797,32700.0
0,0,0,0,1798,-32700.0
0,0,0,0,1799,3374.0
1446,1.158142,0,0,0,0
1447,-0.337696,0,0,0,0
1448,-2.659321,0,0,0,0
1449,-3.174114,0,0,0,0
0,0,0,0,1801,22362.0
0,0,0,0,1802,3240.0
0,0,0,0,1803,-21984.0
0,0,0,0,1804,32700.0
1451,0.576925,0,0,0,0
1452,-1.77536,0,0,0,0
1453,-3.457642,0,0,0,0
1454,-2.473307,0,0,0,0
0,0,0,0,1806,-27163.0
0,0,0,0,1807,1937.0
0,0,0,0,1808,17798.0
0,0,0,0,1809,-32700.0
1456,-0.75984,0,0,0,0
1457,-2.83699,0,0,0,0
1458,-2.936411,0,0,0,0
1459,-0.366735,0,0,0,0
0,0,0,0,1811,5949.0
0,0,0,0,1812,-25767.0
0,0,0,0,1813,32700.0
0,0,0,0,1814,-32700.0
1461,-2.059317,0,0,0,0
1462,-3.375244,0,0,0,0
1463,-1.682472,0,0,0,0
1464,0.685263,0,0,0,0
0,0,0,0,1816,-32700.0
0,0,0,0,1817,32700.0
0,0,0,0,1818,-32224.0
0,0,0,0,1819,4847.0
1466,-3.425884,0,0,0,0
1467,-2.846384,0,0,0,0
1468,-0.227213,0,0,0,0
1469,0.754595,0,0,0,0
0,0,0,0,1821,-16321.0
0,0,0,0,1822,-19244.0
0,0,0,0,1823,21839.0
0,0,0,0,1824,-32700.0
1471,-3.361797,0,0,0,0
1472,-1.235151,0,0,0,0
1473,-0.016737,0,0,0,0
1474,-0.962639,0,0,0,0
0,0,0,0,1826,-32700.0
0,0,0,0,1827,32700.0
0,0,0,0,1828,-28367.0
0,0,0,0,1829,-13041.0
1476,-1.311207,0,0,0,0
1477,0.948715,0,0,0,0
1478,1.282501,0,0,0,0
1479,-1.179409,0,0,0,0
0,0,0,0,1831,31612.0
0,0,0,0,1832,-32700.0
0,0,0,0,1833,32700.0
0,0,0,0,1834,-30470.0
1481,-0.219297,0,0,0,0
1482,1.087093,0,0,0,0
1483,-0.839186,0,0,0,0
1484,-3.138781,0,0,0,0
0,0,0,0,1836,6841.0
0,0,0,0,1837,-30171.0
0,0,0,0,1838,28605.0
0,0,0,0,1839,-32700.0
1486,1.12009,0,0,0,0
1487,0.584984,0,0,0,0
1488,-2.393293,0,0,0,0
1489,-3.380823,0,0,0,0
0,0,0,0,1841,8296.0
0,0,0,0,1842,16815.0
0,0,0,0,1843,-12780.0
0,0,0,0,1844,32700.0
1491,1.043177,0,0,0,0
1492,-1.03569,0,0,0,0
1493,-3.173399,0,0,0,0
1494,-2.666855,0,0,0,0
0,0,0,0,1846,19788.0
0,0,0,0,1847,1881.0
0,0,0,0,1848,1867.0
0,0,0,0,1849,32700.0
1496,-0.49262,0,0,0,0
1497,-2.603912,0,0,0,0
1498,-3.189516,0,0,0,0
1499,-0.971556,0,0,0,0
0,0,0,0,1851,-32700.0
0,0,0,0,1852,14336.0
0,0,0,0,1853,-21922.0
0,0,0,0,1854,-20587.0
1501,-2.362061,0,0,0,0
1502,-3.28331,0,0,0,0
1503,-1.828003,0,0,0,0
1504,0.626659,0,0,0,0
0,0,0,0,1856,21976.0
0,0,0,0,1857,-5702.0
0,0,0,0,1858,12560.0
0,0,0,0,1859,26394.0
1506,-3.466797,0,0,0,0
1507,-3.003836,0,0,0,0
1508,-0.346756,0,0,0,0
1509,1.100063,0,0,0,0
0,0,0,0,1861,-32700.0
0,0,0,0,1862,32700.0
0,0,0,0,1863,-32700.0
0,0,0,0,1864,32700.0
1511,-3.421879,0,0,0,0
1512,-1.408482,0,0,0,0
1513,0.628614,0,0,0,0
1514,-0.37117,0,0,0,0
0,0,0,0,1866,32700.0
0,0,0,0,1867,-32700.0
0,0,0,0,1868,32700.0
0,0,0,0,1869,-16702.0
1516,-2.496195,0,0,0,0
1517,0.031281,0,0,0,0
1518,0.566959,0,0,0,0
1519,-1.022911,0,0,0,0
0,0,0,0,1871,32700.0
0,0,0,0,1872,-32700.0
0,0,0,0,1873,32700.0
0,0,0,0,1874,-18411.0
1521,-0.687599,0,0,0,0
1522,1.768255,0,0,0,0
1523,0.51446,0,0,0,0
1524,-2.830648,0,0,0,0
0,0,0,0,1876,-32700.0
0,0,0,0,1877,32700.0
0,0,0,0,1878,-32700.0
0,0,0,0,1879,32700.0
1526,0.685215,0,0,0,0
1527,0.277185,0,0,0,0
1528,-2.210712,0,0,0,0
1529,-3.604031,0,0,0,0
0,0,0,0,1881,32700.0
0,0,0,0,1882,-32700.0
0,0,0,0,1883,32700.0
0,0,0,0,1884,-23245.0
1531,0.581026,0,0,0,0
1532,-1.148462,0,0,0,0
1533,-3.31955,0,0,0,0
1534,-3.146696,0,0,0,0
0,0,0,0,1886,32700.0
0,0,0,0,1887,-32700.0
0,0,0,0,1888,32700.0
0,0,0,0,1889,-31293.0
1536,-0.609207,0,0,0,0
1537,-2.838373,0,0,0,0
1538,-3.095722,0,0,0,0
1539,-0.868082,0,0,0,0
0,0,0,0,1891,22611.0
0,0,0,0,1892,-27880.0
0,0,0,0,1893,462.0
0,0,0,0,1894,-32514.0
1541,-1.854801,0,0,0,0
1542,-3.515434,0,0,0,0
1543,-2.438736,0,0,0,0
1544,0.683403,0,0,0,0
0,0,0,0,1896,-29454.0
0,0,0,0,1897,31949.0
0,0,0,0,1898,-2811.0
0,0,0,0,1899,32700.0
1546,-2.658176,0,0,0,0
1547,-2.888203,0,0,0,0
1548,-0.724268,0,0,0,0
1549,0.722885,0,0,0,0
0,0,0,0,1901,32700.0
0,0,0,0,1902,-32700.0
0,0,0,0,1903,32700.0
0,0,0,0,1904,-32700.0
1551,-3.621912,0,0,0,0
1552,-2.078772,0,0,0,0
1553,0.43335,0,0,0,0
1554,-0.221777,0,0,0,0
0,0,0,0,1906,32700.0
0,0,0,0,1907,-32700.0
0,0,0,0,1908,32700.0
0,0,0,0,1909,-32700.0
1556,-2.723837,0,0,0,0
1557,-0.13051,0,0,0,0
1558,0.685596,0,0,0,0
1559,-1.161671,0,0,0,0
0,0,0,0,1911,32700.0
0,0,0,0,1912,-32700.0
0,0,0,0,1913,32700.0
0,0,0,0,1914,-32700.0
1561,-0.739956,0,0,0,0
1562,0.896502,0,0,0,0
1563,-0.204611,0,0,0,0
1564,-2.170038,0,0,0,0
0,0,0,0,1916,-32700.0
0,0,0,0,1917,27793.0
0,0,0,0,1918,10387.0
0,0,0,0,1919,15272.0
1566,0.277281,0,0,0,0
1567,0.552225,0,0,0,0
1568,-1.606035,0,0,0,0
1569,-3.25613,0,0,0,0
0,0,0,0,1921,9365.0
0,0,0,0,1922,-332.0
0,0,0,0,1923,-32700.0
0,0,0,0,1924,18420.0
1571,0.925684,0,0,0,0
1572,-1.39513,0,0,0,0
1573,-3.901815,0,0,0,0
1574,-3.930807,0,0,0,0
0,0,0,0,1926,-32700.0
0,0,0,0,1927,32700.0
0,0,0,0,1928,-27394.0
0,0,0,0,1929,32700.0
1576,0.211239,0,0,0,0
1577,-2.223063,0,0,0,0
1578,-3.315639,0,0,0,0
1579,-1.561356,0,0,0,0
0,0,0,0,1931,32700.0
0,0,0,0,1932,-32700.0
0,0,0,0,1933,25857.0
0,0,0,0,1934,-32700.0
1581,-1.627302,0,0,0,0
1582,-3.767109,0,0,0,0
1583,-2.933311,0,0,0,0
1584,-0.332737,0,0,0,0
0,0,0,0,1936,-32700.0
0,0,0,0,1937,32700.0
0,0,0,0,1938,-32700.0
0,0,0,0,1939,32700.0
1586,-2.740717,0,0,0,0
1587,-3.60136,0,0,0,0
1588,-1.724148,0,0,0,0
1589,0.615597,0,0,0,0
0,0,0,0,1941,10811.0
0,0,0,0,1942,-28256.0
0,0,0,0,1943,32700.0
0,0,0,0,1944,-32700.0
1591,-3.351831,0,0,0,0
1592,-2.11277,0,0,0,0
1593,0.550938,0,0,0,0
1594,0.813437,0,0,0,0
0,0,0,0,1946,4060.0
0,0,0,0,1947,15918.0
0,0,0,0,1948,-32700.0
0,0,0,0,1949,32700.0
1596,-2.64926,0,0,0,0
1597,-0.469542,0,0,0,0
1598,0.842142,0,0,0,0
1599,-0.637865,0,0,0,0
0,0,0,0,1951,-11748.0
0,0,0,0,1952,-9583.0
0,0,0,0,1953,32700.0
0,0,0,0,1954,-32700.0
1601,-1.840639,0,0,0,0
1602,0.060034,0,0,0,0
1603,-0.351858,0,0,0,0
1604,-2.492762,0,0,0,0
0,0,0,0,1956,-25421.0
0,0,0,0,1957,32700.0
0,0,0,0,1958,-32700.0
0,0,0,0,1959,32700.0
1606,0.343513,0,0,0,0
1607,0.863361,0,0,0,0
1608,-1.444292,0,0,0,0
1609,-3.250122,0,0,0,0
0,0,0,0,1961,32700.0
0,0,0,0,1962,-32700.0
0,0,0,0,1963,-18778.0
0,0,0,0,1964,13632.0
1611,0.693417,0,0,0,0
1612,-0.440311,0,0,0,0
1613,-2.623034,0,0,0,0
1614,-3.146458,0,0,0,0
0,0,0,0,1966,30926.0
0,0,0,0,1967,-32700.0
0,0,0,0,1968,13948.0
0,0,0,0,1969,-13170.0
1616,0.584078,0,0,0,0
1617,-1.561975,0,0,0,0
1618,-3.460503,0,0,0,0
1619,-2.357817,0,0,0,0
0,0,0,0,1971,32700.0
0,0,0,0,1972,-32700.0
0,0,0,0,1973,-11073.0
0,0,0,0,1974,13690.0
1621,-1.254082,0,0,0,0
1622,-3.234911,0,0,0,0
1623,-3.014278,0,0,0,0
1624,-0.633717,0,0,0,0
0,0,0,0,1976,32700.0
0,0,0,0,1977,-3076.0
0,0,0,0,1978,-32700.0
0,0,0,0,1979,32700.0
1626,-2.807522,0,0,0,0
1627,-3.059435,0,0,0,0
1628,-1.047564,0,0,0,0
1629,0.301695,0,0,0,0
0,0,0,0,1981,-32700.0
0,0,0,0,1982,22353.0
0,0,0,0,1983,32700.0
0,0,0,0,1984,-32700.0
1631,-3.397512,0,0,0,0
1632,-2.656078,0,0,0,0
1633,0.024986,0,0,0,0
1634,1.119328,0,0,0,0
0,0,0,0,1986,13067.0
0,0,0,0,1987,28955.0
0,0,0,0,1988,-32700.0
0,0,0,0,1989,32673.0
1636,-3.29814,0,0,0,0
1637,-0.883198,0,0,0,0
1638,0.965977,0,0,0,0
1639,-0.31743,0,0,0,0
0,0,0,0,1991,-32700.0
0,0,0,0,1992,24910.0
0,0,0,0,1993,32700.0
0,0,0,0,1994,-32700.0
1641,-2.08931,0,0,0,0
1642,0.491953,0,0,0,0
1643,0.589752,0,0,0,0
1644,-1.768637,0,0,0,0
0,0,0,0,1996,25147.0
0,0,0,0,1997,-32700.0
0,0,0,0,1998,-13947.0
0,0,0,0,1999,20264.0
1646,-0.5198,0,0,0,0
1647,0.549126,0,0,0,0
1648,-1.199627,0,0,0,0
1649,-3.504562,0,0,0,0
0,0,0,0,2001,-32700.0
0,0,0,0,2002,6443.0
0,0,0,0,2003,32700.0
0,0,0,0,2004,-32700.0
1651,1.184368,0,0,0,0
1652,-0.076628,0,0,0,0
1653,-2.407932,0,0,0,0
1654,-3.427505,0,0,0,0
0,0,0,0,2006,-11666.0
0,0,0,0,2007,-27337.0
0,0,0,0,2008,12067.0
0,0,0,0,2009,-309.0
1656,0.54822,0,0,0,0
1657,-1.333952,0,0,0,0
1658,-3.364992,0,0,0,0
1659,-2.628136,0,0,0,0
0,0,0,0,2011,775.0
0,0,0,0,2012,32700.0
0,0,0,0,2013,3392.0
0,0,0,0,2014,-16116.0
1661,-0.77858,0,0,0,0
1662,-3.04718,0,0,0,0
1663,-3.450108,0,0,0,0
1664,-1.12195,0,0,0,0
0,0,0,0,2016,13150.0
0,0,0,0,2017,26277.0
0,0,0,0,2018,-4533.0
0,0,0,0,2019,-8507.0
1666,-2.116203,0,0,0,0
1667,-3.516483,0,0,0,0
1668,-2.205849,0,0,0,0
1669,0.413942,0,0,0,0
0,0,0,0,2021,-28192.0
0,0,0,0,2022,-18264.0
0,0,0,0,2023,15600.0
0,0,0,0,2024,1324.0
1671,-3.469753,0,0,0,0
1672,-2.988291,0,0,0,0
1673,-0.270081,0,0,0,0
1674,0.924969,0,0,0,0
0,0,0,0,2026,-24718.0
0,0,0,0,2027,29910.0
0,0,0,0,2028,32700.0
0,0,0,0,2029,-32700.0
1676,-3.400183,0,0,0,0
1677,-1.304293,0,0,0,0
1678,0.594139,0,0,0,0
1679,-0.272083,0,0,0,0
0,0,0,0,2031,32700.0
0,0,0,0,2032,4606.0
0,0,0,0,2033,-21292.0
0,0,0,0,2034,4977.0
1681,-2.475595,0,0,0,0
1682,0.331211,0,0,0,0
1683,0.639105,0,0,0,0
1684,-1.495552,0,0,0,0
0,0,0,0,2036,-13509.0
0,0,0,0,2037,31879.0
0,0,0,0,2038,32462.0
0,0,0,0,2039,-32700.0
1686,-0.737143,0,0,0,0
1687,0.682068,0,0,0,0
1688,-0.854397,0,0,0,0
1689,-3.026104,0,0,0,0
0,0,0,0,2041,-5345.0
0,0,0,0,2042,32700.0
0,0,0,0,2043,30097.0
0,0,0,0,2044,-32700.0
1691,0.467062,0,0,0,0
1692,0.266266,0,0,0,0
1693,-1.559925,0,0,0,0
1694,-2.70896,0,0,0,0
0,0,0,0,2046,28576.0
0,0,0,0,2047,-19564.0
0,0,0,0,2048,-32700.0
0,0,0,0,2049,15390.0
1696,0.701761,0,0,0,0
1697,-1.495218,0,0,0,0
1698,-3.475475,0,0,0,0
1699,-2.75774,0,0,0,0
0,0,0,0,2051,3503.0
0,0,0,0,2052,32700.0
0,0,0,0,2053,32700.0
0,0,0,0,2054,-32700.0
1701,-0.172758,0,0,0,0
1702,-2.990723,0,0,0,0
1703,-3.20282,0,0,0,0
1704,-0.834179,0,0,0,0
0,0,0,0,2056,-7597.0
0,0,0,0,2057,29920.0
0,0,0,0,2058,32700.0
0,0,0,0,2059,-24374.0
1706,-1.994181,0,0,0,0
1707,-3.349781,0,0,0,0
1708,-2.106476,0,0,0,0
1709,0.41461,0,0,0,0
0,0,0,0,2061,9175.0
0,0,0,0,2062,32700.0
0,0,0,0,2063,32700.0
0,0,0,0,2064,-27554.0
1711,-3.149128,0,0,0,0
1712,-3.163242,0,0,0,0
1713,-0.802183,0,0,0,0
1714,0.550747,0,0,0,0
0,0,0,0,2066,32700.0
0,0,0,0,2067,10855.0
0,0,0,0,2068,3453.0
0,0,0,0,2069,-31929.0
1716,-3.441525,0,0,0,0
1717,-1.82929,0,0,0,0
1718,0.617218,0,0,0,0
1719,0.204945,0,0,0,0
0,0,0,0,2071,-27094.0
0,0,0,0,2072,-32700.0
0,0,0,0,2073,-32700.0
0,0,0,0,2074,32700.0
1721,-2.662563,0,0,0,0
1722,-0.047922,0,0,0,0
1723,0.636053,0,0,0,0
1724,-1.387644,0,0,0,0
0,0,0,0,2076,2531.0
0,0,0,0,2077,32700.0
0,0,0,0,2078,32700.0
0,0,0,0,2079,-2538.0
1726,-1.149416,0,0,0,0
1727,0.784349,0,0,0,0
1728,-0.39649,0,0,0,0
1729,-2.737951,0,0,0,0
0,0,0,0,2081,6404.0
0,0,0,0,2082,-20357.0
0,0,0,0,2083,-17457.0
0,0,0,0,2084,-9444.0
1731,0.461578,0,0,0,0
1732,0.559664,0,0,0,0
1733,-1.731634,0,0,0,0
1734,-3.330374,0,0,0,0
0,0,0,0,2086,-15810.0
0,0,0,0,2087,-3330.0
0,0,0,0,2088,-6354.0
0,0,0,0,2089,16831.0
1736,1.034451,0,0,0,0
1737,-0.776339,0,0,0,0
1738,-3.193951,0,0,0,0
1739,-3.214884,0,0,0,0
0,0,0,0,2091,-13255.0
0,0,0,0,2092,-6333.0
0,0,0,0,2093,-9910.0
0,0,0,0,2094,14178.0
1741,0.013113,0,0,0,0
1742,-2.421284,0,0,0,0
1743,-3.591967,0,0,0,0
1744,-1.920938,0,0,0,0
0,0,0,0,2096,2173.0
0,0,0,0,2097,11034.0
0,0,0,0,2098,6902.0
0,0,0,0,2099,10731.0
1746,-1.46122,0,0,0,0
1747,-3.325415,0,0,0,0
1748,-2.755594,0,0,0,0
1749,-0.296593,0,0,0,0
0,0,0,0,2101,11445.0
0,0,0,0,2102,13567.0
0,0,0,0,2103,12306.0
0,0,0,0,2104,3132.0
1751,-3.003025,0,0,0,0
1752,-3.419018,0,0,0,0
1753,-1.097202,0,0,0,0
1754,0.899696,0,0,0,0
0,0,0,0,2106,6072.0
0,0,0,0,2107,13345.0
0,0,0,0,2108,6258.0
0,0,0,0,2109,9965.0
1756,-3.572607,0,0,0,0
1757,-2.237225,0,0,0,0
1758,0.338554,0,0,0,0
1759,0.560093,0,0,0,0
0,0,0,0,2111,-14040.0
0,0,0,0,2112,-9278.0
0,0,0,0,2113,-13403.0
0,0,0,0,2114,3503.0
1761,-3.228712,0,0,0,0
1762,-0.733232,0,0,0,0
1763,0.74892,0,0,0,0
1764,-0.899076,0,0,0,0
0,0,0,0,2116,9012.0
0,0,0,0,2117,4825.0
0,0,0,0,2118,13285.0
0,0,0,0,2119,-6646.0
1766,-1.655722,0,0,0,0
1767,0.606203,0,0,0,0
1768,-0.037193,0,0,0,0
1769,-2.445269,0,0,0,0
0,0,0,0,2121,8462.0
0,0,0,0,2122,3894.0
0,0,0,0,2123,14052.0
0,0,0,0,2124,-6693.0
1771,-0.034332,0,0,0,0
1772,0.578928,0,0,0,0
1773,-1.657581,0,0,0,0
1774,-3.633261,0,0,0,0
0,0,0,0,2126,7433.0
0,0,0,0,2127,10074.0
0,0,0,0,2128,-2578.0
0,0,0,0,2129,15584.0
1776,0.759745,0,0,0,0
1777,-0.721216,0,0,0,0
1778,-3.011227,0,0,0,0
1779,-3.4554,0,0,0,0
0,0,0,0,2131,16537.0
0,0,0,0,2132,14923.0
0,0,0,0,2133,10822.0
0,0,0,0,2134,14445.0
1781,0.435162,0,0,0,0
1782,-2.081013,0,0,0,0
1783,-3.500891,0,0,0,0
1784,-2.231693,0,0,0,0
0,0,0,0,2136,-10265.0
0,0,0,0,2137,-8839.0
0,0,0,0,2138,-17714.0
0,0,0,0,2139,-6308.0
1786,-1.135874,0,0,0,0
1787,-3.141928,0,0,0,0
1788,-2.854061,0,0,0,0
1789,-0.291252,0,0,0,0
0,0,0,0,2141,701.0
0,0,0,0,2142,1206.0
0,0,0,0,2143,-17992.0
0,0,0,0,2144,-823.0
1791,-2.83823,0,0,0,0
1792,-3.517103,0,0,0,0
1793,-1.631498,0,0,0,0
1794,0.798225,0,0,0,0
0,0,0,0,2146,-11688.0
0,0,0,0,2147,-9040.0
0,0,0,0,2148,18275.0
0,0,0,0,2149,-4615.0
1796,-3.543139,0,0,0,0
1797,-2.618933,0,0,0,0
1798,0.104523,0,0,0,0
1799,0.646019,0,0,0,0
0,0,0,0,2151,32120.0
0,0,0,0,2152,30032.0
0,0,0,0,2153,-8978.0
0,0,0,0,2154,22567.0
1801,-3.234339,0,0,0,0
1802,-0.917912,0,0,0,0
1803,0.538349,0,0,0,0
1804,-0.76189,0,0,0,0
0,0,0,0,2156,7039.0
0,0,0,0,2157,17445.0
0,0,0,0,2158,32700.0
0,0,0,0,2159,32700.0
1806,-2.011061,0,0,0,0
1807,0.495291,0,0,0,0
1808,0.177431,0,0,0,0
1809,-2.209902,0,0,0,0
0,0,0,0,2161,-18143.0
0,0,0,0,2162,-31061.0
0,0,0,0,2163,-21724.0
0,0,0,0,2164,-32700.0
1811,-0.307989,0,0,0,0
1812,0.763798,0,0,0,0
1813,-1.131296,0,0,0,0
1814,-3.315735,0,0,0,0
0,0,0,0,2166,-8708.0
0,0,0,0,2167,11751.0
0,0,0,0,2168,32700.0
0,0,0,0,2169,32700.0
1816,0.82202,0,0,0,0
1817,-0.400257,0,0,0,0
1818,-2.757359,0,0,0,0
1819,-3.544521,0,0,0,0
0,0,0,0,2171,32700.0
0,0,0,0,2172,32700.0
0,0,0,0,2173,-24045.0
0,0,0,0,2174,5648.0
1821,0.553894,0,0,0,0
1822,-1.801872,0,0,0,0
1823,-3.589249,0,0,0,0
1824,-2.462053,0,0,0,0
0,0,0,0,2176,32700.0
0,0,0,0,2177,18791.0
0,0,0,0,2178,-32700.0
0,0,0,0,2179,-31612.0
1826,-0.928879,0,0,0,0
1827,-3.034401,0,0,0,0
1828,-3.053331,0,0,0,0
1829,-0.952625,0,0,0,0
0,0,0,0,2181,32700.0
0,0,0,0,2182,31360.0
0,0,0,0,2183,-32700.0
0,0,0,0,2184,-20135.0
1831,-2.514791,0,0,0,0
1832,-3.439188,0,0,0,0
1833,-1.847219,0,0,0,0
1834,0.441837,0,0,0,0
0,0,0,0,2186,9213.0
0,0,0,0,2187,-18738.0
0,0,0,0,2188,-6319.0
0,0,0,0,2189,-20005.0
1836,-3.496075,0,0,0,0
1837,-3.035355,0,0,0,0
1838,-0.397921,0,0,0,0
1839,0.482702,0,0,0,0
0,0,0,0,2191,-27069.0
0,0,0,0,2192,-5398.0
0,0,0,0,2193,24534.0
0,0,0,0,2194,27766.0
1841,-2.756119,0,0,0,0
1842,-0.320292,0,0,0,0
1843,1.45545,0,0,0,0
1844,0.248814,0,0,0,0
0,0,0,0,2196,25312.0
0,0,0,0,2197,1783.0
0,0,0,0,2198,-12797.0
0,0,0,0,2199,-20585.0
1846,-1.864052,0,0,0,0
1847,-0.060177,0,0,0,0
1848,-0.116205,0,0,0,0
1849,-2.174807,0,0,0,0
0,0,0,0,2201,-20939.0
0,0,0,0,2202,8892.0
0,0,0,0,2203,2405.0
0,0,0,0,2204,9692.0
1851,-0.342035,0,0,0,0
1852,0.942945,0,0,0,0
1853,-0.736094,0,0,0,0
1854,-2.921104,0,0,0,0
0,0,0,0,2206,-17078.0
0,0,0,0,2207,-17107.0
0,0,0,0,2208,18870.0
0,0,0,0,2209,20727.0
1856,0.579929,0,0,0,0
1857,-0.017357,0,0,0,0
1858,-2.38266,0,0,0,0
1859,-3.389835,0,0,0,0
0,0,0,0,2211,15830.0
0,0,0,0,2212,11996.0
0,0,0,0,2213,-14197.0
0,0,0,0,2214,-15388.0
1861,0.689936,0,0,0,0
1862,-1.468945,0,0,0,0
1863,-3.430367,0,0,0,0
1864,-2.98481,0,0,0,0
0,0,0,0,2216,-11793.0
0,0,0,0,2217,12715.0
0,0,0,0,2218,-11775.0
0,0,0,0,2219,-12515.0
1866,-0.532579,0,0,0,0
1867,-2.731609,0,0,0,0
1868,-3.309774,0,0,0,0
1869,-1.314402,0,0,0,0
0,0,0,0,2221,-6012.0
0,0,0,0,2222,16431.0
0,0,0,0,2223,-14820.0
0,0,0,0,2224,-15995.0
1871,-2.008152,0,0,0,0
1872,-3.433752,0,0,0,0
1873,-2.360535,0,0,0,0
1874,0.155449,0,0,0,0
0,0,0,0,2226,-9441.0
0,0,0,0,2227,-10425.0
0,0,0,0,2228,7360.0
0,0,0,0,2229,5821.0
1876,-3.286505,0,0,0,0
1877,-3.22156,0,0,0,0
1878,-0.892782,0,0,0,0
1879,0.48914,0,0,0,0
0,0,0,0,2231,-20711.0
0,0,0,0,2232,8355.0
0,0,0,0,2233,-14706.0
0,0,0,0,2234,-17561.0
1881,-3.670168,0,0,0,0
1882,-1.751804,0,0,0,0
1883,0.586176,0,0,0,0
1884,-0.020695,0,0,0,0
0,0,0,0,2236,-26342.0
0,0,0,0,2237,-14668.0
0,0,0,0,2238,-7332.0
0,0,0,0,2239,-20613.0
1886,-2.839184,0,0,0,0
1887,-0.222588,0,0,0,0
1888,0.492334,0,0,0,0
1889,-1.476765,0,0,0,0
0,0,0,0,2241,32700.0
0,0,0,0,2242,798.0
0,0,0,0,2243,26941.0
0,0,0,0,2244,32700.0
1891,-1.028204,0,0,0,0
1892,0.679779,0,0,0,0
1893,-0.42572,0,0,0,0
1894,-2.700663,0,0,0,0
0,0,0,0,2246,19907.0
0,0,0,0,2247,-32700.0
0,0,0,0,2248,21068.0
0,0,0,0,2249,174.0
1896,0.242186,0,0,0,0
1897,0.157166,0,0,0,0
1898,-1.912928,0,0,0,0
1899,-3.575325,0,0,0,0
0,0,0,0,2251,-32700.0
0,0,0,0,2252,19079.0
0,0,0,0,2253,-32700.0
0,0,0,0,2254,-32700.0
1901,0.719357,0,0,0,0
1902,-1.033258,0,0,0,0
1903,-3.276205,0,0,0,0
1904,-3.108168,0,0,0,0
0,0,0,0,2256,-14033.0
0,0,0,0,2257,30245.0
0,0,0,0,2258,2159.0
0,0,0,0,2259,25383.0
1906,-0.842237,0,0,0,0
1907,-3.109407,0,0,0,0
1908,-3.86343,0,0,0,0
1909,-1.905298,0,0,0,0
0,0,0,0,2261,16520.0
0,0,0,0,2262,-1607.0
0,0,0,0,2263,31945.0
0,0,0,0,2264,30195.0
1911,-1.747942,0,0,0,0
1912,-3.613138,0,0,0,0
1913,-3.139114,0,0,0,0
1914,-0.220823,0,0,0,0
0,0,0,0,2266,29709.0
0,0,0,0,2267,-31712.0
0,0,0,0,2268,13799.0
0,0,0,0,2269,-15802.0
1916,-3.088427,0,0,0,0
1917,-3.496361,0,0,0,0
1918,-1.258087,0,0,0,0
1919,0.762272,0,0,0,0
0,0,0,0,2271,-26739.0
0,0,0,0,2272,21424.0
0,0,0,0,2273,-23097.0
0,0,0,0,2274,6899.0
1921,-3.366804,0,0,0,0
1922,-1.840925,0,0,0,0
1923,0.400162,0,0,0,0
1924,0.33946,0,0,0,0
0,0,0,0,2276,-20284.0
0,0,0,0,2277,24683.0
0,0,0,0,2278,22346.0
0,0,0,0,2279,27407.0
1926,-3.095818,0,0,0,0
1927,-0.615978,0,0,0,0
1928,0.584269,0,0,0,0
1929,-1.255989,0,0,0,0
0,0,0,0,2281,-26845.0
0,0,0,0,2282,27362.0
0,0,0,0,2283,13262.0
0,0,0,0,2284,27191.0
1931,-1.508951,0,0,0,0
1932,0.552988,0,0,0,0
1933,-0.276041,0,0,0,0
1934,-2.613449,0,0,0,0
0,0,0,0,2286,25722.0
0,0,0,0,2287,-25545.0
0,0,0,0,2288,-15108.0
0,0,0,0,2289,-23790.0
1936,0.271749,0,0,0,0
1937,1.015759,0,0,0,0
1938,-1.313066,0,0,0,0
1939,-3.317881,0,0,0,0
0,0,0,0,2291,26891.0
0,0,0,0,2292,-27399.0
0,0,0,0,2293,-14108.0
0,0,0,0,2294,-24400.0
1941,0.833797,0,0,0,0
1942,-0.820351,0,0,0,0
1943,-3.131342,0,0,0,0
1944,-3.420448,0,0,0,0
0,0,0,0,2296,-16649.0
0,0,0,0,2297,27937.0
0,0,0,0,2298,13205.0
0,0,0,0,2299,27992.0
1946,-0.03252,0,0,0,0
1947,-2.53315,0,0,0,0
1948,-3.754282,0,0,0,0
1949,-2.473593,0,0,0,0
0,0,0,0,2301,-26269.0
0,0,0,0,2302,32361.0
0,0,0,0,2303,25690.0
0,0,0,0,2304,16223.0
1951,-1.657104,0,0,0,0
1952,-3.071642,0,0,0,0
1953,-2.510738,0,0,0,0
1954,0.476027,0,0,0,0
0,0,0,0,2306,27394.0
0,0,0,0,2307,-6821.0
0,0,0,0,2308,-20812.0
0,0,0,0,2309,32700.0
1956,-3.016329,0,0,0,0
1957,-3.364563,0,0,0,0
1958,-1.573038,0,0,0,0
1959,0.32239,0,0,0,0
0,0,0,0,2311,24675.0
0,0,0,0,2312,-32700.0
0,0,0,0,2313,-32700.0
0,0,0,0,2314,7408.0
1961,-3.271866,0,0,0,0
1962,-2.233982,0,0,0,0
1963,-0.510502,0,0,0,0
1964,-0.661373,0,0,0,0
0,0,0,0,2316,16327.0
0,0,0,0,2317,13020.0
0,0,0,0,2318,12304.0
0,0,0,0,2319,19706.0
1966,-3.42288,0,0,0,0
1967,-1.060963,0,0,0,0
1968,0.603342,0,0,0,0
1969,-0.827456,0,0,0,0
0,0,0,0,2321,-19957.0
0,0,0,0,2322,25518.0
0,0,0,0,2323,25087.0
0,0,0,0,2324,-24101.0
1971,-2.292681,0,0,0,0
1972,0.163698,0,0,0,0
1973,-0.332355,0,0,0,0
1974,-2.759361,0,0,0,0
0,0,0,0,2326,-11973.0
0,0,0,0,2327,-20259.0
0,0,0,0,2328,-24609.0
0,0,0,0,2329,8517.0
1976,-0.321817,0,0,0,0
1977,0.40741,0,0,0,0
1978,-1.472712,0,0,0,0
1979,-3.309917,0,0,0,0
0,0,0,0,2331,10235.0
0,0,0,0,2332,22165.0
0,0,0,0,2333,25360.0
0,0,0,0,2334,-18214.0
0,0,285,158.453981,0,0
0,0,286,186.644991,0,0
0,0,287,201.200445,0,0
0,0,0,0,2336,-16520.0
0,0,0,0,2337,16269.0
0,0,0,0,2338,-3854.0
0,0,0,0,2339,-11558.0
0,0,289,193.403165,0,0
0,0,290,187.632442,0,0
0,0,291,186.981757,0,0
0,0,0,0,2341,1307.0
0,0,0,0,2342,5559.0
0,0,0,0,2343,16025.0
0,0,0,0,2344,-18144.0
0,0,293,187.834104,0,0
0,0,294,187.57383,0,0
0,0,295,187.451641,0,0
0,0,0,0,2346,207.0
0,0,0,0,2347,9537.0
0,0,0,0,2348,11015.0
0,0,0,0,2349,-16227.0
0,0,297,187.304616,0,0
0,0,298,187.251965,0,0
0,0,299,187.206268,0,0
0,0,0,0,2351,2108.0
0,0,0,0,2352,9386.0
0,0,0,0,2353,8800.0
0,0,0,0,2354,-14811.0
0,0,301,187.134743,0,0
0,0,302,187.100967,0,0
0,0,303,187.066197,0,0
0,0,0,0,2356,1033.0
0,0,0,0,2357,359.0
0,0,0,0,2358,13664.0
0,0,0,0,2359,-14413.0
0,0,305,186.985731,0,0
0,0,306,186.947982,0,0
0,0,307,186.912219,0,0
0,0,0,0,2361,2845.0
0,0,0,0,2362,9771.0
0,0,0,0,2363,6458.0
0,0,0,0,2364,-11257.0
0,0,309,186.862548,0,0
0,0,310,186.852614,0,0
0,0,311,186.84566,0,0
0,0,0,0,2366,-4267.0
0,0,0,0,2367,5546.0
0,0,0,0,2368,6283.0
0,0,0,0,2369,-11146.0
0,0,313,186.831752,0,0
0,0,314,186.822812,0,0
0,0,315,186.807911,0,0
0,0,0,0,2371,-12432.0
0,0,0,0,2372,-15874.0
0,0,0,0,2373,10842.0
0,0,0,0,2374,-10895.0
0,0,317,186.776121,0,0
0,0,318,186.762214,0,0
0,0,319,186.748306,0,0
0,0,0,0,2376,23398.0
0,0,0,0,2377,20801.0
0,0,0,0,2378,-9942.0
0,0,0,0,2379,12673.0
0,0,321,186.731418,0,0
0,0,322,186.727444,0,0
0,0,323,186.725458,0,0
0,0,0,0,2381,15767.0
0,0,0,0,2382,17130.0
0,0,0,0,2383,-9723.0
0,0,0,0,2384,10386.0
0,0,325,186.713537,0,0
0,0,326,186.702609,0,0
0,0,327,186.691682,0,0
0,0,0,0,2386,-17126.0
0,0,0,0,2387,-12493.0
0,0,0,0,2388,10344.0
0,0,0,0,2389,-9583.0
0,0,329,186.660886,0,0
0,0,330,186.649958,0,0
0,0,331,186.643998,0,0
0,0,0,0,2391,16788.0
0,0,0,0,2392,19173.0
0,0,0,0,2393,-7324.0
0,0,0,0,2394,10890.0
0,0,333,186.641018,0,0
0,0,334,186.640024,0,0
0,0,335,186.640024,0,0
0,0,0,0,2396,27489.0
0,0,0,0,2397,24090.0
0,0,0,0,2398,-7226.0
0,0,0,0,2399,12071.0
0,0,337,186.632077,0,0
0,0,338,186.622143,0,0
0,0,339,186.609228,0,0
0,0,0,0,2401,24124.0
0,0,0,0,2402,4585.0
0,0,0,0,2403,314.0
0,0,0,0,2404,5973.0
0,0,341,186.5834,0,0
0,0,342,186.575452,0,0
0,0,343,186.572472,0,0
0,0,0,0,2406,-17114.0
0,0,0,0,2407,5731.0
0,0,0,0,2408,-5960.0
0,0,0,0,2409,920.0
0,0,345,186.572472,0,0
0,0,346,186.575452,0,0
0,0,347,186.572472,0,0
0,0,0,0,2411,5671.0
0,0,0,0,2412,-15473.0
0,0,0,0,2413,8776.0
0,0,0,0,2414,-9014.0
0,0,349,186.555584,0,0
0,0,350,186.54267,0,0
0,0,351,186.531742,0,0
0,0,0,0,2416,-16646.0
0,0,0,0,2417,-18838.0
0,0,0,0,2418,7774.0
0,0,0,0,2419,-10225.0
0,0,353,186.515848,0,0
0,0,354,186.512868,0,0
0,0,355,186.511874,0,0
0,0,0,0,2421,30419.0
0,0,0,0,2422,1407.0
0,0,0,0,2423,7600.0
0,0,0,0,2424,-5252.0
0,0,357,186.511874,0,0
0,0,358,186.507901,0,0
0,0,359,186.502934,0,0
0,0,0,0,2426,15038.0
0,0,0,0,2427,-8779.0
0,0,0,0,2428,10024.0
0,0,0,0,2429,-9277.0
0,0,361,186.486046,0,0
0,0,362,186.477105,0,0
0,0,363,186.472138,0,0
0,0,0,0,2431,26799.0
0,0,0,0,2432,2965.0
0,0,0,0,2433,5114.0
0,0,0,0,2434,-1903.0
0,0,365,186.465184,0,0
0,0,366,186.46419,0,0
0,0,367,186.462204,0,0
0,0,0,0,2436,21261.0
0,0,0,0,2437,-623.0
0,0,0,0,2438,7768.0
0,0,0,0,2439,-7198.0
0,0,369,186.456243,0,0
0,0,370,186.450283,0,0
0,0,371,186.446309,0,0
0,0,0,0,2441,-3745.0
0,0,0,0,2442,5968.0
0,0,0,0,2443,-2927.0
0,0,0,0,2444,4489.0
0,0,373,186.434388,0,0
0,0,374,186.427434,0,0
0,0,375,186.419487,0,0
0,0,0,0,2446,-17877.0
0,0,0,0,2447,2780.0
0,0,0,0,2448,-9360.0
0,0,0,0,2449,7146.0
0,0,377,186.410546,0,0
0,0,378,186.409553,0,0
0,0,379,186.409553,0,0
0,0,0,0,2451,-11874.0
0,0,0,0,2452,2988.0
0,0,0,0,2453,-6335.0
0,0,0,0,2454,4761.0
0,0,381,186.408559,0,0
0,0,382,186.403592,0,0
0,0,383,186.393658,0,0
0,0,0,0,2456,9416.0
0,0,0,0,2457,-3091.0
0,0,0,0,2458,4544.0
0,0,0,0,2459,-5352.0
0,0,385,186.365843,0,0
0,0,386,186.352928,0,0
0,0,387,186.343988,0,0
0,0,0,0,2461,1162.0
0,0,0,0,2462,3788.0
0,0,0,0,2463,-4095.0
0,0,0,0,2464,5362.0
0,0,389,186.344981,0,0
0,0,390,186.350942,0,0
0,0,391,186.354915,0,0
0,0,0,0,2466,1301.0
0,0,0,0,2467,-3733.0
0,0,0,0,2468,5098.0
0,0,0,0,2469,-6221.0
0,0,393,186.350942,0,0
0,0,394,186.340014,0,0
0,0,395,186.329087,0,0
0,0,0,0,2471,-1635.0
0,0,0,0,2472,-2405.0
0,0,0,0,2473,-556.0
0,0,0,0,2474,2494.0
0,0,397,186.295311,0,0
0,0,398,186.28339,0,0
0,0,399,186.276436,0,0
0,0,0,0,2476,-65.0
0,0,0,0,2477,945.0
0,0,0,0,2478,-2793.0
0,0,0,0,2479,4995.0
0,0,401,186.276436,0,0
0,0,402,186.280409,0,0
0,0,403,186.284383,0,0
0,0,0,0,2481,-7522.0
0,0,0,0,2482,-3906.0
0,0,0,0,2483,-4172.0
0,0,0,0,2484,3665.0
0,0,405,186.281403,0,0
0,0,406,186.277429,0,0
0,0,407,186.270475,0,0
0,0,0,0,2486,-7588.0
0,0,0,0,2487,-11628.0
0,0,0,0,2488,2267.0
0,0,0,0,2489,-1665.0
0,0,409,186.24862,0,0
0,0,410,186.23968,0,0
0,0,411,186.234713,0,0
0,0,0,0,2491,-8826.0
0,0,0,0,2492,-5034.0
0,0,0,0,2493,-2632.0
0,0,0,0,2494,2348.0
0,0,413,186.233719,0,0
0,0,414,186.232726,0,0
0,0,415,186.231732,0,0
0,0,0,0,2496,13842.0
0,0,0,0,2497,2516.0
0,0,0,0,2498,5196.0
0,0,0,0,2499,-4519.0
0,0,417,186.217825,0,0
0,0,418,186.203917,0,0
0,0,419,186.190009,0,0
