0,-1.085806,0,0,0,0
1,-1.117706,0,0,0,0
2,0.848675,0,0,0,0
3,0.854921,0,0,0,0
4,0.476122,0,0,0,0
0,0,0,0,0,0.0
0,0,0,0,1,0.0
0,0,0,0,2,0.0
0,0,0,0,3,0.0
0,0,0,0,4,0.0
5,-1.350737,0,0,0,0
6,0.486326,0,0,0,0
7,1.275969,0,0,0,0
8,0.86956,0,0,0,0
9,-0.028372,0,0,0,0
0,0,0,0,5,0.0
0,0,0,0,6,0.0
0,0,0,0,7,0.0
0,0,0,0,8,0.0
0,0,0,0,9,0.0
10,-0.074768,0,0,0,0
11,1.510572,0,0,0,0
12,1.269722,0,0,0,0
13,0.751638,0,0,0,0
14,-1.044369,0,0,0,0
0,0,0,0,10,0.0
0,0,0,0,11,0.0
0,0,0,0,12,0.0
0,0,0,0,13,0.0
0,0,0,0,14,0.0
15,1.041126,0,0,0,0
16,1.067352,0,0,0,0
17,0.555372,0,0,0,0
18,-0.58527,0,0,0,0
19,-1.283789,0,0,0,0
0,0,0,0,15,0.0
0,0,0,0,16,0.0
0,0,0,0,17,0.0
0,0,0,0,18,0.0
0,0,0,0,19,0.0
20,1.189375,0,0,0,0
21,0.828362,0,0,0,0
22,0.102997,0,0,0,0
23,-1.222515,0,0,0,0
24,0.208044,0,0,0,0
0,0,0,0,20,0.0
0,0,0,0,21,0.0
0,0,0,0,22,0.0
0,0,0,0,23,0.0
0,0,0,0,24,0.0
25,0.472736,0,0,0,0
26,-0.689507,0,0,0,0
27,-1.470089,0,0,0,0
28,0.590372,0,0,0,0
29,1.158571,0,0,0,0
0,0,0,0,25,0.0
0,0,0,0,26,0.0
0,0,0,0,27,0.0
0,0,0,0,28,0.0
0,0,0,0,29,0.0
30,0.203323,0,0,0,0
31,-1.410818,0,0,0,0
32,-0.274372,0,0,0,0
33,1.151371,0,0,0,0
34,0.795984,0,0,0,0
0,0,0,0,30,0.0
0,0,0,0,31,0.0
0,0,0,0,32,0.0
0,0,0,0,33,0.0
0,0,0,0,34,0.0
35,-0.768995,0,0,0,0
36,-0.670719,0,0,0,0
37,1.175165,0,0,0,0
38,1.25618,0,0,0,0
39,0.872421,0,0,0,0
0,0,0,0,35,0.0
0,0,0,0,36,0.0
0,0,0,0,37,0.0
0,0,0,0,38,0.0
0,0,0,0,39,0.0
40,-1.44968,0,0,0,0
41,0.533915,0,0,0,0
42,1.285362,0,0,0,0
43,0.900459,0,0,0,0
44,-0.046158,0,0,0,0
0,0,0,0,40,0.0
0,0,0,0,41,0.0
0,0,0,0,42,0.0
0,0,0,0,43,0.0
0,0,0,0,44,0.0
45,-0.190783,0,0,0,0
46,1.341486,0,0,0,0
47,1.003456,0,0,0,0
48,0.51713,0,0,0,0
49,-1.070118,0,0,0,0
0,0,0,0,45,0.0
0,0,0,0,46,0.0
0,0,0,0,47,0.0
0,0,0,0,48,0.0
0,0,0,0,49,0.0
50,1.039505,0,0,0,0
51,1.176548,0,0,0,0
52,0.758839,0,0,0,0
53,-0.568056,0,0,0,0
54,-1.236105,0,0,0,0
0,0,0,0,50,0.0
0,0,0,0,51,0.0
0,0,0,0,52,0.0
0,0,0,0,53,0.0
0,0,0,0,54,0.0
55,1.373291,0,0,0,0
56,0.950813,0,0,0,0
57,0.056076,0,0,0,0
58,-1.451683,0,0,0,0
59,0.003386,0,0,0,0
0,0,0,0,55,0.0
0,0,0,0,56,0.0
0,0,0,0,57,0.0
0,0,0,0,58,0.0
0,0,0,0,59,0.0
60,0.839233,0,0,0,0
61,0.555277,0,0,0,0
62,-1.144981,0,0,0,0
63,-0.758553,0,0,0,0
64,1.199961,0,0,0,0
0,0,0,0,60,0.0
0,0,0,0,61,0.0
0,0,0,0,62,0.0
0,0,0,0,63,0.0
0,0,0,0,64,0.0
65,0.702143,0,0,0,0
66,-0.501394,0,0,0,0
67,-1.319265,0,0,0,0
68,0.659084,0,0,0,0
69,1.156664,0,0,0,0
0,0,0,0,65,0.0
0,0,0,0,66,0.0
0,0,0,0,67,0.0
0,0,0,0,68,0.0
0,0,0,0,69,0.0
70,0.227404,0,0,0,0
71,-1.345062,0,0,0,0
72,-0.118494,0,0,0,0
73,1.348305,0,0,0,0
74,0.969934,0,0,0,0
0,0,0,0,70,0.0
0,0,0,0,71,0.0
0,0,0,0,72,0.0
0,0,0,0,73,0.0
0,0,0,0,74,0.0
75,-1.118851,0,0,0,0
76,-0.939178,0,0,0,0
77,1.042509,0,0,0,0
78,1.037741,0,0,0,0
79,0.591469,0,0,0,0
0,0,0,0,75,0.0
0,0,0,0,76,0.0
0,0,0,0,77,0.0
0,0,0,0,78,0.0
0,0,0,0,79,0.0
80,-1.144886,0,0,0,0
81,0.841093,0,0,0,0
82,1.427412,0,0,0,0
83,1.09849,0,0,0,0
84,0.107288,0,0,0,0
0,0,0,0,80,0.0
0,0,0,0,81,0.0
0,0,0,0,82,0.0
0,0,0,0,83,0.0
0,0,0,0,84,0.0
85,0.006723,0,0,0,0
86,1.496601,0,0,0,0
87,1.28808,0,0,0,0
88,0.728321,0,0,0,0
89,-1.056814,0,0,0,0
0,0,0,0,85,0.0
0,0,0,0,86,0.0
0,0,0,0,87,0.0
0,0,0,0,88,0.0
0,0,0,0,89,0.0
90,1.137352,0,0,0,0
91,1.27492,0,0,0,0
92,0.917006,0,0,0,0
93,-0.430107,0,0,0,0
94,-1.106405,0,0,0,0
0,0,0,0,90,0.0
0,0,0,0,91,0.0
0,0,0,0,92,0.0
0,0,0,0,93,0.0
0,0,0,0,94,0.0
95,1.316166,0,0,0,0
96,0.965643,0,0,0,0
97,0.134706,0,0,0,0
98,-1.35994,0,0,0,0
99,-0.018787,0,0,0,0
0,0,0,0,95,0.0
0,0,0,0,96,0.0
0,0,0,0,97,0.0
0,0,0,0,98,0.0
0,0,0,0,99,0.0
100,0.706053,0,0,0,0
101,0.342369,0,0,0,0
102,-1.085234,0,0,0,0
103,-0.471449,0,0,0,0
104,1.472807,0,0,0,0
0,0,0,0,100,0.0
0,0,0,0,101,0.0
0,0,0,0,102,0.0
0,0,0,0,103,0.0
0,0,0,0,104,0.0
105,0.699568,0,0,0,0
106,-0.68059,0,0,0,0
107,-1.593494,0,0,0,0
108,0.364494,0,0,0,0
109,0.871325,0,0,0,0
0,0,0,0,105,0.0
0,0,0,0,106,0.0
0,0,0,0,107,0.0
0,0,0,0,108,0.0
0,0,0,0,109,0.0
110,0.269747,0,0,0,0
111,-1.255131,0,0,0,0
112,0.01173,0,0,0,0
113,1.415253,0,0,0,0
114,1.161432,0,0,0,0
0,0,0,0,110,0.0
0,0,0,0,111,0.0
0,0,0,0,112,0.0
0,0,0,0,113,0.0
0,0,0,0,114,0.0
115,-0.619793,0,0,0,0
116,-0.455475,0,0,0,0
117,1.440573,0,0,0,0
118,1.386547,0,0,0,0
119,0.974321,0,0,0,0
0,0,0,0,115,0.0
0,0,0,0,116,0.0
0,0,0,0,117,0.0
0,0,0,0,118,0.0
0,0,0,0,119,0.0
120,-1.132536,0,0,0,0
121,0.735331,0,0,0,0
122,1.198959,0,0,0,0
123,0.853109,0,0,0,0
124,-0.115395,0,0,0,0
0,0,0,0,120,0.0
0,0,0,0,121,0.0
0,0,0,0,122,0.0
0,0,0,0,123,0.0
0,0,0,0,124,0.0
125,-0.197697,0,0,0,0
126,1.339293,0,0,0,0
127,1.040506,0,0,0,0
128,0.530863,0,0,0,0
129,-1.054764,0,0,0,0
0,0,0,0,125,0.0
0,0,0,0,126,0.0
0,0,0,0,127,0.0
0,0,0,0,128,0.0
0,0,0,0,129,0.0
130,1.098776,0,0,0,0
131,1.016855,0,0,0,0
132,0.635624,0,0,0,0
133,-0.679874,0,0,0,0
134,-1.194048,0,0,0,0
0,0,0,0,130,0.0
0,0,0,0,131,0.0
0,0,0,0,132,0.0
0,0,0,0,133,0.0
0,0,0,0,134,0.0
135,1.001358,0,0,0,0
136,0.756884,0,0,0,0
137,-0.078058,0,0,0,0
138,-1.438522,0,0,0,0
139,0.055933,0,0,0,0
0,0,0,0,135,0.0
0,0,0,0,136,0.0
0,0,0,0,137,0.0
0,0,0,0,138,0.0
0,0,0,0,139,0.0
140,1.042032,0,0,0,0
141,0.643921,0,0,0,0
142,-1.065779,0,0,0,0
143,-0.595903,0,0,0,0
144,1.315498,0,0,0,0
0,0,0,0,140,0.0
0,0,0,0,141,0.0
0,0,0,0,142,0.0
0,0,0,0,143,0.0
0,0,0,0,144,0.0
145,0.908613,0,0,0,0
146,-0.387478,0,0,0,0
147,-1.14584,0,0,0,0
148,0.876522,0,0,0,0
149,1.178837,0,0,0,0
0,0,0,0,145,0.0
0,0,0,0,146,0.0
0,0,0,0,147,0.0
0,0,0,0,148,0.0
0,0,0,0,149,0.0
150,-0.029135,0,0,0,0
151,-1.421547,0,0,0,0
152,-0.178003,0,0,0,0
153,1.143837,0,0,0,0
154,0.819445,0,0,0,0
0,0,0,0,150,0.0
0,0,0,0,151,0.0
0,0,0,0,152,0.0
0,0,0,0,153,0.0
0,0,0,0,154,0.0
155,-0.876713,0,0,0,0
156,-0.541306,0,0,0,0
157,1.435709,0,0,0,0
158,1.251125,0,0,0,0
159,0.818491,0,0,0,0
0,0,0,0,155,0.0
0,0,0,0,156,0.0
0,0,0,0,157,0.0
0,0,0,0,158,0.0
0,0,0,0,159,0.0
160,-1.512384,0,0,0,0
161,0.497103,0,0,0,0
162,1.057577,0,0,0,0
163,0.676346,0,0,0,0
164,-0.336885,0,0,0,0
0,0,0,0,160,0.0
0,0,0,0,161,0.0
0,0,0,0,162,0.0
0,0,0,0,163,0.0
0,0,0,0,164,0.0
165,-0.021935,0,0,0,0
166,1.358891,0,0,0,0
167,1.156473,0,0,0,0
168,0.613499,0,0,0,0
169,-1.118755,0,0,0,0
0,0,0,0,165,0.0
0,0,0,0,166,0.0
0,0,0,0,167,0.0
0,0,0,0,168,0.0
0,0,0,0,169,0.0
170,1.084328,0,0,0,0
171,1.160049,0,0,0,0
172,0.787449,0,0,0,0
173,-0.566483,0,0,0,0
174,-1.045895,0,0,0,0
0,0,0,0,170,0.0
0,0,0,0,171,0.0
0,0,0,0,172,0.0
0,0,0,0,173,0.0
0,0,0,0,174,0.0
175,1.259995,0,0,0,0
176,0.918818,0,0,0,0
177,-0.033951,0,0,0,0
178,-1.387072,0,0,0,0
179,0.155687,0,0,0,0
0,0,0,0,175,0.0
0,0,0,0,176,0.0
0,0,0,0,177,0.0
0,0,0,0,178,0.0
0,0,0,0,179,0.0
180,1.138592,0,0,0,0
181,0.747156,0,0,0,0
182,-0.814152,0,0,0,0
183,-0.176954,0,0,0,0
184,1.656961,0,0,0,0
0,0,0,0,180,0.0
0,0,0,0,181,0.0
0,0,0,0,182,0.0
0,0,0,0,183,0.0
0,0,0,0,184,0.0
185,0.857258,0,0,0,0
186,-0.488615,0,0,0,0
187,-1.14789,0,0,0,0
188,0.892353,0,0,0,0
189,1.267385,0,0,0,0
0,0,0,0,185,0.0
0,0,0,0,186,0.0
0,0,0,0,187,0.0
0,0,0,0,188,0.0
0,0,0,0,189,0.0
190,-0.030708,0,0,0,0
191,-1.325035,0,0,0,0
192,0.139141,0,0,0,0
193,1.405907,0,0,0,0
194,1.135397,0,0,0,0
0,0,0,0,190,0.0
0,0,0,0,191,0.0
0,0,0,0,192,0.0
0,0,0,0,193,0.0
0,0,0,0,194,0.0
195,-1.132154,0,0,0,0
196,-0.777864,0,0,0,0
197,1.097775,0,0,0,0
198,1.078939,0,0,0,0
199,0.707579,0,0,0,0
0,0,0,0,195,0.0
0,0,0,0,196,0.0
0,0,0,0,197,0.0
0,0,0,0,198,0.0
0,0,0,0,199,0.0
200,-1.016092,0,0,0,0
201,0.867271,0,0,0,0
202,1.319933,0,0,0,0
203,1.02458,0,0,0,0
204,-0.022316,0,0,0,0
0,0,0,0,200,0.0
0,0,0,0,201,0.0
0,0,0,0,202,0.0
0,0,0,0,203,0.0
0,0,0,0,204,0.0
205,-0.081062,0,0,0,0
206,1.313353,0,0,0,0
207,0.892019,0,0,0,0
208,0.351906,0,0,0,0
209,-1.302147,0,0,0,0
0,0,0,0,205,0.0
0,0,0,0,206,0.0
0,0,0,0,207,0.0
0,0,0,0,208,0.0
0,0,0,0,209,0.0
210,1.234913,0,0,0,0
211,1.20883,0,0,0,0
212,0.726891,0,0,0,0
213,-0.665951,0,0,0,0
214,-0.902128,0,0,0,0
0,0,0,0,210,0.0
0,0,0,0,211,0.0
0,0,0,0,212,0.0
0,0,0,0,213,0.0
0,0,0,0,214,0.0
215,1.212025,0,0,0,0
216,0.918102,0,0,0,0
217,-0.11282,0,0,0,0
218,-1.609373,0,0,0,0
219,0.014973,0,0,0,0
0,0,0,0,215,0.0
0,0,0,0,216,0.0
0,0,0,0,217,0.0
0,0,0,0,218,0.0
0,0,0,0,219,0.0
220,1.167154,0,0,0,0
221,0.620604,0,0,0,0
222,-1.176786,0,0,0,0
223,-0.732756,0,0,0,0
224,0.774574,0,0,0,0
0,0,0,0,220,0.0
0,0,0,0,221,0.0
0,0,0,0,222,0.0
0,0,0,0,223,0.0
0,0,0,0,224,0.0
225,0.579548,0,0,0,0
226,-0.525427,0,0,0,0
227,-1.043987,0,0,0,0
228,0.881481,0,0,0,0
229,0.935316,0,0,0,0
0,0,0,0,225,0.0
0,0,0,0,226,0.0
0,0,0,0,227,0.0
0,0,0,0,228,0.0
0,0,0,0,229,0.0
230,-0.035715,0,0,0,0
231,-1.513481,0,0,0,0
232,-0.064898,0,0,0,0
233,1.194525,0,0,0,0
234,0.853872,0,0,0,0
0,0,0,0,230,0.0
0,0,0,0,231,0.0
0,0,0,0,232,0.0
0,0,0,0,233,0.0
0,0,0,0,234,0.0
235,-0.826263,0,0,0,0
236,-0.735188,0,0,0,0
237,1.20759,0,0,0,0
238,0.950289,0,0,0,0
239,0.631046,0,0,0,0
0,0,0,0,235,0.0
0,0,0,0,236,0.0
0,0,0,0,237,0.0
0,0,0,0,238,0.0
0,0,0,0,239,0.0
240,-1.340866,0,0,0,0
241,0.861788,0,0,0,0
242,1.084614,0,0,0,0
243,0.636196,0,0,0,0
244,-0.324869,0,0,0,0
0,0,0,0,240,0.0
0,0,0,0,241,0.0
0,0,0,0,242,0.0
0,0,0,0,243,0.0
0,0,0,0,244,0.0
245,-0.222731,0,0,0,0
246,1.156139,0,0,0,0
247,0.902557,0,0,0,0
248,0.274563,0,0,0,0
249,-1.37248,0,0,0,0
0,0,0,0,245,0.0
0,0,0,0,246,0.0
0,0,0,0,247,0.0
0,0,0,0,248,0.0
0,0,0,0,249,0.0
250,0.96283,0,0,0,0
251,0.840044,0,0,0,0
252,0.731897,0,0,0,0
253,-0.965834,0,0,0,0
254,-1.210403,0,0,0,0
0,0,0,0,250,0.0
0,0,0,0,251,0.0
0,0,0,0,252,0.0
0,0,0,0,253,0.0
0,0,0,0,254,0.0
255,1.157665,0,0,0,0
256,0.635815,0,0,0,0
257,-0.476837,0,0,0,0
258,-1.82004,0,0,0,0
259,-0.076532,0,0,0,0
0,0,0,0,255,0.0
0,0,0,0,256,0.0
0,0,0,0,257,0.0
0,0,0,0,258,0.0
0,0,0,0,259,0.0
260,1.019621,0,0,0,0
261,0.644159,0,0,0,0
262,-1.244831,0,0,0,0
263,-0.676632,0,0,0,0
264,1.206875,0,0,0,0
0,0,0,0,260,0.0
0,0,0,0,261,0.0
0,0,0,0,262,0.0
0,0,0,0,263,0.0
0,0,0,0,264,0.0
265,0.603151,0,0,0,0
266,-0.512934,0,0,0,0
267,-1.092815,0,0,0,0
268,1.037312,0,0,0,0
269,1.195669,0,0,0,0
0,0,0,0,265,0.0
0,0,0,0,266,0.0
0,0,0,0,267,0.0
0,0,0,0,268,0.0
0,0,0,0,269,0.0
270,0.165892,0,0,0,0
271,-1.56827,0,0,0,0
272,0.036621,0,0,0,0
273,1.512861,0,0,0,0
274,1.214218,0,0,0,0
0,0,0,0,270,0.0
0,0,0,0,271,0.0
0,0,0,0,272,0.0
0,0,0,0,273,0.0
0,0,0,0,274,0.0
275,-1.212788,0,0,0,0
276,-0.682306,0,0,0,0
277,1.106119,0,0,0,0
278,0.906277,0,0,0,0
279,0.608206,0,0,0,0
0,0,0,0,275,0.0
0,0,0,0,276,0.0
0,0,0,0,277,0.0
0,0,0,0,278,0.0
0,0,0,0,279,0.0
280,-1.837111,0,0,0,0
281,0.537777,0,0,0,0
282,1.133394,0,0,0,0
283,0.882912,0,0,0,0
284,-0.396585,0,0,0,0
0,0,0,0,280,0.0
0,0,0,0,281,0.0
0,0,0,0,282,0.0
0,0,0,0,283,0.0
0,0,0,0,284,0.0
285,0.133133,0,0,0,0
286,1.215029,0,0,0,0
287,0.904226,0,0,0,0
288,0.106478,0,0,0,0
289,-1.570177,0,0,0,0
0,0,0,0,285,0.0
0,0,0,0,286,0.0
0,0,0,0,287,0.0
0,0,0,0,288,0.0
0,0,0,0,289,0.0
290,0.759029,0,0,0,0
291,0.891638,0,0,0,0
292,0.533056,0,0,0,0
293,-1.071882,0,0,0,0
294,-1.135063,0,0,0,0
0,0,0,0,290,0.0
0,0,0,0,291,0.0
0,0,0,0,292,0.0
0,0,0,0,293,0.0
0,0,0,0,294,0.0
295,1.413012,0,0,0,0
296,1.084709,0,0,0,0
297,-0.130844,0,0,0,0
298,-1.42498,0,0,0,0
299,0.322008,0,0,0,0
0,0,0,0,295,0.0
0,0,0,0,296,0.0
0,0,0,0,297,0.0
0,0,0,0,298,0.0
0,0,0,0,299,0.0
300,1.244879,0,0,0,0
301,0.676584,0,0,0,0
302,-1.113796,0,0,0,0
303,-0.183916,0,0,0,0
304,1.433897,0,0,0,0
0,0,0,0,300,0.0
0,0,0,0,301,0.0
0,0,0,0,302,0.0
0,0,0,0,303,0.0
0,0,0,0,304,0.0
305,0.727558,0,0,0,0
306,-0.759983,0,0,0,0
307,-1.27244,0,0,0,0
308,0.857449,0,0,0,0
309,1.052666,0,0,0,0
0,0,0,0,305,0.0
0,0,0,0,306,0.0
0,0,0,0,307,0.0
0,0,0,0,308,0.0
0,0,0,0,309,0.0
310,0.513601,0,0,0,0
311,-1.125431,0,0,0,0
312,0.375557,0,0,0,0
313,1.410437,0,0,0,0
314,0.929546,0,0,0,0
0,0,0,0,310,0.0
0,0,0,0,311,0.0
0,0,0,0,312,0.0
0,0,0,0,313,0.0
0,0,0,0,314,0.0
315,-1.403236,0,0,0,0
316,-0.589705,0,0,0,0
317,1.18556,0,0,0,0
318,1.082897,0,0,0,0
319,0.431108,0,0,0,0
0,0,0,0,315,0.0
0,0,0,0,316,0.0
0,0,0,0,317,0.0
0,0,0,0,318,0.0
0,0,0,0,319,0.0
320,-1.320362,0,0,0,0
321,0.801086,0,0,0,0
322,1.293135,0,0,0,0
323,0.765038,0,0,0,0
324,-0.527525,0,0,0,0
0,0,0,0,320,0.0
0,0,0,0,321,0.0
0,0,0,0,322,0.0
0,0,0,0,323,0.0
0,0,0,0,324,0.0
325,-0.042868,0,0,0,0
326,1.311255,0,0,0,0
327,0.61307,0,0,0,0
328,-0.215101,0,0,0,0
329,-1.719856,0,0,0,0
0,0,0,0,325,0.0
0,0,0,0,326,0.0
0,0,0,0,327,0.0
0,0,0,0,328,0.0
0,0,0,0,329,0.0
330,1.393366,0,0,0,0
331,1.303291,0,0,0,0
332,0.934458,0,0,0,0
333,-0.650787,0,0,0,0
334,-1.046753,0,0,0,0
0,0,0,0,330,0.0
0,0,0,0,331,0.0
0,0,0,0,332,0.0
0,0,0,0,333,0.0
0,0,0,0,334,0.0
335,1.124001,0,0,0,0
336,0.881672,0,0,0,0
337,-0.125742,0,0,0,0
338,-1.387787,0,0,0,0
339,0.397396,0,0,0,0
0,0,0,0,335,0.0
0,0,0,0,336,0.0
0,0,0,0,337,0.0
0,0,0,0,338,0.0
0,0,0,0,339,0.0
340,0.971699,0,0,0,0
341,0.436354,0,0,0,0
342,-1.152325,0,0,0,0
343,-0.412798,0,0,0,0
344,1.227474,0,0,0,0
0,0,0,0,340,0.0
0,0,0,0,341,0.0
0,0,0,0,342,0.0
0,0,0,0,343,0.0
0,0,0,0,344,0.0
345,0.674391,0,0,0,0
346,-0.749207,0,0,0,0
347,-1.109982,0,0,0,0
348,0.933647,0,0,0,0
349,1.195192,0,0,0,0
0,0,0,0,345,0.0
0,0,0,0,346,0.0
0,0,0,0,347,0.0
0,0,0,0,348,0.0
0,0,0,0,349,0.0
350,0.142097,0,0,0,0
351,-1.143742,0,0,0,0
352,0.537634,0,0,0,0
353,1.627874,0,0,0,0
354,1.21603,0,0,0,0
0,0,0,0,350,0.0
0,0,0,0,351,0.0
0,0,0,0,352,0.0
0,0,0,0,353,0.0
0,0,0,0,354,0.0
355,-1.095581,0,0,0,0
356,-0.535154,0,0,0,0
357,1.196289,0,0,0,0
358,1.100445,0,0,0,0
359,0.689745,0,0,0,0
0,0,0,0,355,0.0
0,0,0,0,356,0.0
0,0,0,0,357,0.0
0,0,0,0,358,0.0
0,0,0,0,359,0.0
360,-0.487328,0,0,0,0
361,1.467752,0,0,0,0
362,1.774502,0,0,0,0
363,1.383781,0,0,0,0
364,0.185061,0,0,0,0
0,0,0,0,360,0.0
0,0,0,0,361,0.0
0,0,0,0,362,0.0
0,0,0,0,363,0.0
0,0,0,0,364,0.0
365,0.500917,0,0,0,0
366,1.714325,0,0,0,0
367,1.206779,0,0,0,0
368,0.687504,0,0,0,0
369,-0.870657,0,0,0,0
0,0,0,0,365,0.0
0,0,0,0,366,0.0
0,0,0,0,367,0.0
0,0,0,0,368,0.0
0,0,0,0,369,0.0
370,1.54233,0,0,0,0
371,1.578856,0,0,0,0
372,1.253462,0,0,0,0
373,-0.214434,0,0,0,0
374,-0.385189,0,0,0,0
0,0,0,0,370,0.0
0,0,0,0,371,0.0
0,0,0,0,372,0.0
0,0,0,0,373,0.0
0,0,0,0,374,0.0
375,1.745749,0,0,0,0
376,1.332331,0,0,0,0
377,0.247526,0,0,0,0
378,-0.876665,0,0,0,0
379,0.887442,0,0,0,0
0,0,0,0,375,0.0
0,0,0,0,376,0.0
0,0,0,0,377,0.0
0,0,0,0,378,0.0
0,0,0,0,379,0.0
380,0.967407,0,0,0,0
381,0.358438,0,0,0,0
382,-1.307487,0,0,0,0
383,-0.473261,0,0,0,0
384,1.014757,0,0,0,0
0,0,0,0,380,0.0
0,0,0,0,381,0.0
0,0,0,0,382,0.0
0,0,0,0,383,0.0
0,0,0,0,384,0.0
385,0.414181,0,0,0,0
386,-0.948572,0,0,0,0
387,-1.328087,0,0,0,0
388,0.670242,0,0,0,0
389,0.877428,0,0,0,0
0,0,0,0,385,0.0
0,0,0,0,386,0.0
0,0,0,0,387,0.0
0,0,0,0,388,0.0
0,0,0,0,389,0.0
390,0.117731,0,0,0,0
391,-1.189375,0,0,0,0
392,0.452662,0,0,0,0
393,1.452303,0,0,0,0
394,0.999737,0,0,0,0
0,0,0,0,390,0.0
0,0,0,0,391,0.0
0,0,0,0,392,0.0
0,0,0,0,393,0.0
0,0,0,0,394,0.0
395,-1.068783,0,0,0,0
396,-0.350046,0,0,0,0
397,1.462555,0,0,0,0
398,1.275158,0,0,0,0
399,0.861454,0,0,0,0
0,0,0,0,395,0.0
0,0,0,0,396,0.0
0,0,0,0,397,0.0
0,0,0,0,398,0.0
0,0,0,0,399,0.0
400,-1.126671,0,0,0,0
401,0.80018,0,0,0,0
402,1.107025,0,0,0,0
403,0.739765,0,0,0,0
404,-0.440311,0,0,0,0
0,0,0,0,400,0.0
0,0,0,0,401,0.0
0,0,0,0,402,0.0
0,0,0,0,403,0.0
0,0,0,0,404,0.0
405,-0.082684,0,0,0,0
406,1.07131,0,0,0,0
407,0.750446,0,0,0,0
408,0.261497,0,0,0,0
409,-1.291943,0,0,0,0
0,0,0,0,405,0.0
0,0,0,0,406,0.0
0,0,0,0,407,0.0
0,0,0,0,408,0.0
0,0,0,0,409,0.0
410,1.000643,0,0,0,0
411,1.023102,0,0,0,0
412,0.594759,0,0,0,0
413,-0.963497,0,0,0,0
414,-1.037407,0,0,0,0
0,0,0,0,410,0.0
0,0,0,0,411,0.0
0,0,0,0,412,0.0
0,0,0,0,413,0.0
0,0,0,0,414,0.0
415,1.434374,0,0,0,0
416,1.004839,0,0,0,0
417,-0.14658,0,0,0,0
418,-1.245451,0,0,0,0
419,0.482178,0,0,0,0
0,0,0,0,415,0.0
0,0,0,0,416,0.0
0,0,0,0,417,0.0
0,0,0,0,418,0.0
0,0,0,0,419,0.0
420,1.116467,0,0,0,0
421,-0.447702,0,0,0,0
422,-0.813675,0,0,0,0
423,1.23744,0,0,0,0
424,1.381588,0,0,0,0
0,0,0,0,420,0.0
0,0,0,0,421,0.0
0,0,0,0,422,0.0
0,0,0,0,423,0.0
0,0,0,0,424,0.0
425,0.136185,0,0,0,0
426,-1.218462,0,0,0,0
427,0.453949,0,0,0,0
428,1.563501,0,0,0,0
429,1.21913,0,0,0,0
0,0,0,0,425,0.0
0,0,0,0,426,0.0
0,0,0,0,427,0.0
0,0,0,0,428,0.0
0,0,0,0,429,0.0
430,-1.061535,0,0,0,0
431,-0.344372,0,0,0,0
432,1.28026,0,0,0,0
433,1.001453,0,0,0,0
434,0.512266,0,0,0,0
0,0,0,0,430,0.0
0,0,0,0,431,0.0
0,0,0,0,432,0.0
0,0,0,0,433,0.0
0,0,0,0,434,0.0
435,-1.337767,0,0,0,0
436,0.727367,0,0,0,0
437,1.140118,0,0,0,0
438,0.865221,0,0,0,0
439,-0.367451,0,0,0,0
0,0,0,0,435,0.0
0,0,0,0,436,0.0
0,0,0,0,437,0.0
0,0,0,0,438,0.0
0,0,0,0,439,0.0
440,0.111961,0,0,0,0
441,1.1446,0,0,0,0
442,0.843668,0,0,0,0
443,0.278473,0,0,0,0
444,-1.361942,0,0,0,0
0,0,0,0,440,0.0
0,0,0,0,441,0.0
0,0,0,0,442,0.0
0,0,0,0,443,0.0
0,0,0,0,444,0.0
445,1.187515,0,0,0,0
446,0.983572,0,0,0,0
447,0.589752,0,0,0,0
448,-0.97003,0,0,0,0
449,-0.927258,0,0,0,0
0,0,0,0,445,0.0
0,0,0,0,446,0.0
0,0,0,0,447,0.0
0,0,0,0,448,0.0
0,0,0,0,449,0.0
450,1.258898,0,0,0,0
451,0.90127,0,0,0,0
452,-0.344944,0,0,0,0
453,-1.367426,0,0,0,0
454,0.551653,0,0,0,0
0,0,0,0,450,0.0
0,0,0,0,451,0.0
0,0,0,0,452,0.0
0,0,0,0,453,0.0
0,0,0,0,454,0.0
455,1.02663,0,0,0,0
456,0.394392,0,0,0,0
457,-1.387739,0,0,0,0
458,-0.388527,0,0,0,0
459,1.107788,0,0,0,0
0,0,0,0,455,0.0
0,0,0,0,456,0.0
0,0,0,0,457,0.0
0,0,0,0,458,0.0
0,0,0,0,459,0.0
460,0.786114,0,0,0,0
461,-0.595903,0,0,0,0
462,-0.893641,0,0,0,0
463,1.200294,0,0,0,0
464,1.438808,0,0,0,0
0,0,0,0,460,0.0
0,0,0,0,461,0.0
0,0,0,0,462,0.0
0,0,0,0,463,0.0
0,0,0,0,464,0.0
465,0.092077,0,0,0,0
466,-1.0746,0,0,0,0
467,0.51589,0,0,0,0
468,1.432276,0,0,0,0
469,1.035833,0,0,0,0
0,0,0,0,465,0.0
0,0,0,0,466,0.0
0,0,0,0,467,0.0
0,0,0,0,468,0.0
0,0,0,0,469,0.0
470,-1.180315,0,0,0,0
471,-0.402164,0,0,0,0
472,1.293802,0,0,0,0
473,1.135397,0,0,0,0
474,0.647974,0,0,0,0
0,0,0,0,470,0.0
0,0,0,0,471,0.0
0,0,0,0,472,0.0
0,0,0,0,473,0.0
0,0,0,0,474,0.0
475,-1.040745,0,0,0,0
476,1.122141,0,0,0,0
477,1.301479,0,0,0,0
478,0.91753,0,0,0,0
479,-0.315523,0,0,0,0
0,0,0,0,475,0.0
0,0,0,0,476,0.0
0,0,0,0,477,0.0
0,0,0,0,478,0.0
0,0,0,0,479,0.0
480,0.586319,0,0,0,0
481,1.574802,0,0,0,0
482,1.173782,0,0,0,0
483,0.501251,0,0,0,0
484,-1.094866,0,0,0,0
0,0,0,0,480,0.0
0,0,0,0,481,0.0
0,0,0,0,482,0.0
0,0,0,0,483,0.0
0,0,0,0,484,0.0
485,1.259327,0,0,0,0
486,1.05567,0,0,0,0
487,0.716925,0,0,0,0
488,-0.76685,0,0,0,0
489,-0.860643,0,0,0,0
0,0,0,0,485,0.0
0,0,0,0,486,0.0
0,0,0,0,487,0.0
0,0,0,0,488,0.0
0,0,0,0,489,0.0
490,1.240301,0,0,0,0
491,0.984144,0,0,0,0
492,-0.186968,0,0,0,0
493,-1.237631,0,0,0,0
494,0.60935,0,0,0,0
0,0,0,0,490,0.0
0,0,0,0,491,0.0
0,0,0,0,492,0.0
0,0,0,0,493,0.0
0,0,0,0,494,0.0
495,1.129436,0,0,0,0
496,0.507355,0,0,0,0
497,-1.021957,0,0,0,0
498,0.069952,0,0,0,0
499,1.490593,0,0,0,0
0,0,0,0,495,0.0
0,0,0,0,496,0.0
0,0,0,0,497,0.0
0,0,0,0,498,0.0
0,0,0,0,499,0.0
0,0,0,336.739421,0,0
0,0,1,429.55478,0,0
0,0,2,508.623322,0,0
0,0,3,520.83234,0,0
0,0,0,0,500,0.0
0,0,0,0,501,0.0
0,0,0,0,502,0.0
0,0,0,0,503,0.0
0,0,0,0,504,0.0
0,0,4,520.83234,0,0
0,0,5,520.83234,0,0
0,0,6,518.91307,0,0
0,0,7,517.514348,0,0
0,0,0,0,505,0.0
0,0,0,0,506,0.0
0,0,0,0,507,0.0
0,0,0,0,508,0.0
0,0,0,0,509,0.0
0,0,8,520.108143,0,0
0,0,9,520.326694,0,0
0,0,10,519.883633,0,0
0,0,11,519.806147,0,0
0,0,0,0,510,0.0
0,0,0,0,511,0.0
0,0,0,0,512,0.0
0,0,0,0,513,0.0
0,0,0,0,514,0.0
0,0,12,519.805153,0,0
0,0,13,519.805153,0,0
0,0,14,519.805153,0,0
0,0,15,519.805153,0,0
0,0,0,0,515,0.0
0,0,0,0,516,0.0
0,0,0,0,517,0.0
0,0,0,0,518,0.0
0,0,0,0,519,0.0
0,0,16,519.805153,0,0
0,0,17,519.805153,0,0
0,0,18,519.805153,0,0
0,0,19,519.805153,0,0
0,0,0,0,520,0.0
0,0,0,0,521,0.0
0,0,0,0,522,0.0
0,0,0,0,523,0.0
0,0,0,0,524,0.0
0,0,20,519.805153,0,0
0,0,21,519.805153,0,0
0,0,22,519.805153,0,0
0,0,23,519.805153,0,0
0,0,0,0,525,0.0
0,0,0,0,526,0.0
0,0,0,0,527,0.0
0,0,0,0,528,0.0
0,0,0,0,529,0.0
0,0,24,519.805153,0,0
0,0,25,519.805153,0,0
0,0,26,519.805153,0,0
0,0,27,519.805153,0,0
0,0,0,0,530,0.0
0,0,0,0,531,0.0
0,0,0,0,532,0.0
0,0,0,0,533,0.0
0,0,0,0,534,0.0
0,0,28,519.805153,0,0
0,0,29,519.805153,0,0
0,0,30,519.805153,0,0
0,0,31,519.805153,0,0
0,0,0,0,535,0.0
0,0,0,0,536,0.0
0,0,0,0,537,0.0
0,0,0,0,538,0.0
0,0,0,0,539,0.0
0,0,32,519.805153,0,0
0,0,33,519.805153,0,0
0,0,34,519.805153,0,0
0,0,35,519.805153,0,0
0,0,0,0,540,0.0
0,0,0,0,541,0.0
0,0,0,0,542,0.0
0,0,0,0,543,0.0
0,0,0,0,544,0.0
0,0,36,519.805153,0,0
0,0,37,519.805153,0,0
0,0,38,519.805153,0,0
0,0,39,519.805153,0,0
0,0,0,0,545,0.0
0,0,0,0,546,0.0
0,0,0,0,547,0.0
0,0,0,0,548,0.0
0,0,0,0,549,0.0
0,0,40,519.805153,0,0
0,0,41,519.805153,0,0
0,0,42,519.805153,0,0
0,0,43,519.805153,0,0
0,0,0,0,550,0.0
0,0,0,0,551,0.0
0,0,0,0,552,0.0
0,0,0,0,553,0.0
0,0,0,0,554,0.0
0,0,44,519.805153,0,0
0,0,45,519.805153,0,0
0,0,46,519.805153,0,0
0,0,47,519.805153,0,0
0,0,0,0,555,0.0
0,0,0,0,556,0.0
0,0,0,0,557,0.0
0,0,0,0,558,0.0
0,0,0,0,559,0.0
0,0,48,519.805153,0,0
0,0,49,519.805153,0,0
0,0,50,519.805153,0,0
0,0,51,519.805153,0,0
0,0,0,0,560,0.0
0,0,0,0,561,0.0
0,0,0,0,562,0.0
0,0,0,0,563,0.0
0,0,0,0,564,0.0
0,0,52,519.805153,0,0
0,0,53,519.805153,0,0
0,0,54,519.805153,0,0
0,0,55,519.805153,0,0
0,0,0,0,565,0.0
0,0,0,0,566,0.0
0,0,0,0,567,0.0
0,0,0,0,568,0.0
0,0,0,0,569,0.0
0,0,56,519.805153,0,0
0,0,57,519.805153,0,0
0,0,58,519.805153,0,0
0,0,59,519.805153,0,0
0,0,0,0,570,0.0
0,0,0,0,571,0.0
0,0,0,0,572,0.0
0,0,0,0,573,0.0
0,0,0,0,574,0.0
0,0,60,519.805153,0,0
0,0,61,519.805153,0,0
0,0,62,519.805153,0,0
0,0,63,519.805153,0,0
0,0,0,0,575,0.0
0,0,0,0,576,0.0
0,0,0,0,577,0.0
0,0,0,0,578,0.0
0,0,0,0,579,0.0
0,0,64,519.805153,0,0
0,0,65,519.805153,0,0
0,0,66,519.805153,0,0
0,0,67,519.805153,0,0
0,0,0,0,580,0.0
0,0,0,0,581,0.0
0,0,0,0,582,0.0
0,0,0,0,583,0.0
0,0,0,0,584,0.0
0,0,68,519.805153,0,0
0,0,69,519.805153,0,0
0,0,70,519.805153,0,0
0,0,71,519.805153,0,0
0,0,0,0,585,0.0
0,0,0,0,586,0.0
0,0,0,0,587,0.0
0,0,0,0,588,0.0
0,0,0,0,589,0.0
0,0,72,519.805153,0,0
0,0,73,519.805153,0,0
0,0,74,519.805153,0,0
0,0,75,519.805153,0,0
0,0,0,0,590,0.0
0,0,0,0,591,0.0
0,0,0,0,592,0.0
0,0,0,0,593,0.0
0,0,0,0,594,0.0
0,0,76,519.805153,0,0
0,0,77,519.805153,0,0
0,0,78,519.805153,0,0
0,0,79,519.805153,0,0
0,0,0,0,595,0.0
0,0,0,0,596,0.0
0,0,0,0,597,0.0
0,0,0,0,598,0.0
0,0,0,0,599,0.0
0,0,80,519.805153,0,0
0,0,81,519.805153,0,0
0,0,82,519.805153,0,0
0,0,83,519.805153,0,0
0,0,0,0,600,0.0
0,0,0,0,601,0.0
0,0,0,0,602,0.0
0,0,0,0,603,0.0
0,0,0,0,604,0.0
0,0,84,519.805153,0,0
0,0,85,519.805153,0,0
0,0,86,519.805153,0,0
0,0,87,519.805153,0,0
0,0,0,0,605,0.0
0,0,0,0,606,0.0
0,0,0,0,607,0.0
0,0,0,0,608,0.0
0,0,0,0,609,0.0
0,0,88,519.805153,0,0
0,0,89,519.805153,0,0
0,0,90,519.805153,0,0
0,0,91,519.805153,0,0
0,0,0,0,610,0.0
0,0,0,0,611,0.0
0,0,0,0,612,0.0
0,0,0,0,613,0.0
0,0,0,0,614,0.0
0,0,92,519.805153,0,0
0,0,93,519.805153,0,0
0,0,94,519.805153,0,0
0,0,95,519.805153,0,0
0,0,0,0,615,0.0
0,0,0,0,616,0.0
0,0,0,0,617,0.0
0,0,0,0,618,0.0
0,0,0,0,619,0.0
0,0,96,519.805153,0,0
0,0,97,519.805153,0,0
0,0,98,519.805153,0,0
0,0,99,519.805153,0,0
0,0,0,0,620,0.0
0,0,0,0,621,0.0
0,0,0,0,622,0.0
0,0,0,0,623,0.0
0,0,0,0,624,0.0
0,0,100,519.805153,0,0
0,0,101,519.805153,0,0
0,0,102,519.805153,0,0
0,0,103,519.805153,0,0
0,0,0,0,625,0.0
0,0,0,0,626,0.0
0,0,0,0,627,0.0
0,0,0,0,628,0.0
0,0,0,0,629,0.0
0,0,104,519.805153,0,0
0,0,105,519.805153,0,0
0,0,106,519.805153,0,0
0,0,107,519.805153,0,0
0,0,0,0,630,0.0
0,0,0,0,631,0.0
0,0,0,0,632,0.0
0,0,0,0,633,0.0
0,0,0,0,634,0.0
0,0,108,519.805153,0,0
0,0,109,519.805153,0,0
0,0,110,519.805153,0,0
0,0,111,519.805153,0,0
0,0,0,0,635,0.0
0,0,0,0,636,0.0
0,0,0,0,637,0.0
0,0,0,0,638,0.0
0,0,0,0,639,0.0
0,0,112,519.805153,0,0
0,0,113,519.805153,0,0
0,0,114,519.805153,0,0
0,0,115,519.805153,0,0
0,0,0,0,640,0.0
0,0,0,0,641,0.0
0,0,0,0,642,0.0
0,0,0,0,643,0.0
0,0,0,0,644,0.0
0,0,116,519.805153,0,0
0,0,117,519.805153,0,0
0,0,118,519.805153,0,0
0,0,119,519.805153,0,0
0,0,0,0,645,0.0
0,0,0,0,646,0.0
0,0,0,0,647,0.0
0,0,0,0,648,0.0
0,0,0,0,649,0.0
0,0,120,519.805153,0,0
0,0,121,519.805153,0,0
0,0,122,519.805153,0,0
0,0,123,519.805153,0,0
0,0,0,0,650,0.0
0,0,0,0,651,0.0
0,0,0,0,652,0.0
0,0,0,0,653,0.0
0,0,0,0,654,0.0
0,0,124,519.805153,0,0
0,0,125,519.805153,0,0
0,0,126,519.805153,0,0
0,0,127,519.805153,0,0
0,0,0,0,655,0.0
0,0,0,0,656,0.0
0,0,0,0,657,0.0
0,0,0,0,658,0.0
0,0,0,0,659,0.0
0,0,128,519.805153,0,0
0,0,129,519.805153,0,0
0,0,130,519.805153,0,0
0,0,131,519.805153,0,0
0,0,0,0,660,0.0
0,0,0,0,661,0.0
0,0,0,0,662,0.0
0,0,0,0,663,0.0
0,0,0,0,664,0.0
0,0,132,519.805153,0,0
0,0,133,519.805153,0,0
0,0,134,519.805153,0,0
0,0,135,519.805153,0,0
0,0,0,0,665,0.0
0,0,0,0,666,0.0
0,0,0,0,667,0.0
0,0,0,0,668,0.0
0,0,0,0,669,0.0
0,0,136,519.805153,0,0
0,0,137,519.805153,0,0
0,0,138,519.805153,0,0
0,0,139,519.805153,0,0
0,0,0,0,670,0.0
0,0,0,0,671,0.0
0,0,0,0,672,0.0
0,0,0,0,673,0.0
0,0,0,0,674,0.0
0,0,140,519.805153,0,0
0,0,141,519.805153,0,0
0,0,142,519.805153,0,0
0,0,143,519.805153,0,0
0,0,0,0,675,0.0
0,0,0,0,676,0.0
0,0,0,0,677,0.0
0,0,0,0,678,0.0
0,0,0,0,679,0.0
0,0,144,519.805153,0,0
0,0,145,519.805153,0,0
0,0,146,519.805153,0,0
0,0,147,519.805153,0,0
0,0,0,0,680,0.0
0,0,0,0,681,0.0
0,0,0,0,682,0.0
0,0,0,0,683,0.0
0,0,0,0,684,0.0
0,0,148,519.805153,0,0
0,0,149,519.805153,0,0
0,0,150,519.805153,0,0
0,0,151,519.805153,0,0
0,0,0,0,685,0.0
0,0,0,0,686,0.0
0,0,0,0,687,0.0
0,0,0,0,688,0.0
0,0,0,0,689,0.0
0,0,152,519.805153,0,0
0,0,153,519.805153,0,0
0,0,154,519.805153,0,0
0,0,155,519.805153,0,0
0,0,0,0,690,0.0
0,0,0,0,691,0.0
0,0,0,0,692,0.0
0,0,0,0,693,0.0
0,0,0,0,694,0.0
0,0,156,519.805153,0,0
0,0,157,519.805153,0,0
0,0,158,519.805153,0,0
0,0,159,519.805153,0,0
0,0,0,0,695,0.0
0,0,0,0,696,0.0
0,0,0,0,697,0.0
0,0,0,0,698,0.0
0,0,0,0,699,0.0
0,0,160,519.805153,0,0
0,0,161,519.805153,0,0
0,0,162,519.805153,0,0
0,0,163,519.805153,0,0
0,0,0,0,700,0.0
0,0,0,0,701,0.0
0,0,0,0,702,0.0
0,0,0,0,703,0.0
0,0,0,0,704,0.0
0,0,164,519.805153,0,0
0,0,165,519.805153,0,0
0,0,166,519.805153,0,0
0,0,167,519.805153,0,0
0,0,0,0,705,0.0
0,0,0,0,706,0.0
0,0,0,0,707,0.0
0,0,0,0,708,0.0
0,0,0,0,709,0.0
0,0,168,519.805153,0,0
0,0,169,519.805153,0,0
0,0,170,519.805153,0,0
0,0,171,519.805153,0,0
0,0,0,0,710,0.0
0,0,0,0,711,0.0
0,0,0,0,712,0.0
0,0,0,0,713,0.0
0,0,0,0,714,0.0
0,0,172,519.805153,0,0
0,0,173,519.805153,0,0
0,0,174,519.805153,0,0
0,0,175,519.805153,0,0
0,0,0,0,715,0.0
0,0,0,0,716,0.0
0,0,0,0,717,0.0
0,0,0,0,718,0.0
0,0,0,0,719,0.0
0,0,176,519.805153,0,0
0,0,177,519.805153,0,0
0,0,178,519.805153,0,0
0,0,179,519.805153,0,0
0,0,0,0,720,0.0
0,0,0,0,721,0.0
0,0,0,0,722,0.0
0,0,0,0,723,0.0
0,0,0,0,724,0.0
0,0,180,519.805153,0,0
0,0,181,519.805153,0,0
0,0,182,519.805153,0,0
0,0,183,519.805153,0,0
0,0,0,0,725,0.0
0,0,0,0,726,0.0
0,0,0,0,727,0.0
0,0,0,0,728,0.0
0,0,0,0,729,0.0
0,0,184,519.805153,0,0
0,0,185,519.805153,0,0
0,0,186,519.805153,0,0
0,0,187,519.805153,0,0
0,0,0,0,730,0.0
0,0,0,0,731,0.0
0,0,0,0,732,0.0
0,0,0,0,733,0.0
0,0,0,0,734,0.0
0,0,188,519.805153,0,0
0,0,189,519.805153,0,0
0,0,190,519.805153,0,0
0,0,191,519.805153,0,0
0,0,0,0,735,0.0
0,0,0,0,736,0.0
0,0,0,0,737,0.0
0,0,0,0,738,0.0
0,0,0,0,739,0.0
0,0,192,519.805153,0,0
0,0,193,519.805153,0,0
0,0,194,519.805153,0,0
0,0,195,519.805153,0,0
0,0,0,0,740,0.0
0,0,0,0,741,0.0
0,0,0,0,742,0.0
0,0,0,0,743,0.0
0,0,0,0,744,0.0
0,0,196,519.805153,0,0
0,0,197,519.805153,0,0
0,0,198,519.805153,0,0
0,0,199,519.805153,0,0
0,0,0,0,745,0.0
0,0,0,0,746,0.0
0,0,0,0,747,0.0
0,0,0,0,748,0.0
0,0,0,0,749,0.0
0,0,200,519.805153,0,0
0,0,201,519.805153,0,0
0,0,202,519.805153,0,0
0,0,203,519.805153,0,0
0,0,0,0,750,0.0
0,0,0,0,751,0.0
0,0,0,0,752,0.0
0,0,0,0,753,0.0
0,0,0,0,754,0.0
0,0,204,519.805153,0,0
0,0,205,519.805153,0,0
0,0,206,519.805153,0,0
0,0,207,519.805153,0,0
0,0,0,0,755,0.0
0,0,0,0,756,0.0
0,0,0,0,757,0.0
0,0,0,0,758,0.0
0,0,0,0,759,0.0
0,0,208,519.805153,0,0
0,0,209,519.805153,0,0
0,0,210,519.805153,0,0
0,0,211,519.805153,0,0
0,0,0,0,760,0.0
0,0,0,0,761,0.0
0,0,0,0,762,0.0
0,0,0,0,763,0.0
0,0,0,0,764,0.0
500,0.963783,0,0,0,0
501,-0.573587,0,0,0,0
502,-0.856161,0,0,0,0
503,1.191854,0,0,0,0
504,1.270437,0,0,0,0
0,0,0,0,765,0.0
0,0,0,0,766,0.0
0,0,0,0,767,0.0
0,0,0,0,768,0.0
0,0,0,0,769,0.0
505,-0.104952,0,0,0,0
506,-1.077652,0,0,0,0
507,0.383043,0,0,0,0
508,1.745653,0,0,0,0
509,0.440502,0,0,0,0
0,0,0,0,770,0.0
0,0,0,0,771,0.0
0,0,0,0,772,0.0
0,0,0,0,773,0.0
0,0,0,0,774,0.0
510,6.224489,0,0,0,0
511,6.211472,0,0,0,0
512,6.203413,0,0,0,0
513,6.243277,0,0,0,0
514,6.174183,0,0,0,0
0,0,0,0,775,0.0
0,0,0,0,776,0.0
0,0,0,0,777,0.0
0,0,0,0,778,0.0
0,0,0,0,779,0.0
515,-6.216574,0,0,0,0
516,-6.242228,0,0,0,0
517,-6.213665,0,0,0,0
518,-6.239605,0,0,0,0
519,-6.219435,0,0,0,0
0,0,0,0,780,0.0
0,0,0,0,781,0.0
0,0,0,0,782,0.0
0,0,0,0,783,0.0
0,0,0,0,784,0.0
520,-6.244946,0,0,0,0
521,-6.244946,0,0,0,0
522,-6.244946,0,0,0,0
523,-6.244946,0,0,0,0
524,-6.244946,0,0,0,0
0,0,0,0,785,0.0
0,0,0,0,786,0.0
0,0,0,0,787,0.0
0,0,0,0,788,0.0
0,0,0,0,789,0.0
525,-6.244946,0,0,0,0
526,-6.244946,0,0,0,0
527,-6.244946,0,0,0,0
528,-6.244946,0,0,0,0
529,-6.244946,0,0,0,0
0,0,0,0,790,0.0
0,0,0,0,791,0.0
0,0,0,0,792,0.0
0,0,0,0,793,0.0
0,0,0,0,794,0.0
530,-6.241465,0,0,0,0
531,-6.246758,0,0,0,0
532,-6.242466,0,0,0,0
533,-6.246233,0,0,0,0
534,-6.245756,0,0,0,0
0,0,0,0,795,0.0
0,0,0,0,796,0.0
0,0,0,0,797,0.0
0,0,0,0,798,0.0
0,0,0,0,799,0.0
535,-5.835533,0,0,0,0
536,-5.210733,0,0,0,0
537,-5.787611,0,0,0,0
538,-6.120014,0,0,0,0
539,-6.25,0,0,0,0
0,0,0,0,800,0.0
0,0,0,0,801,0.0
0,0,0,0,802,0.0
0,0,0,0,803,0.0
0,0,0,0,804,0.0
540,-4.285002,0,0,0,0
541,-4.398727,0,0,0,0
542,-4.905558,0,0,0,0
543,-6.25,0,0,0,0
544,-5.341434,0,0,0,0
0,0,0,0,805,0.0
0,0,0,0,806,0.0
0,0,0,0,807,0.0
0,0,0,0,808,0.0
0,0,0,0,809,0.0
545,-3.2969,0,0,0,0
546,-3.742313,0,0,0,0
547,-5.221081,0,0,0,0
548,-5.382156,0,0,0,0
549,-3.331041,0,0,0,0
0,0,0,0,810,0.0
0,0,0,0,811,0.0
0,0,0,0,812,0.0
0,0,0,0,813,0.0
0,0,0,0,814,0.0
550,-2.260017,0,0,0,0
551,-3.263235,0,0,0,0
552,-4.404974,0,0,0,0
553,-2.557898,0,0,0,0
554,-1.645088,0,0,0,0
0,0,0,0,815,0.0
0,0,0,0,816,0.0
0,0,0,0,817,0.0
0,0,0,0,818,0.0
0,0,0,0,819,0.0
555,-2.075624,0,0,0,0
556,-3.624582,0,0,0,0
557,-2.846718,0,0,0,0
558,-0.897408,0,0,0,0
559,-1.155329,0,0,0,0
0,0,0,0,820,0.0
0,0,0,0,821,0.0
0,0,0,0,822,0.0
0,0,0,0,823,0.0
0,0,0,0,824,0.0
560,-2.527761,0,0,0,0
561,-3.052902,0,0,0,0
562,-0.916958,0,0,0,0
563,-0.476313,0,0,0,0
564,-1.065683,0,0,0,0
0,0,0,0,825,0.0
0,0,0,0,826,0.0
0,0,0,0,827,0.0
0,0,0,0,828,0.0
0,0,0,0,829,0.0
565,-3.19438,0,0,0,0
566,-1.005459,0,0,0,0
567,-0.056314,0,0,0,0
568,-0.790644,0,0,0,0
569,-1.233959,0,0,0,0
0,0,0,0,830,0.0
0,0,0,0,831,0.0
0,0,0,0,832,0.0
0,0,0,0,833,0.0
0,0,0,0,834,0.0
570,-3.527927,0,0,0,0
571,-0.739861,0,0,0,0
572,0.061131,0,0,0,0
573,0.178576,0,0,0,0
574,-2.090263,0,0,0,0
0,0,0,0,835,0.0
0,0,0,0,836,0.0
0,0,0,0,837,0.0
0,0,0,0,838,0.0
0,0,0,0,839,0.0
575,0.334692,0,0,0,0
576,0.891018,0,0,0,0
577,-0.024891,0,0,0,0
578,-1.16148,0,0,0,0
579,-1.853466,0,0,0,0
0,0,0,0,840,0.0
0,0,0,0,841,0.0
0,0,0,0,842,0.0
0,0,0,0,843,0.0
0,0,0,0,844,0.0
580,1.976585,0,0,0,0
581,1.641035,0,0,0,0
582,0.422049,0,0,0,0
583,-1.680851,0,0,0,0
584,-0.145483,0,0,0,0
0,0,0,0,845,0.0
0,0,0,0,846,0.0
0,0,0,0,847,0.0
0,0,0,0,848,0.0
0,0,0,0,849,0.0
585,2.314281,0,0,0,0
586,1.824951,0,0,0,0
587,-0.288105,0,0,0,0
588,-0.937462,0,0,0,0
589,1.706553,0,0,0,0
0,0,0,0,850,0.0
0,0,0,0,851,0.0
0,0,0,0,852,0.0
0,0,0,0,853,0.0
0,0,0,0,854,0.0
590,1.800346,0,0,0,0
591,0.634909,0,0,0,0
592,-0.619316,0,0,0,0
593,1.501179,0,0,0,0
594,2.281189,0,0,0,0
0,0,0,0,855,0.0
0,0,0,0,856,0.0
0,0,0,0,857,0.0
0,0,0,0,858,0.0
0,0,0,0,859,0.0
595,1.743507,0,0,0,0
596,-0.523758,0,0,0,0
597,0.15893,0,0,0,0
598,2.250576,0,0,0,0
599,2.074814,0,0,0,0
0,0,0,0,860,0.0
0,0,0,0,861,0.0
0,0,0,0,862,0.0
0,0,0,0,863,0.0
0,0,0,0,864,0.0
600,0.784922,0,0,0,0
601,-0.40288,0,0,0,0
602,1.799297,0,0,0,0
603,2.533054,0,0,0,0
604,2.476358,0,0,0,0
0,0,0,0,865,0.0
0,0,0,0,866,0.0
0,0,0,0,867,0.0
0,0,0,0,868,0.0
0,0,0,0,869,0.0
605,-0.733709,0,0,0,0
606,1.013422,0,0,0,0
607,2.390814,0,0,0,0
608,2.652597,0,0,0,0
609,1.629972,0,0,0,0
0,0,0,0,870,0.0
0,0,0,0,871,0.0
0,0,0,0,872,0.0
0,0,0,0,873,0.0
0,0,0,0,874,0.0
610,0.127935,0,0,0,0
611,2.707291,0,0,0,0
612,2.573633,0,0,0,0
613,2.101898,0,0,0,0
614,0.384474,0,0,0,0
0,0,0,0,875,0.0
0,0,0,0,876,0.0
0,0,0,0,877,0.0
0,0,0,0,878,0.0
0,0,0,0,879,0.0
615,2.375221,0,0,0,0
616,2.99778,0,0,0,0
617,2.338552,0,0,0,0
618,0.993109,0,0,0,0
619,-0.627565,0,0,0,0
0,0,0,0,880,0.0
0,0,0,0,881,0.0
0,0,0,0,882,0.0
0,0,0,0,883,0.0
0,0,0,0,884,0.0
620,3.152609,0,0,0,0
621,2.866173,0,0,0,0
622,1.870203,0,0,0,0
623,0.235653,0,0,0,0
624,1.276064,0,0,0,0
0,0,0,0,885,0.0
0,0,0,0,886,0.0
0,0,0,0,887,0.0
0,0,0,0,888,0.0
0,0,0,0,889,0.0
625,2.761936,0,0,0,0
626,2.510643,0,0,0,0
627,0.953293,0,0,0,0
628,0.128698,0,0,0,0
629,2.730179,0,0,0,0
0,0,0,0,890,0.0
0,0,0,0,891,0.0
0,0,0,0,892,0.0
0,0,0,0,893,0.0
0,0,0,0,894,0.0
630,2.485323,0,0,0,0
631,1.185989,0,0,0,0
632,0.023508,0,0,0,0
633,2.012587,0,0,0,0
634,3.09248,0,0,0,0
0,0,0,0,895,0.0
0,0,0,0,896,0.0
0,0,0,0,897,0.0
0,0,0,0,898,0.0
0,0,0,0,899,0.0
635,1.533508,0,0,0,0
636,-0.221205,0,0,0,0
637,0.776052,0,0,0,0
638,3.500843,0,0,0,0
639,3.495121,0,0,0,0
0,0,0,0,900,0.0
0,0,0,0,901,0.0
0,0,0,0,902,0.0
0,0,0,0,903,0.0
0,0,0,0,904,0.0
640,1.110029,0,0,0,0
641,0.481796,0,0,0,0
642,2.835131,0,0,0,0
643,2.837992,0,0,0,0
644,2.535295,0,0,0,0
0,0,0,0,905,0.0
0,0,0,0,906,0.0
0,0,0,0,907,0.0
0,0,0,0,908,0.0
0,0,0,0,909,0.0
645,-0.396204,0,0,0,0
646,1.642752,0,0,0,0
647,3.321695,0,0,0,0
648,2.467203,0,0,0,0
649,0.98896,0,0,0,0
0,0,0,0,910,0.0
0,0,0,0,911,0.0
0,0,0,0,912,0.0
0,0,0,0,913,0.0
0,0,0,0,914,0.0
650,0.414467,0,0,0,0
651,2.939653,0,0,0,0
652,2.999449,0,0,0,0
653,2.286768,0,0,0,0
654,-0.105619,0,0,0,0
0,0,0,0,915,0.0
0,0,0,0,916,0.0
0,0,0,0,917,0.0
0,0,0,0,918,0.0
0,0,0,0,919,0.0
655,2.381516,0,0,0,0
656,2.925777,0,0,0,0
657,2.796841,0,0,0,0
658,1.390362,0,0,0,0
659,-0.264072,0,0,0,0
0,0,0,0,920,0.0
0,0,0,0,921,0.0
0,0,0,0,922,0.0
0,0,0,0,923,0.0
0,0,0,0,924,0.0
660,2.871466,0,0,0,0
661,2.772141,0,0,0,0
662,1.695204,0,0,0,0
663,-0.406122,0,0,0,0
664,0.859356,0,0,0,0
0,0,0,0,925,0.0
0,0,0,0,926,0.0
0,0,0,0,927,0.0
0,0,0,0,928,0.0
0,0,0,0,929,0.0
665,3.04451,0,0,0,0
666,2.319717,0,0,0,0
667,0.267696,0,0,0,0
668,-0.003958,0,0,0,0
669,2.408171,0,0,0,0
0,0,0,0,930,0.0
0,0,0,0,931,0.0
0,0,0,0,932,0.0
0,0,0,0,933,0.0
0,0,0,0,934,0.0
670,2.151728,0,0,0,0
671,0.970697,0,0,0,0
672,-0.491333,0,0,0,0
673,1.494074,0,0,0,0
674,2.692938,0,0,0,0
0,0,0,0,935,0.0
0,0,0,0,936,0.0
0,0,0,0,937,0.0
0,0,0,0,938,0.0
0,0,0,0,939,0.0
675,1.539803,0,0,0,0
676,-0.647163,0,0,0,0
677,0.326538,0,0,0,0
678,2.669621,0,0,0,0
679,2.143145,0,0,0,0
0,0,0,0,940,0.0
0,0,0,0,941,0.0
0,0,0,0,942,0.0
0,0,0,0,943,0.0
0,0,0,0,944,0.0
680,0.489378,0,0,0,0
681,-0.267792,0,0,0,0
682,2.252769,0,0,0,0
683,2.623415,0,0,0,0
684,2.033567,0,0,0,0
0,0,0,0,945,0.0
0,0,0,0,946,0.0
0,0,0,0,947,0.0
0,0,0,0,948,0.0
0,0,0,0,949,0.0
685,-0.636339,0,0,0,0
686,1.237679,0,0,0,0
687,2.747297,0,0,0,0
688,2.442217,0,0,0,0
689,1.279068,0,0,0,0
0,0,0,0,950,0.0
0,0,0,0,951,0.0
0,0,0,0,952,0.0
0,0,0,0,953,0.0
0,0,0,0,954,0.0
690,0.4457,0,0,0,0
691,2.860689,0,0,0,0
692,2.445126,0,0,0,0
693,1.987362,0,0,0,0
694,-0.038195,0,0,0,0
0,0,0,0,955,0.0
0,0,0,0,956,0.0
0,0,0,0,957,0.0
0,0,0,0,958,0.0
0,0,0,0,959,0.0
695,1.648188,0,0,0,0
696,2.01354,0,0,0,0
697,1.387453,0,0,0,0
698,-0.093508,0,0,0,0
699,-1.26729,0,0,0,0
0,0,0,0,960,0.0
0,0,0,0,961,0.0
0,0,0,0,962,0.0
0,0,0,0,963,0.0
0,0,0,0,964,0.0
700,2.594233,0,0,0,0
701,2.264261,0,0,0,0
702,1.408243,0,0,0,0
703,-0.265646,0,0,0,0
704,1.069546,0,0,0,0
0,0,0,0,965,0.0
0,0,0,0,966,0.0
0,0,0,0,967,0.0
0,0,0,0,968,0.0
0,0,0,0,969,0.0
705,2.486324,0,0,0,0
706,1.969624,0,0,0,0
707,0.302553,0,0,0,0
708,0.33927,0,0,0,0
709,2.328348,0,0,0,0
0,0,0,0,970,0.0
0,0,0,0,971,0.0
0,0,0,0,972,0.0
0,0,0,0,973,0.0
0,0,0,0,974,0.0
710,1.945496,0,0,0,0
711,0.867844,0,0,0,0
712,-0.196457,0,0,0,0
713,1.532936,0,0,0,0
714,2.237892,0,0,0,0
0,0,0,0,975,0.0
0,0,0,0,976,0.0
0,0,0,0,977,0.0
0,0,0,0,978,0.0
0,0,0,0,979,0.0
715,1.366234,0,0,0,0
716,-0.179338,0,0,0,0
717,0.707436,0,0,0,0
718,2.347279,0,0,0,0
719,2.023935,0,0,0,0
0,0,0,0,980,0.0
0,0,0,0,981,0.0
0,0,0,0,982,0.0
0,0,0,0,983,0.0
0,0,0,0,984,0.0
720,0.634384,0,0,0,0
721,0.273132,0,0,0,0
722,2.303457,0,0,0,0
723,2.529907,0,0,0,0
724,2.220201,0,0,0,0
0,0,0,0,985,0.0
0,0,0,0,986,0.0
0,0,0,0,987,0.0
0,0,0,0,988,0.0
0,0,0,0,989,0.0
725,-0.188494,0,0,0,0
726,1.612282,0,0,0,0
727,2.523565,0,0,0,0
728,2.084684,0,0,0,0
729,1.399994,0,0,0,0
0,0,0,0,990,0.0
0,0,0,0,991,0.0
0,0,0,0,992,0.0
0,0,0,0,993,0.0
0,0,0,0,994,0.0
730,0.647736,0,0,0,0
731,2.368355,0,0,0,0
732,2.119255,0,0,0,0
733,1.722193,0,0,0,0
734,0.134563,0,0,0,0
0,0,0,0,995,0.0
0,0,0,0,996,0.0
0,0,0,0,997,0.0
0,0,0,0,998,0.0
0,0,0,0,999,0.0
735,1.925373,0,0,0,0
736,2.244902,0,0,0,0
737,1.827145,0,0,0,0
738,0.62027,0,0,0,0
739,-0.32444,0,0,0,0
0,0,0,0,1000,0.0
0,0,0,0,1001,0.0
0,0,0,0,1002,0.0
0,0,0,0,1003,0.0
0,0,0,0,1004,0.0
740,1.951075,0,0,0,0
741,1.549006,0,0,0,0
742,0.713158,0,0,0,0
743,-0.778866,0,0,0,0
744,0.441933,0,0,0,0
0,0,0,0,1005,0.0
0,0,0,0,1006,0.0
0,0,0,0,1007,0.0
0,0,0,0,1008,0.0
0,0,0,0,1009,0.0
745,1.720715,0,0,0,0
746,1.305294,0,0,0,0
747,-0.307369,0,0,0,0
748,-0.244999,0,0,0,0
749,1.772451,0,0,0,0
0,0,0,0,1010,0.0
0,0,0,0,1011,0.0
0,0,0,0,1012,0.0
0,0,0,0,1013,0.0
0,0,0,0,1014,0.0
750,1.686239,0,0,0,0
751,0.639772,0,0,0,0
752,-0.552225,0,0,0,0
753,1.312304,0,0,0,0
754,1.991701,0,0,0,0
0,0,0,0,1015,0.0
0,0,0,0,1016,0.0
0,0,0,0,1017,0.0
0,0,0,0,1018,0.0
0,0,0,0,1019,0.0
755,-0.239992,0,0,0,0
756,-0.39196,0,0,0,0
757,1.497841,0,0,0,0
758,1.699972,0,0,0,0
759,1.335001,0,0,0,0
0,0,0,0,1020,0.0
0,0,0,0,1021,0.0
0,0,0,0,1022,0.0
0,0,0,0,1023,0.0
0,0,0,0,1024,0.0
760,-0.741148,0,0,0,0
761,0.932598,0,0,0,0
762,1.696062,0,0,0,0
763,1.228285,0,0,0,0
764,0.314045,0,0,0,0
0,0,0,0,1025,0.0
0,0,0,0,1026,0.0
0,0,0,0,1027,0.0
0,0,0,0,1028,0.0
0,0,0,0,1029,0.0
765,-0.454998,0,0,0,0
766,1.2568,0,0,0,0
767,1.017094,0,0,0,0
768,0.574541,0,0,0,0
769,-1.090717,0,0,0,0
0,0,0,0,1030,0.0
0,0,0,0,1031,0.0
0,0,0,0,1032,0.0
0,0,0,0,1033,0.0
0,0,0,0,1034,0.0
770,1.145935,0,0,0,0
771,1.503563,0,0,0,0
772,1.117325,0,0,0,0
773,0.001478,0,0,0,0
774,-0.764704,0,0,0,0
0,0,0,0,1035,0.0
0,0,0,0,1036,0.0
0,0,0,0,1037,0.0
0,0,0,0,1038,0.0
0,0,0,0,1039,0.0
775,1.295805,0,0,0,0
776,0.986385,0,0,0,0
777,-0.644445,0,0,0,0
778,-0.501347,0,0,0,0
779,1.457024,0,0,0,0
0,0,0,0,1040,0.0
0,0,0,0,1041,0.0
0,0,0,0,1042,0.0
0,0,0,0,1043,0.0
0,0,0,0,1044,0.0
780,1.199913,0,0,0,0
781,0.068903,0,0,0,0
782,-0.950384,0,0,0,0
783,0.976229,0,0,0,0
784,1.638031,0,0,0,0
0,0,0,0,1045,0.0
0,0,0,0,1046,0.0
0,0,0,0,1047,0.0
0,0,0,0,1048,0.0
0,0,0,0,1049,0.0
785,0.835085,0,0,0,0
786,-0.802183,0,0,0,0
787,0.05908,0,0,0,0
788,1.52173,0,0,0,0
789,1.319456,0,0,0,0
0,0,0,0,1050,0.0
0,0,0,0,1051,0.0
0,0,0,0,1052,0.0
0,0,0,0,1053,0.0
0,0,0,0,1054,0.0
790,-0.401735,0,0,0,0
791,-0.523901,0,0,0,0
792,1.446724,0,0,0,0
793,1.570845,0,0,0,0
794,1.182842,0,0,0,0
0,0,0,0,1055,0.0
0,0,0,0,1056,0.0
0,0,0,0,1057,0.0
0,0,0,0,1058,0.0
0,0,0,0,1059,0.0
795,-1.081944,0,0,0,0
796,0.763512,0,0,0,0
797,1.644897,0,0,0,0
798,1.250839,0,0,0,0
799,0.283718,0,0,0,0
0,0,0,0,1060,0.0
0,0,0,0,1061,0.0
0,0,0,0,1062,0.0
0,0,0,0,1063,0.0
0,0,0,0,1064,0.0
800,-0.344849,0,0,0,0
801,1.27368,0,0,0,0
802,1.026773,0,0,0,0
803,0.697231,0,0,0,0
804,-1.008797,0,0,0,0
0,0,0,0,1065,0.0
0,0,0,0,1066,0.0
0,0,0,0,1067,0.0
0,0,0,0,1068,0.0
0,0,0,0,1069,0.0
805,0.968075,0,0,0,0
806,1.383018,0,0,0,0
807,0.993633,0,0,0,0
808,-0.171804,0,0,0,0
809,-0.770855,0,0,0,0
0,0,0,0,1070,0.0
0,0,0,0,1071,0.0
0,0,0,0,1072,0.0
0,0,0,0,1073,0.0
0,0,0,0,1074,0.0
810,1.293468,0,0,0,0
811,0.942421,0,0,0,0
812,0.199938,0,0,0,0
813,-1.180935,0,0,0,0
814,0.01173,0,0,0,0
0,0,0,0,1075,0.0
0,0,0,0,1076,0.0
0,0,0,0,1077,0.0
0,0,0,0,1078,0.0
0,0,0,0,1079,0.0
815,0.972176,0,0,0,0
816,-0.143433,0,0,0,0
817,-1.014996,0,0,0,0
818,0.855923,0,0,0,0
819,1.640511,0,0,0,0
0,0,0,0,1080,0.0
0,0,0,0,1081,0.0
0,0,0,0,1082,0.0
0,0,0,0,1083,0.0
0,0,0,0,1084,0.0
820,0.768948,0,0,0,0
821,-0.750399,0,0,0,0
822,0.351286,0,0,0,0
823,1.878834,0,0,0,0
824,1.403952,0,0,0,0
0,0,0,0,1085,0.0
0,0,0,0,1086,0.0
0,0,0,0,1087,0.0
0,0,0,0,1088,0.0
0,0,0,0,1089,0.0
825,-0.845432,0,0,0,0
826,-0.895405,0,0,0,0
827,1.21541,0,0,0,0
828,1.341152,0,0,0,0
829,1.024151,0,0,0,0
0,0,0,0,1090,0.0
0,0,0,0,1091,0.0
0,0,0,0,1092,0.0
0,0,0,0,1093,0.0
0,0,0,0,1094,0.0
830,-1.353788,0,0,0,0
831,0.440836,0,0,0,0
832,1.165199,0,0,0,0
833,0.986004,0,0,0,0
834,0.266123,0,0,0,0
0,0,0,0,1095,0.0
0,0,0,0,1096,0.0
0,0,0,0,1097,0.0
0,0,0,0,1098,0.0
0,0,0,0,1099,0.0
835,-0.25754,0,0,0,0
836,1.392555,0,0,0,0
837,1.162243,0,0,0,0
838,0.700808,0,0,0,0
839,-0.98176,0,0,0,0
0,0,0,0,1100,0.0
0,0,0,0,1101,0.0
0,0,0,0,1102,0.0
0,0,0,0,1103,0.0
0,0,0,0,1104,0.0
840,1.007605,0,0,0,0
841,1.352787,0,0,0,0
842,1.00112,0,0,0,0
843,-0.206852,0,0,0,0
844,-0.925016,0,0,0,0
0,0,0,0,1105,0.0
0,0,0,0,1106,0.0
0,0,0,0,1107,0.0
0,0,0,0,1108,0.0
0,0,0,0,1109,0.0
845,1.761532,0,0,0,0
846,1.282644,0,0,0,0
847,0.481844,0,0,0,0
848,-1.00131,0,0,0,0
849,0.273752,0,0,0,0
0,0,0,0,1110,0.0
0,0,0,0,1111,0.0
0,0,0,0,1112,0.0
0,0,0,0,1113,0.0
0,0,0,0,1114,0.0
850,1.221085,0,0,0,0
851,0.803947,0,0,0,0
852,-0.837374,0,0,0,0
853,-0.597143,0,0,0,0
854,1.250887,0,0,0,0
0,0,0,0,1115,0.0
0,0,0,0,1116,0.0
0,0,0,0,1117,0.0
0,0,0,0,1118,0.0
0,0,0,0,1119,0.0
855,0.808954,0,0,0,0
856,-0.243044,0,0,0,0
857,-1.198626,0,0,0,0
858,0.653696,0,0,0,0
859,1.277351,0,0,0,0
0,0,0,0,1120,0.0
0,0,0,0,1121,0.0
0,0,0,0,1122,0.0
0,0,0,0,1123,0.0
0,0,0,0,1124,0.0
860,0.631046,0,0,0,0
861,-0.985193,0,0,0,0
862,0.169086,0,0,0,0
863,1.700497,0,0,0,0
864,1.310587,0,0,0,0
0,0,0,0,1125,0.0
0,0,0,0,1126,0.0
0,0,0,0,1127,0.0
0,0,0,0,1128,0.0
0,0,0,0,1129,0.0
865,-0.737095,0,0,0,0
866,-0.681448,0,0,0,0
867,1.174259,0,0,0,0
868,1.140785,0,0,0,0
869,0.742579,0,0,0,0
0,0,0,0,1130,0.0
0,0,0,0,1131,0.0
0,0,0,0,1132,0.0
0,0,0,0,1133,0.0
0,0,0,0,1134,0.0
870,-1.128912,0,0,0,0
871,0.645256,0,0,0,0
872,1.340485,0,0,0,0
873,1.031351,0,0,0,0
874,0.126076,0,0,0,0
0,0,0,0,1135,0.0
0,0,0,0,1136,0.0
0,0,0,0,1137,0.0
0,0,0,0,1138,0.0
0,0,0,0,1139,0.0
875,-0.345898,0,0,0,0
876,1.187372,0,0,0,0
877,0.886965,0,0,0,0
878,0.47946,0,0,0,0
879,-1.265812,0,0,0,0
0,0,0,0,1140,0.0
0,0,0,0,1141,0.0
0,0,0,0,1142,0.0
0,0,0,0,1143,0.0
0,0,0,0,1144,0.0
880,0.97208,0,0,0,0
881,1.281738,0,0,0,0
882,0.922537,0,0,0,0
883,-0.407648,0,0,0,0
884,-1.012182,0,0,0,0
0,0,0,0,1145,0.0
0,0,0,0,1146,0.0
0,0,0,0,1147,0.0
0,0,0,0,1148,0.0
0,0,0,0,1149,0.0
885,1.798534,0,0,0,0
886,1.399565,0,0,0,0
887,0.506926,0,0,0,0
888,-0.933647,0,0,0,0
889,0.392056,0,0,0,0
0,0,0,0,1150,0.0
0,0,0,0,1151,0.0
0,0,0,0,1152,0.0
0,0,0,0,1153,0.0
0,0,0,0,1154,0.0
890,0.931931,0,0,0,0
891,0.580692,0,0,0,0
892,-1.044941,0,0,0,0
893,-0.80061,0,0,0,0
894,1.078796,0,0,0,0
0,0,0,0,1155,0.0
0,0,0,0,1156,0.0
0,0,0,0,1157,0.0
0,0,0,0,1158,0.0
0,0,0,0,1159,0.0
895,0.87862,0,0,0,0
896,-0.318575,0,0,0,0
897,-1.086617,0,0,0,0
898,0.857544,0,0,0,0
899,1.282835,0,0,0,0
0,0,0,0,1160,0.0
0,0,0,0,1161,0.0
0,0,0,0,1162,0.0
0,0,0,0,1163,0.0
0,0,0,0,1164,0.0
900,0.143766,0,0,0,0
901,-1.388693,0,0,0,0
902,-0.006628,0,0,0,0
903,1.509285,0,0,0,0
904,1.118374,0,0,0,0
0,0,0,0,1165,0.0
0,0,0,0,1166,0.0
0,0,0,0,1167,0.0
0,0,0,0,1168,0.0
0,0,0,0,1169,0.0
905,-0.962019,0,0,0,0
906,-0.821972,0,0,0,0
907,1.069164,0,0,0,0
908,1.023388,0,0,0,0
909,0.690985,0,0,0,0
0,0,0,0,1170,0.0
0,0,0,0,1171,0.0
0,0,0,0,1172,0.0
0,0,0,0,1173,0.0
0,0,0,0,1174,0.0
910,-1.291656,0,0,0,0
911,0.613832,0,0,0,0
912,1.390028,0,0,0,0
913,1.014423,0,0,0,0
914,0.115204,0,0,0,0
0,0,0,0,1175,0.0
0,0,0,0,1176,0.0
0,0,0,0,1177,0.0
0,0,0,0,1178,0.0
0,0,0,0,1179,0.0
915,0.82593,0,0,0,0
916,1.027298,0,0,0,0
917,0.728703,0,0,0,0
918,-0.550556,0,0,0,0
919,-1.272631,0,0,0,0
0,0,0,0,1180,0.0
0,0,0,0,1181,0.0
0,0,0,0,1182,0.0
0,0,0,0,1183,0.0
0,0,0,0,1184,0.0
920,1.030588,0,0,0,0
921,0.66247,0,0,0,0
922,-0.921869,0,0,0,0
923,-0.456953,0,0,0,0
924,1.409674,0,0,0,0
0,0,0,0,1185,0.0
0,0,0,0,1186,0.0
0,0,0,0,1187,0.0
0,0,0,0,1188,0.0
0,0,0,0,1189,0.0
925,0.978327,0,0,0,0
926,-0.198889,0,0,0,0
927,-1.068544,0,0,0,0
928,0.917959,0,0,0,0
929,1.438808,0,0,0,0
0,0,0,0,1190,0.0
0,0,0,0,1191,0.0
0,0,0,0,1192,0.0
0,0,0,0,1193,0.0
0,0,0,0,1194,0.0
930,0.33536,0,0,0,0
931,-1.20759,0,0,0,0
932,0.152874,0,0,0,0
933,1.485538,0,0,0,0
934,1.033926,0,0,0,0
0,0,0,0,1195,0.0
0,0,0,0,1196,0.0
0,0,0,0,1197,0.0
0,0,0,0,1198,0.0
0,0,0,0,1199,0.0
935,-1.183128,0,0,0,0
936,-0.971413,0,0,0,0
937,1.064348,0,0,0,0
938,1.095343,0,0,0,0
939,0.550652,0,0,0,0
0,0,0,0,1200,0.0
0,0,0,0,1201,0.0
0,0,0,0,1202,0.0
0,0,0,0,1203,0.0
0,0,0,0,1204,0.0
940,-1.463127,0,0,0,0
941,0.552464,0,0,0,0
942,1.241255,0,0,0,0
943,0.94223,0,0,0,0
944,0.000477,0,0,0,0
0,0,0,0,1205,0.0
0,0,0,0,1206,0.0
0,0,0,0,1207,0.0
0,0,0,0,1208,0.0
0,0,0,0,1209,0.0
945,-0.063992,0,0,0,0
946,1.460743,0,0,0,0
947,1.146793,0,0,0,0
948,0.5723,0,0,0,0
949,-1.055622,0,0,0,0
0,0,0,0,1210,0.0
0,0,0,0,1211,0.0
0,0,0,0,1212,0.0
0,0,0,0,1213,0.0
0,0,0,0,1214,0.0
950,0.991774,0,0,0,0
951,1.133442,0,0,0,0
952,0.833368,0,0,0,0
953,-0.443316,0,0,0,0
954,-0.985622,0,0,0,0
0,0,0,0,1215,0.0
0,0,0,0,1216,0.0
0,0,0,0,1217,0.0
0,0,0,0,1218,0.0
0,0,0,0,1219,0.0
955,1.031637,0,0,0,0
956,0.49572,0,0,0,0
957,-1.267195,0,0,0,0
958,-0.875235,0,0,0,0
959,1.037121,0,0,0,0
0,0,0,0,1220,0.0
0,0,0,0,1221,0.0
0,0,0,0,1222,0.0
0,0,0,0,1223,0.0
0,0,0,0,1224,0.0
960,0.85454,0,0,0,0
961,-0.373459,0,0,0,0
962,-1.136398,0,0,0,0
963,0.83847,0,0,0,0
964,1.313066,0,0,0,0
0,0,0,0,1225,0.0
0,0,0,0,1226,0.0
0,0,0,0,1227,0.0
0,0,0,0,1228,0.0
0,0,0,0,1229,0.0
965,0.412607,0,0,0,0
966,-1.167059,0,0,0,0
967,0.233221,0,0,0,0
968,1.657677,0,0,0,0
969,1.183653,0,0,0,0
0,0,0,0,1230,0.0
0,0,0,0,1231,0.0
0,0,0,0,1232,0.0
0,0,0,0,1233,0.0
0,0,0,0,1234,0.0
970,-1.047659,0,0,0,0
971,0.413656,0,0,0,0
972,0.879335,0,0,0,0
973,0.181055,0,0,0,0
974,-0.352335,0,0,0,0
0,0,0,0,1235,0.0
0,0,0,0,1236,0.0
0,0,0,0,1237,0.0
0,0,0,0,1238,0.0
0,0,0,0,1239,0.0
975,-0.64168,0,0,0,0
976,1.265526,0,0,0,0
977,0.724697,0,0,0,0
978,0.05455,0,0,0,0
979,-1.475906,0,0,0,0
0,0,0,0,1240,0.0
0,0,0,0,1241,0.0
0,0,0,0,1242,0.0
0,0,0,0,1243,0.0
0,0,0,0,1244,0.0
980,0.938368,0,0,0,0
981,0.958538,0,0,0,0
982,0.307846,0,0,0,0
983,-1.084566,0,0,0,0
984,-1.387882,0,0,0,0
0,0,0,0,1245,0.0
0,0,0,0,1246,0.0
0,0,0,0,1247,0.0
0,0,0,0,1248,0.0
0,0,0,0,1249,0.0
985,1.230431,0,0,0,0
986,0.690174,0,0,0,0
987,-0.556564,0,0,0,0
988,-1.703072,0,0,0,0
989,-0.162125,0,0,0,0
0,0,0,0,1250,0.0
0,0,0,0,1251,0.0
0,0,0,0,1252,0.0
0,0,0,0,1253,0.0
0,0,0,0,1254,0.0
990,0.484324,0,0,0,0
991,0.276184,0,0,0,0
992,-1.690769,0,0,0,0
993,-1.57752,0,0,0,0
994,0.422955,0,0,0,0
0,0,0,0,1255,0.0
0,0,0,0,1256,0.0
0,0,0,0,1257,0.0
0,0,0,0,1258,0.0
0,0,0,0,1259,0.0
995,0.594187,0,0,0,0
996,-1.263094,0,0,0,0
997,-2.159452,0,0,0,0
998,0.645685,0,0,0,0
999,1.210546,0,0,0,0
0,0,0,0,1260,0.0
0,0,0,0,1261,0.0
0,0,0,0,1262,0.0
0,0,0,0,1263,0.0
0,0,0,0,1264,0.0
1000,0.285006,0,0,0,0
1001,-1.692009,0,0,0,0
1002,-0.103855,0,0,0,0
1003,1.663733,0,0,0,0
1004,0.990009,0,0,0,0
0,0,0,0,1265,0.0
0,0,0,0,1266,0.0
0,0,0,0,1267,0.0
0,0,0,0,1268,0.0
0,0,0,0,1269,0.0
1005,-1.648045,0,0,0,0
1006,-1.451731,0,0,0,0
1007,1.282406,0,0,0,0
1008,1.163197,0,0,0,0
1009,0.320387,0,0,0,0
0,0,0,0,1270,0.0
0,0,0,0,1271,0.0
0,0,0,0,1272,0.0
0,0,0,0,1273,0.0
0,0,0,0,1274,0.0
1010,-1.404572,0,0,0,0
1011,0.170755,0,0,0,0
1012,1.018524,0,0,0,0
1013,0.433826,0,0,0,0
1014,-0.517893,0,0,0,0
0,0,0,0,1275,0.0
0,0,0,0,1276,0.0
0,0,0,0,1277,0.0
0,0,0,0,1278,0.0
0,0,0,0,1279,0.0
1015,-0.446415,0,0,0,0
1016,0.974131,0,0,0,0
1017,0.632048,0,0,0,0
1018,0.676107,0,0,0,0
1019,-1.249361,0,0,0,0
0,0,0,0,1280,0.0
0,0,0,0,1281,0.0
0,0,0,0,1282,0.0
0,0,0,0,1283,0.0
0,0,0,0,1284,0.0
1020,1.457548,0,0,0,0
1021,1.389122,0,0,0,0
1022,0.409079,0,0,0,0
1023,-1.088476,0,0,0,0
1024,-1.481295,0,0,0,0
0,0,0,0,1285,0.0
0,0,0,0,1286,0.0
0,0,0,0,1287,0.0
0,0,0,0,1288,0.0
0,0,0,0,1289,0.0
1025,1.702833,0,0,0,0
1026,0.840473,0,0,0,0
1027,0.055456,0,0,0,0
1028,-1.495314,0,0,0,0
1029,-0.238419,0,0,0,0
0,0,0,0,1290,0.0
0,0,0,0,1291,0.0
0,0,0,0,1292,0.0
0,0,0,0,1293,0.0
0,0,0,0,1294,0.0
1030,0.446939,0,0,0,0
1031,0.784683,0,0,0,0
1032,-1.247501,0,0,0,0
1033,-1.075029,0,0,0,0
1034,1.198959,0,0,0,0
0,0,0,0,1295,0.0
0,0,0,0,1296,0.0
0,0,0,0,1297,0.0
0,0,0,0,1298,0.0
0,0,0,0,1299,0.0
1035,1.046181,0,0,0,0
1036,-0.803804,0,0,0,0
1037,-1.62816,0,0,0,0
1038,0.632763,0,0,0,0
1039,1.18413,0,0,0,0
0,0,0,0,1300,0.0
0,0,0,0,1301,0.0
0,0,0,0,1302,0.0
0,0,0,0,1303,0.0
0,0,0,0,1304,0.0
1040,-0.15564,0,0,0,0
1041,-1.512098,0,0,0,0
1042,0.334454,0,0,0,0
1043,1.766205,0,0,0,0
1044,1.113796,0,0,0,0
0,0,0,0,1305,0.0
0,0,0,0,1306,0.0
0,0,0,0,1307,0.0
0,0,0,0,1308,0.0
0,0,0,0,1309,0.0
1045,-1.322365,0,0,0,0
1046,-1.13492,0,0,0,0
1047,1.115608,0,0,0,0
1048,1.482725,0,0,0,0
1049,1.098108,0,0,0,0
0,0,0,0,1310,0.0
0,0,0,0,1311,0.0
0,0,0,0,1312,0.0
0,0,0,0,1313,0.0
0,0,0,0,1314,0.0
1050,-1.903057,0,0,0,0
1051,0.805473,0,0,0,0
1052,0.980759,0,0,0,0
1053,0.577688,0,0,0,0
1054,-0.572681,0,0,0,0
0,0,0,0,1315,0.0
0,0,0,0,1316,0.0
0,0,0,0,1317,0.0
0,0,0,0,1318,0.0
0,0,0,0,1319,0.0
1055,-0.281572,0,0,0,0
1056,1.294661,0,0,0,0
1057,1.110077,0,0,0,0
1058,0.203848,0,0,0,0
1059,-1.390743,0,0,0,0
0,0,0,0,1320,0.0
0,0,0,0,1321,0.0
0,0,0,0,1322,0.0
0,0,0,0,1323,0.0
0,0,0,0,1324,0.0
1060,1.273346,0,0,0,0
1061,1.423645,0,0,0,0
1062,0.759935,0,0,0,0
1063,-0.409174,0,0,0,0
1064,-1.179123,0,0,0,0
0,0,0,0,1325,0.0
0,0,0,0,1326,0.0
0,0,0,0,1327,0.0
0,0,0,0,1328,0.0
0,0,0,0,1329,0.0
1065,1.588964,0,0,0,0
1066,1.381969,0,0,0,0
1067,0.047541,0,0,0,0
1068,-2.061319,0,0,0,0
1069,-0.019932,0,0,0,0
0,0,0,0,1330,0.0
0,0,0,0,1331,0.0
0,0,0,0,1332,0.0
0,0,0,0,1333,0.0
0,0,0,0,1334,0.0
1070,1.252842,0,0,0,0
1071,0.319386,0,0,0,0
1072,-1.676035,0,0,0,0
1073,-0.801182,0,0,0,0
1074,1.370239,0,0,0,0
0,0,0,0,1335,0.0
0,0,0,0,1336,0.0
0,0,0,0,1337,0.0
0,0,0,0,1338,0.0
0,0,0,0,1339,0.0
1075,0.754213,0,0,0,0
1076,-1.219273,0,0,0,0
1077,-1.745176,0,0,0,0
1078,0.679016,0,0,0,0
1079,1.245546,0,0,0,0
0,0,0,0,1340,0.0
0,0,0,0,1341,0.0
0,0,0,0,1342,0.0
0,0,0,0,1343,0.0
0,0,0,0,1344,0.0
1080,-0.213528,0,0,0,0
1081,-1.466417,0,0,0,0
1082,0.103521,0,0,0,0
1083,1.667261,0,0,0,0
1084,1.289654,0,0,0,0
0,0,0,0,1345,0.0
0,0,0,0,1346,0.0
0,0,0,0,1347,0.0
0,0,0,0,1348,0.0
0,0,0,0,1349,0.0
1085,-1.423931,0,0,0,0
1086,-0.907516,0,0,0,0
1087,1.241922,0,0,0,0
1088,1.486444,0,0,0,0
1089,1.32103,0,0,0,0
0,0,0,0,1350,0.0
0,0,0,0,1351,0.0
0,0,0,0,1352,0.0
0,0,0,0,1353,0.0
0,0,0,0,1354,0.0
1090,-1.281595,0,0,0,0
1091,0.660849,0,0,0,0
1092,1.260996,0,0,0,0
1093,1.187611,0,0,0,0
1094,-0.44384,0,0,0,0
0,0,0,0,1355,0.0
0,0,0,0,1356,0.0
0,0,0,0,1357,0.0
0,0,0,0,1358,0.0
0,0,0,0,1359,0.0
1095,0.529003,0,0,0,0
1096,1.811647,0,0,0,0
1097,0.989962,0,0,0,0
1098,0.263977,0,0,0,0
1099,-1.701689,0,0,0,0
0,0,0,0,1360,0.0
0,0,0,0,1361,0.0
0,0,0,0,1362,0.0
0,0,0,0,1363,0.0
0,0,0,0,1364,0.0
1100,0.773907,0,0,0,0
1101,1.116467,0,0,0,0
1102,1.041317,0,0,0,0
1103,-0.867987,0,0,0,0
1104,-1.664877,0,0,0,0
0,0,0,0,1365,0.0
0,0,0,0,1366,0.0
0,0,0,0,1367,0.0
0,0,0,0,1368,0.0
0,0,0,0,1369,0.0
1105,1.166821,0,0,0,0
1106,0.696516,0,0,0,0
1107,-0.208282,0,0,0,0
1108,-1.830292,0,0,0,0
1109,-0.101995,0,0,0,0
0,0,0,0,1370,0.0
0,0,0,0,1371,0.0
0,0,0,0,1372,0.0
0,0,0,0,1373,0.0
0,0,0,0,1374,0.0
1110,1.154137,0,0,0,0
1111,0.669289,0,0,0,0
1112,-1.172018,0,0,0,0
1113,-0.316,0,0,0,0
1114,1.767302,0,0,0,0
0,0,0,0,1375,0.0
0,0,0,0,1376,0.0
0,0,0,0,1377,0.0
0,0,0,0,1378,0.0
0,0,0,0,1379,0.0
1115,0.895452,0,0,0,0
1116,-0.562096,0,0,0,0
1117,-1.262903,0,0,0,0
1118,0.870657,0,0,0,0
1119,1.433563,0,0,0,0
0,0,0,0,1380,0.0
0,0,0,0,1381,0.0
0,0,0,0,1382,0.0
0,0,0,0,1383,0.0
0,0,0,0,1384,0.0
1120,-0.194263,0,0,0,0
1121,-1.79801,0,0,0,0
1122,0.045729,0,0,0,0
1123,1.561785,0,0,0,0
1124,1.028109,0,0,0,0
0,0,0,0,1385,0.0
0,0,0,0,1386,0.0
0,0,0,0,1387,0.0
0,0,0,0,1388,0.0
0,0,0,0,1389,0.0
1125,-1.26543,0,0,0,0
1126,-0.763559,0,0,0,0
1127,1.302481,0,0,0,0
1128,1.117229,0,0,0,0
1129,0.696707,0,0,0,0
0,0,0,0,1390,0.0
0,0,0,0,1391,0.0
0,0,0,0,1392,0.0
0,0,0,0,1393,0.0
0,0,0,0,1394,0.0
1130,-1.184893,0,0,0,0
1131,0.791025,0,0,0,0
1132,1.301241,0,0,0,0
1133,0.983763,0,0,0,0
1134,-0.363588,0,0,0,0
0,0,0,0,1395,0.0
0,0,0,0,1396,0.0
0,0,0,0,1397,0.0
0,0,0,0,1398,0.0
0,0,0,0,1399,0.0
1135,-0.056458,0,0,0,0
1136,1.419592,0,0,0,0
1137,1.008129,0,0,0,0
1138,0.428867,0,0,0,0
1139,-1.339245,0,0,0,0
0,0,0,0,1400,0.0
0,0,0,0,1401,0.0
0,0,0,0,1402,0.0
0,0,0,0,1403,0.0
0,0,0,0,1404,0.0
1140,1.339102,0,0,0,0
1141,1.339674,0,0,0,0
1142,1.008415,0,0,0,0
1143,-0.468111,0,0,0,0
1144,-0.712013,0,0,0,0
0,0,0,0,1405,0.0
0,0,0,0,1406,0.0
0,0,0,0,1407,0.0
0,0,0,0,1408,0.0
0,0,0,0,1409,0.0
1145,1.82209,0,0,0,0
1146,1.405478,0,0,0,0
1147,0.338888,0,0,0,0
1148,-0.918865,0,0,0,0
1149,0.690413,0,0,0,0
0,0,0,0,1410,0.0
0,0,0,0,1411,0.0
0,0,0,0,1412,0.0
0,0,0,0,1413,0.0
0,0,0,0,1414,0.0
1150,1.02644,0,0,0,0
1151,0.36397,0,0,0,0
1152,-1.287651,0,0,0,0
1153,-0.443983,0,0,0,0
1154,1.278162,0,0,0,0
0,0,0,0,1415,0.0
0,0,0,0,1416,0.0
0,0,0,0,1417,0.0
0,0,0,0,1418,0.0
0,0,0,0,1419,0.0
1155,0.920677,0,0,0,0
1156,-0.36273,0,0,0,0
1157,-0.754929,0,0,0,0
1158,1.1868,0,0,0,0
1159,1.232052,0,0,0,0
0,0,0,0,1420,0.0
0,0,0,0,1421,0.0
0,0,0,0,1422,0.0
0,0,0,0,1423,0.0
0,0,0,0,1424,0.0
1160,0.211906,0,0,0,0
1161,-1.075268,0,0,0,0
1162,0.501823,0,0,0,0
1163,1.673079,0,0,0,0
1164,1.386118,0,0,0,0
0,0,0,0,1425,0.0
0,0,0,0,1426,0.0
0,0,0,0,1427,0.0
0,0,0,0,1428,0.0
0,0,0,0,1429,0.0
1165,-0.435638,0,0,0,0
1166,0.054884,0,0,0,0
1167,1.837158,0,0,0,0
1168,1.733589,0,0,0,0
1169,1.29323,0,0,0,0
0,0,0,0,1430,0.0
0,0,0,0,1431,0.0
0,0,0,0,1432,0.0
0,0,0,0,1433,0.0
0,0,0,0,1434,0.0
1170,-0.906849,0,0,0,0
1171,1.094198,0,0,0,0
1172,1.481628,0,0,0,0
1173,1.040554,0,0,0,0
1174,-0.107193,0,0,0,0
0,0,0,0,1435,0.0
0,0,0,0,1436,0.0
0,0,0,0,1437,0.0
0,0,0,0,1438,0.0
0,0,0,0,1439,0.0
1175,0.241661,0,0,0,0
1176,1.465321,0,0,0,0
1177,1.072216,0,0,0,0
1178,0.521517,0,0,0,0
1179,-1.123381,0,0,0,0
0,0,0,0,1440,0.0
0,0,0,0,1441,0.0
0,0,0,0,1442,0.0
0,0,0,0,1443,0.0
0,0,0,0,1444,0.0
1180,1.287746,0,0,0,0
1181,1.163578,0,0,0,0
1182,0.761223,0,0,0,0
1183,-0.832462,0,0,0,0
1184,-1.118946,0,0,0,0
0,0,0,0,1445,0.0
0,0,0,0,1446,0.0
0,0,0,0,1447,0.0
0,0,0,0,1448,0.0
0,0,0,0,1449,0.0
1185,1.342344,0,0,0,0
1186,0.832653,0,0,0,0
1187,-0.155115,0,0,0,0
1188,-1.189089,0,0,0,0
1189,0.544834,0,0,0,0
0,0,0,0,1450,0.0
0,0,0,0,1451,0.0
0,0,0,0,1452,0.0
0,0,0,0,1453,0.0
0,0,0,0,1454,0.0
1190,1.226044,0,0,0,0
1191,0.683594,0,0,0,0
1192,-1.007605,0,0,0,0
1193,-0.182915,0,0,0,0
1194,1.533747,0,0,0,0
0,0,0,0,1455,0.0
0,0,0,0,1456,0.0
0,0,0,0,1457,0.0
0,0,0,0,1458,0.0
0,0,0,0,1459,0.0
1195,1.053143,0,0,0,0
1196,-0.408745,0,0,0,0
1197,-0.905132,0,0,0,0
1198,1.117945,0,0,0,0
1199,1.39122,0,0,0,0
0,0,0,0,1460,0.0
0,0,0,0,1461,0.0
0,0,0,0,1462,0.0
0,0,0,0,1463,0.0
0,0,0,0,1464,0.0
1200,0.221968,0,0,0,0
1201,-1.069498,0,0,0,0
1202,0.484562,0,0,0,0
1203,1.503944,0,0,0,0
1204,1.102114,0,0,0,0
0,0,0,0,1465,0.0
0,0,0,0,1466,0.0
0,0,0,0,1467,0.0
0,0,0,0,1468,0.0
0,0,0,0,1469,0.0
1205,-1.049662,0,0,0,0
1206,-0.515318,0,0,0,0
1207,1.312733,0,0,0,0
1208,1.287222,0,0,0,0
1209,0.907135,0,0,0,0
0,0,0,0,1470,0.0
0,0,0,0,1471,0.0
0,0,0,0,1472,0.0
0,0,0,0,1473,0.0
0,0,0,0,1474,0.0
1210,-1.444578,0,0,0,0
1211,0.52228,0,0,0,0
1212,0.940561,0,0,0,0
1213,0.596952,0,0,0,0
1214,-0.538015,0,0,0,0
0,0,0,0,1475,0.0
0,0,0,0,1476,0.0
0,0,0,0,1477,0.0
0,0,0,0,1478,0.0
0,0,0,0,1479,0.0
1215,-0.017643,0,0,0,0
1216,1.437807,0,0,0,0
1217,1.016378,0,0,0,0
1218,0.37899,0,0,0,0
1219,-1.300716,0,0,0,0
0,0,0,0,1480,0.0
0,0,0,0,1481,0.0
0,0,0,0,1482,0.0
0,0,0,0,1483,0.0
0,0,0,0,1484,0.0
1220,1.121569,0,0,0,0
1221,1.041794,0,0,0,0
1222,0.680351,0,0,0,0
1223,-0.873232,0,0,0,0
1224,-1.121283,0,0,0,0
0,0,0,0,1485,0.0
0,0,0,0,1486,0.0
0,0,0,0,1487,0.0
0,0,0,0,1488,0.0
0,0,0,0,1489,0.0
1225,1.383162,0,0,0,0
1226,1.235437,0,0,0,0
1227,0.082922,0,0,0,0
1228,-1.268053,0,0,0,0
1229,0.429153,0,0,0,0
0,0,0,0,1490,0.0
0,0,0,0,1491,0.0
0,0,0,0,1492,0.0
0,0,0,0,1493,0.0
0,0,0,0,1494,0.0
1230,1.092386,0,0,0,0
1231,0.641012,0,0,0,0
1232,-1.042557,0,0,0,0
1233,-0.254679,0,0,0,0
1234,1.449585,0,0,0,0
0,0,0,0,1495,0.0
0,0,0,0,1496,0.0
0,0,0,0,1497,0.0
0,0,0,0,1498,0.0
0,0,0,0,1499,0.0
1235,1.016521,0,0,0,0
1236,-0.340557,0,0,0,0
1237,-0.754547,0,0,0,0
1238,1.271725,0,0,0,0
1239,1.417637,0,0,0,0
0,0,0,0,1500,0.0
0,0,0,0,1501,0.0
0,0,0,0,1502,0.0
0,0,0,0,1503,0.0
0,0,0,0,1504,0.0
1240,0.303125,0,0,0,0
1241,-1.055145,0,0,0,0
1242,0.407505,0,0,0,0
1243,1.417065,0,0,0,0
1244,1.012278,0,0,0,0
0,0,0,0,1505,0.0
0,0,0,0,1506,0.0
0,0,0,0,1507,0.0
0,0,0,0,1508,0.0
0,0,0,0,1509,0.0
1245,-1.032877,0,0,0,0
1246,-0.637722,0,0,0,0
1247,1.132679,0,0,0,0
1248,0.987768,0,0,0,0
1249,0.529909,0,0,0,0
0,0,0,0,1510,0.0
0,0,0,0,1511,0.0
0,0,0,0,1512,0.0
0,0,0,0,1513,0.0
0,0,0,0,1514,0.0
1250,-1.26915,0,0,0,0
1251,0.853729,0,0,0,0
1252,1.276398,0,0,0,0
1253,1.064444,0,0,0,0
1254,0.020885,0,0,0,0
0,0,0,0,1515,0.0
0,0,0,0,1516,0.0
0,0,0,0,1517,0.0
0,0,0,0,1518,0.0
0,0,0,0,1519,0.0
1255,-0.039577,0,0,0,0
1256,1.306343,0,0,0,0
1257,0.927258,0,0,0,0
1258,0.252724,0,0,0,0
1259,-1.344204,0,0,0,0
0,0,0,0,1520,0.0
0,0,0,0,1521,0.0
0,0,0,0,1522,0.0
0,0,0,0,1523,0.0
0,0,0,0,1524,0.0
1260,1.018143,0,0,0,0
1261,1.026678,0,0,0,0
1262,0.743866,0,0,0,0
1263,-0.680637,0,0,0,0
1264,-0.932741,0,0,0,0
0,0,0,0,1525,0.0
0,0,0,0,1526,0.0
0,0,0,0,1527,0.0
0,0,0,0,1528,0.0
0,0,0,0,1529,0.0
1265,1.297903,0,0,0,0
1266,0.959349,0,0,0,0
1267,-0.098515,0,0,0,0
1268,-1.274681,0,0,0,0
1269,0.380182,0,0,0,0
0,0,0,0,1530,0.0
0,0,0,0,1531,0.0
0,0,0,0,1532,0.0
0,0,0,0,1533,0.0
0,0,0,0,1534,0.0
1270,0.723124,0,0,0,0
1271,-0.666761,0,0,0,0
1272,-1.236534,0,0,0,0
1273,0.775242,0,0,0,0
1274,1.079226,0,0,0,0
0,0,0,0,1535,0.0
0,0,0,0,1536,0.0
0,0,0,0,1537,0.0
0,0,0,0,1538,0.0
0,0,0,0,1539,0.0
1275,0.001383,0,0,0,0
1276,-1.342678,0,0,0,0
1277,0.251055,0,0,0,0
1278,1.419163,0,0,0,0
1279,0.993299,0,0,0,0
0,0,0,0,1540,0.0
0,0,0,0,1541,0.0
0,0,0,0,1542,0.0
0,0,0,0,1543,0.0
0,0,0,0,1544,0.0
1280,-1.152086,0,0,0,0
1281,-0.741625,0,0,0,0
1282,1.171017,0,0,0,0
1283,1.013088,0,0,0,0
1284,0.722027,0,0,0,0
0,0,0,0,1545,0.0
0,0,0,0,1546,0.0
0,0,0,0,1547,0.0
0,0,0,0,1548,0.0
0,0,0,0,1549,0.0
1285,-0.913,0,0,0,0
1286,1.081133,0,0,0,0
1287,1.483679,0,0,0,0
1288,1.147556,0,0,0,0
1289,-0.042915,0,0,0,0
0,0,0,0,1550,0.0
0,0,0,0,1551,0.0
0,0,0,0,1552,0.0
0,0,0,0,1553,0.0
0,0,0,0,1554,0.0
1290,-0.131178,0,0,0,0
1291,1.285982,0,0,0,0
1292,0.880861,0,0,0,0
1293,0.342178,0,0,0,0
1294,-1.32308,0,0,0,0
0,0,0,0,1555,0.0
0,0,0,0,1556,0.0
0,0,0,0,1557,0.0
0,0,0,0,1558,0.0
0,0,0,0,1559,0.0
1295,0.892639,0,0,0,0
1296,0.921822,0,0,0,0
1297,0.562239,0,0,0,0
1298,-0.816917,0,0,0,0
1299,-1.045465,0,0,0,0
0,0,0,0,1560,0.0
0,0,0,0,1561,0.0
0,0,0,0,1562,0.0
0,0,0,0,1563,0.0
0,0,0,0,1564,0.0
1300,1.089382,0,0,0,0
1301,0.761986,0,0,0,0
1302,-0.193453,0,0,0,0
1303,-1.411819,0,0,0,0
1304,0.395536,0,0,0,0
0,0,0,0,1565,0.0
0,0,0,0,1566,0.0
0,0,0,0,1567,0.0
0,0,0,0,1568,0.0
0,0,0,0,1569,0.0
1305,1.098537,0,0,0,0
1306,0.530052,0,0,0,0
1307,-1.124382,0,0,0,0
1308,-0.345469,0,0,0,0
1309,1.51186,0,0,0,0
0,0,0,0,1570,0.0
0,0,0,0,1571,0.0
0,0,0,0,1572,0.0
0,0,0,0,1573,0.0
0,0,0,0,1574,0.0
1310,0.691414,0,0,0,0
1311,-0.321245,0,0,0,0
1312,-0.72279,0,0,0,0
1313,1.290798,0,0,0,0
1314,1.474476,0,0,0,0
0,0,0,0,1575,0.0
0,0,0,0,1576,0.0
0,0,0,0,1577,0.0
0,0,0,0,1578,0.0
0,0,0,0,1579,0.0
1315,0.776672,0,0,0,0
1316,-1.33357,0,0,0,0
1317,-0.096893,0,0,0,0
1318,1.128769,0,0,0,0
1319,0.692797,0,0,0,0
0,0,0,0,1580,0.0
0,0,0,0,1581,0.0
0,0,0,0,1582,0.0
0,0,0,0,1583,0.0
0,0,0,0,1584,0.0
1320,-1.229954,0,0,0,0
1321,-1.022863,0,0,0,0
1322,0.802088,0,0,0,0
1323,0.433922,0,0,0,0
1324,0.383377,0,0,0,0
0,0,0,0,1585,0.0
0,0,0,0,1586,0.0
0,0,0,0,1587,0.0
0,0,0,0,1588,0.0
0,0,0,0,1589,0.0
1325,-1.929522,0,0,0,0
1326,0.221872,0,0,0,0
1327,0.716066,0,0,0,0
1328,0.149202,0,0,0,0
1329,-0.875235,0,0,0,0
0,0,0,0,1590,0.0
0,0,0,0,1591,0.0
0,0,0,0,1592,0.0
0,0,0,0,1593,0.0
0,0,0,0,1594,0.0
1330,-0.605583,0,0,0,0
1331,1.769924,0,0,0,0
1332,1.248264,0,0,0,0
1333,0.09346,0,0,0,0
1334,-1.725864,0,0,0,0
0,0,0,0,1595,0.0
0,0,0,0,1596,0.0
0,0,0,0,1597,0.0
0,0,0,0,1598,0.0
0,0,0,0,1599,0.0
1335,1.121426,0,0,0,0
1336,1.207638,0,0,0,0
1337,0.933599,0,0,0,0
1338,-1.005983,0,0,0,0
1339,-1.296091,0,0,0,0
0,0,0,0,1600,0.0
0,0,0,0,1601,0.0
0,0,0,0,1602,0.0
0,0,0,0,1603,0.0
0,0,0,0,1604,0.0
1340,1.483679,0,0,0,0
1341,0.791645,0,0,0,0
1342,-0.295496,0,0,0,0
1343,-1.849031,0,0,0,0
1344,0.351667,0,0,0,0
0,0,0,0,1605,0.0
0,0,0,0,1606,0.0
0,0,0,0,1607,0.0
0,0,0,0,1608,0.0
0,0,0,0,1609,0.0
1345,0.488615,0,0,0,0
1346,0.053406,0,0,0,0
1347,-1.576138,0,0,0,0
1348,-1.214361,0,0,0,0
1349,0.852156,0,0,0,0
0,0,0,0,1610,0.0
0,0,0,0,1611,0.0
0,0,0,0,1612,0.0
0,0,0,0,1613,0.0
0,0,0,0,1614,0.0
1350,0.763512,0,0,0,0
1351,-0.81501,0,0,0,0
1352,-1.752377,0,0,0,0
1353,0.548077,0,0,0,0
1354,1.15633,0,0,0,0
0,0,0,0,1615,0.0
0,0,0,0,1616,0.0
0,0,0,0,1617,0.0
0,0,0,0,1618,0.0
0,0,0,0,1619,0.0
1355,-0.062132,0,0,0,0
1356,-1.858521,0,0,0,0
1357,0.234318,0,0,0,0
1358,1.848459,0,0,0,0
1359,0.995636,0,0,0,0
0,0,0,0,1620,0.0
0,0,0,0,1621,0.0
0,0,0,0,1622,0.0
0,0,0,0,1623,0.0
0,0,0,0,1624,0.0
1360,-1.658678,0,0,0,0
1361,-0.89159,0,0,0,0
1362,1.141977,0,0,0,0
1363,0.592375,0,0,0,0
1364,0.739574,0,0,0,0
0,0,0,0,1625,0.0
0,0,0,0,1626,0.0
0,0,0,0,1627,0.0
0,0,0,0,1628,0.0
0,0,0,0,1629,0.0
1365,-1.832676,0,0,0,0
1366,0.585747,0,0,0,0
1367,1.400852,0,0,0,0
1368,0.919533,0,0,0,0
1369,-0.37775,0,0,0,0
0,0,0,0,1630,0.0
0,0,0,0,1631,0.0
0,0,0,0,1632,0.0
0,0,0,0,1633,0.0
0,0,0,0,1634,0.0
1370,-0.529289,0,0,0,0
1371,1.391888,0,0,0,0
1372,1.544666,0,0,0,0
1373,0.699377,0,0,0,0
1374,-1.565695,0,0,0,0
0,0,0,0,1635,0.0
0,0,0,0,1636,0.0
0,0,0,0,1637,0.0
0,0,0,0,1638,0.0
0,0,0,0,1639,0.0
1375,1.382971,0,0,0,0
1376,0.801325,0,0,0,0
1377,-0.043011,0,0,0,0
1378,-2.085352,0,0,0,0
1379,-0.304174,0,0,0,0
0,0,0,0,1640,0.0
0,0,0,0,1641,0.0
0,0,0,0,1642,0.0
0,0,0,0,1643,0.0
0,0,0,0,1644,0.0
1380,1.353884,0,0,0,0
1381,0.540781,0,0,0,0
1382,-1.992512,0,0,0,0
1383,-0.650549,0,0,0,0
1384,1.618671,0,0,0,0
0,0,0,0,1645,0.0
0,0,0,0,1646,0.0
0,0,0,0,1647,0.0
0,0,0,0,1648,0.0
0,0,0,0,1649,0.0
1385,0.622892,0,0,0,0
1386,-1.015091,0,0,0,0
1387,-1.541996,0,0,0,0
1388,0.649786,0,0,0,0
1389,0.82612,0,0,0,0
0,0,0,0,1650,0.0
0,0,0,0,1651,0.0
0,0,0,0,1652,0.0
0,0,0,0,1653,0.0
0,0,0,0,1654,0.0
1390,0.009489,0,0,0,0
1391,-1.391029,0,0,0,0
1392,0.250959,0,0,0,0
1393,1.413774,0,0,0,0
1394,1.536465,0,0,0,0
0,0,0,0,1655,0.0
0,0,0,0,1656,0.0
0,0,0,0,1657,0.0
0,0,0,0,1658,0.0
0,0,0,0,1659,0.0
1395,-1.621819,0,0,0,0
1396,-0.964832,0,0,0,0
1397,1.463699,0,0,0,0
1398,1.227713,0,0,0,0
1399,0.402403,0,0,0,0
0,0,0,0,1660,0.0
0,0,0,0,1661,0.0
0,0,0,0,1662,0.0
0,0,0,0,1663,0.0
0,0,0,0,1664,0.0
1400,-1.889849,0,0,0,0
1401,-0.094891,0,0,0,0
1402,0.807333,0,0,0,0
1403,1.626253,0,0,0,0
1404,0.300598,0,0,0,0
0,0,0,0,1665,0.0
0,0,0,0,1666,0.0
0,0,0,0,1667,0.0
0,0,0,0,1668,0.0
0,0,0,0,1669,0.0
1405,-0.148726,0,0,0,0
1406,1.561117,0,0,0,0
1407,1.365089,0,0,0,0
1408,0.890303,0,0,0,0
1409,-0.668049,0,0,0,0
0,0,0,0,1670,0.0
0,0,0,0,1671,0.0
0,0,0,0,1672,0.0
0,0,0,0,1673,0.0
0,0,0,0,1674,0.0
1410,1.560783,0,0,0,0
1411,1.268911,0,0,0,0
1412,0.697851,0,0,0,0
1413,-1.09334,0,0,0,0
1414,-1.406145,0,0,0,0
0,0,0,0,1675,0.0
0,0,0,0,1676,0.0
0,0,0,0,1677,0.0
0,0,0,0,1678,0.0
0,0,0,0,1679,0.0
1415,1.486635,0,0,0,0
1416,1.122236,0,0,0,0
1417,-0.567579,0,0,0,0
1418,-1.969433,0,0,0,0
1419,0.748634,0,0,0,0
0,0,0,0,1680,0.0
0,0,0,0,1681,0.0
0,0,0,0,1682,0.0
0,0,0,0,1683,0.0
0,0,0,0,1684,0.0
1420,1.459169,0,0,0,0
1421,0.952101,0,0,0,0
1422,-1.241684,0,0,0,0
1423,-0.490093,0,0,0,0
1424,1.446629,0,0,0,0
0,0,0,0,1685,0.0
0,0,0,0,1686,0.0
0,0,0,0,1687,0.0
0,0,0,0,1688,0.0
0,0,0,0,1689,0.0
1425,0.754118,0,0,0,0
1426,-0.951767,0,0,0,0
1427,-1.42684,0,0,0,0
1428,1.139688,0,0,0,0
1429,1.554632,0,0,0,0
0,0,0,0,1690,0.0
0,0,0,0,1691,0.0
0,0,0,0,1692,0.0
0,0,0,0,1693,0.0
0,0,0,0,1694,0.0
1430,0.268364,0,0,0,0
1431,-2.016592,0,0,0,0
1432,-0.481081,0,0,0,0
1433,1.585436,0,0,0,0
1434,1.420689,0,0,0,0
0,0,0,0,1695,0.0
0,0,0,0,1696,0.0
0,0,0,0,1697,0.0
0,0,0,0,1698,0.0
0,0,0,0,1699,0.0
1435,-1.344395,0,0,0,0
1436,-1.054668,0,0,0,0
1437,1.074648,0,0,0,0
1438,1.133728,0,0,0,0
1439,1.161528,0,0,0,0
0,0,0,0,1700,0.0
0,0,0,0,1701,0.0
0,0,0,0,1702,0.0
0,0,0,0,1703,0.0
0,0,0,0,1704,0.0
1440,-1.164532,0,0,0,0
1441,0.985336,0,0,0,0
1442,1.156664,0,0,0,0
1443,1.225519,0,0,0,0
1444,-0.381708,0,0,0,0
0,0,0,0,1705,0.0
0,0,0,0,1706,0.0
0,0,0,0,1707,0.0
0,0,0,0,1708,0.0
0,0,0,0,1709,0.0
1445,-0.08769,0,0,0,0
1446,1.380634,0,0,0,0
1447,0.746298,0,0,0,0
1448,0.859833,0,0,0,0
1449,-0.875807,0,0,0,0
0,0,0,0,1710,0.0
0,0,0,0,1711,0.0
0,0,0,0,1712,0.0
0,0,0,0,1713,0.0
0,0,0,0,1714,0.0
1450,1.182079,0,0,0,0
1451,1.291847,0,0,0,0
1452,1.066065,0,0,0,0
1453,-1.021767,0,0,0,0
1454,-1.401234,0,0,0,0
0,0,0,0,1715,0.0
0,0,0,0,1716,0.0
0,0,0,0,1717,0.0
0,0,0,0,1718,0.0
0,0,0,0,1719,0.0
0,0,212,343.221426,0,0
0,0,213,435.815255,0,0
0,0,214,512.947639,0,0
0,0,215,520.83234,0,0
0,0,0,0,1720,0.0
0,0,0,0,1721,0.0
0,0,0,0,1722,0.0
0,0,0,0,1723,0.0
0,0,0,0,1724,0.0
0,0,216,520.202518,0,0
0,0,217,520.289938,0,0
0,0,218,519.868731,0,0
0,0,219,519.805153,0,0
0,0,0,0,1725,0.0
0,0,0,0,1726,0.0
0,0,0,0,1727,0.0
0,0,0,0,1728,0.0
0,0,0,0,1729,0.0
0,0,220,519.805153,0,0
0,0,221,519.805153,0,0
0,0,222,519.805153,0,0
0,0,223,519.805153,0,0
0,0,0,0,1730,0.0
0,0,0,0,1731,0.0
0,0,0,0,1732,0.0
0,0,0,0,1733,0.0
0,0,0,0,1734,0.0
0,0,224,519.805153,0,0
0,0,225,519.805153,0,0
0,0,226,519.805153,0,0
0,0,227,519.805153,0,0
0,0,0,0,1735,0.0
0,0,0,0,1736,0.0
0,0,0,0,1737,0.0
0,0,0,0,1738,0.0
0,0,0,0,1739,0.0
0,0,228,519.805153,0,0
0,0,229,519.805153,0,0
0,0,230,519.805153,0,0
0,0,231,519.805153,0,0
0,0,0,0,1740,0.0
0,0,0,0,1741,0.0
0,0,0,0,1742,0.0
0,0,0,0,1743,0.0
0,0,0,0,1744,0.0
0,0,232,519.805153,0,0
0,0,233,519.805153,0,0
0,0,234,519.805153,0,0
0,0,235,519.805153,0,0
0,0,0,0,1745,0.0
0,0,0,0,1746,0.0
0,0,0,0,1747,0.0
0,0,0,0,1748,0.0
0,0,0,0,1749,0.0
0,0,236,519.805153,0,0
0,0,237,519.805153,0,0
0,0,238,519.805153,0,0
0,0,239,519.805153,0,0
0,0,0,0,1750,0.0
0,0,0,0,1751,0.0
0,0,0,0,1752,0.0
0,0,0,0,1753,0.0
0,0,0,0,1754,0.0
0,0,240,519.805153,0,0
0,0,241,519.805153,0,0
0,0,242,519.805153,0,0
0,0,243,519.805153,0,0
0,0,0,0,1755,0.0
0,0,0,0,1756,0.0
0,0,0,0,1757,0.0
0,0,0,0,1758,0.0
0,0,0,0,1759,0.0
0,0,244,519.805153,0,0
0,0,245,519.805153,0,0
0,0,246,519.805153,0,0
0,0,247,519.805153,0,0
0,0,0,0,1760,0.0
0,0,0,0,1761,0.0
0,0,0,0,1762,0.0
0,0,0,0,1763,0.0
0,0,0,0,1764,0.0
0,0,248,519.805153,0,0
0,0,249,519.805153,0,0
0,0,250,519.805153,0,0
0,0,251,519.805153,0,0
0,0,0,0,1765,0.0
0,0,0,0,1766,0.0
0,0,0,0,1767,0.0
0,0,0,0,1768,0.0
0,0,0,0,1769,0.0
0,0,252,519.805153,0,0
0,0,253,519.805153,0,0
0,0,254,519.805153,0,0
0,0,255,519.805153,0,0
0,0,0,0,1770,0.0
0,0,0,0,1771,0.0
0,0,0,0,1772,0.0
0,0,0,0,1773,0.0
0,0,0,0,1774,0.0
0,0,256,519.805153,0,0
0,0,257,519.805153,0,0
0,0,258,519.805153,0,0
0,0,259,519.805153,0,0
0,0,0,0,1775,0.0
0,0,0,0,1776,0.0
0,0,0,0,1777,0.0
0,0,0,0,1778,0.0
0,0,0,0,1779,0.0
0,0,260,519.805153,0,0
0,0,261,519.805153,0,0
0,0,262,519.805153,0,0
0,0,263,519.805153,0,0
0,0,0,0,1780,0.0
0,0,0,0,1781,0.0
0,0,0,0,1782,0.0
0,0,0,0,1783,0.0
0,0,0,0,1784,0.0
0,0,264,519.805153,0,0
0,0,265,519.805153,0,0
0,0,266,519.805153,0,0
0,0,267,519.805153,0,0
0,0,0,0,1785,0.0
0,0,0,0,1786,0.0
0,0,0,0,1787,0.0
0,0,0,0,1788,0.0
0,0,0,0,1789,0.0
0,0,268,519.805153,0,0
0,0,269,519.805153,0,0
0,0,270,519.805153,0,0
0,0,271,519.805153,0,0
0,0,0,0,1790,0.0
0,0,0,0,1791,0.0
0,0,0,0,1792,0.0
0,0,0,0,1793,0.0
0,0,0,0,1794,0.0
0,0,272,519.805153,0,0
0,0,273,519.805153,0,0
0,0,274,519.805153,0,0
0,0,275,519.805153,0,0
0,0,0,0,1795,0.0
0,0,0,0,1796,0.0
0,0,0,0,1797,0.0
0,0,0,0,1798,0.0
0,0,0,0,1799,0.0
0,0,276,519.805153,0,0
0,0,277,519.805153,0,0
0,0,278,519.805153,0,0
0,0,279,519.805153,0,0
0,0,0,0,1800,0.0
0,0,0,0,1801,0.0
0,0,0,0,1802,0.0
0,0,0,0,1803,0.0
0,0,0,0,1804,0.0
0,0,280,519.805153,0,0
0,0,281,519.805153,0,0
0,0,282,519.805153,0,0
0,0,283,519.805153,0,0
0,0,0,0,1805,0.0
0,0,0,0,1806,0.0
0,0,0,0,1807,0.0
0,0,0,0,1808,0.0
0,0,0,0,1809,0.0
0,0,284,519.805153,0,0
0,0,285,519.805153,0,0
0,0,286,519.805153,0,0
0,0,287,519.805153,0,0
0,0,0,0,1810,0.0
0,0,0,0,1811,0.0
0,0,0,0,1812,0.0
0,0,0,0,1813,0.0
0,0,0,0,1814,0.0
0,0,288,519.805153,0,0
0,0,289,519.805153,0,0
0,0,290,519.805153,0,0
0,0,291,519.805153,0,0
0,0,0,0,1815,0.0
0,0,0,0,1816,0.0
0,0,0,0,1817,0.0
0,0,0,0,1818,0.0
0,0,0,0,1819,0.0
0,0,292,519.805153,0,0
0,0,293,519.805153,0,0
0,0,294,519.805153,0,0
0,0,295,519.805153,0,0
0,0,0,0,1820,0.0
0,0,0,0,1821,0.0
0,0,0,0,1822,0.0
0,0,0,0,1823,0.0
0,0,0,0,1824,0.0
0,0,296,519.805153,0,0
0,0,297,519.805153,0,0
0,0,298,519.805153,0,0
0,0,299,519.805153,0,0
0,0,0,0,1825,0.0
0,0,0,0,1826,0.0
0,0,0,0,1827,0.0
0,0,0,0,1828,0.0
0,0,0,0,1829,0.0
0,0,300,519.805153,0,0
0,0,301,519.805153,0,0
0,0,302,519.805153,0,0
0,0,303,519.805153,0,0
0,0,0,0,1830,0.0
0,0,0,0,1831,0.0
0,0,0,0,1832,0.0
0,0,0,0,1833,0.0
0,0,0,0,1834,0.0
0,0,304,519.805153,0,0
0,0,305,519.805153,0,0
0,0,306,519.805153,0,0
0,0,307,519.805153,0,0
0,0,0,0,1835,0.0
0,0,0,0,1836,0.0
0,0,0,0,1837,0.0
0,0,0,0,1838,0.0
0,0,0,0,1839,0.0
0,0,308,519.805153,0,0
0,0,309,519.805153,0,0
0,0,310,519.805153,0,0
0,0,311,519.805153,0,0
0,0,0,0,1840,0.0
0,0,0,0,1841,0.0
0,0,0,0,1842,0.0
0,0,0,0,1843,0.0
0,0,0,0,1844,0.0
0,0,312,519.805153,0,0
0,0,313,519.805153,0,0
0,0,314,519.805153,0,0
0,0,315,519.805153,0,0
0,0,0,0,1845,0.0
0,0,0,0,1846,0.0
0,0,0,0,1847,0.0
0,0,0,0,1848,0.0
0,0,0,0,1849,0.0
0,0,316,519.805153,0,0
0,0,317,519.805153,0,0
0,0,318,519.805153,0,0
0,0,319,519.805153,0,0
0,0,0,0,1850,0.0
0,0,0,0,1851,0.0
0,0,0,0,1852,0.0
0,0,0,0,1853,0.0
0,0,0,0,1854,0.0
0,0,320,519.805153,0,0
0,0,321,519.805153,0,0
0,0,322,519.805153,0,0
0,0,323,519.805153,0,0
0,0,0,0,1855,0.0
0,0,0,0,1856,0.0
0,0,0,0,1857,0.0
0,0,0,0,1858,0.0
0,0,0,0,1859,0.0
0,0,324,519.805153,0,0
0,0,325,519.805153,0,0
0,0,326,519.805153,0,0
0,0,327,519.805153,0,0
0,0,0,0,1860,0.0
0,0,0,0,1861,0.0
0,0,0,0,1862,0.0
0,0,0,0,1863,0.0
0,0,0,0,1864,0.0
0,0,328,519.805153,0,0
0,0,329,519.805153,0,0
0,0,330,519.805153,0,0
0,0,331,519.805153,0,0
0,0,0,0,1865,0.0
0,0,0,0,1866,0.0
0,0,0,0,1867,0.0
0,0,0,0,1868,0.0
0,0,0,0,1869,0.0
0,0,332,519.805153,0,0
0,0,333,519.805153,0,0
0,0,334,519.805153,0,0
0,0,335,519.805153,0,0
0,0,0,0,1870,0.0
0,0,0,0,1871,0.0
0,0,0,0,1872,0.0
0,0,0,0,1873,0.0
0,0,0,0,1874,0.0
0,0,336,519.805153,0,0
0,0,337,519.805153,0,0
0,0,338,519.805153,0,0
0,0,339,519.805153,0,0
0,0,0,0,1875,0.0
0,0,0,0,1876,0.0
0,0,0,0,1877,0.0
0,0,0,0,1878,0.0
0,0,0,0,1879,0.0
0,0,340,519.805153,0,0
0,0,341,519.805153,0,0
0,0,342,519.805153,0,0
0,0,343,519.805153,0,0
0,0,0,0,1880,0.0
0,0,0,0,1881,0.0
0,0,0,0,1882,0.0
0,0,0,0,1883,0.0
0,0,0,0,1884,0.0
0,0,344,519.805153,0,0
0,0,345,519.805153,0,0
0,0,346,519.805153,0,0
0,0,347,519.805153,0,0
0,0,0,0,1885,0.0
0,0,0,0,1886,0.0
0,0,0,0,1887,0.0
0,0,0,0,1888,0.0
0,0,0,0,1889,0.0
0,0,348,519.805153,0,0
0,0,349,519.805153,0,0
0,0,350,519.805153,0,0
0,0,351,519.805153,0,0
0,0,0,0,1890,0.0
0,0,0,0,1891,0.0
0,0,0,0,1892,0.0
0,0,0,0,1893,0.0
0,0,0,0,1894,0.0
0,0,352,519.805153,0,0
0,0,353,519.805153,0,0
0,0,354,519.805153,0,0
0,0,355,519.805153,0,0
0,0,0,0,1895,0.0
0,0,0,0,1896,0.0
0,0,0,0,1897,0.0
0,0,0,0,1898,0.0
0,0,0,0,1899,0.0
0,0,356,519.805153,0,0
0,0,357,519.805153,0,0
0,0,358,519.805153,0,0
0,0,359,519.805153,0,0
0,0,0,0,1900,0.0
0,0,0,0,1901,0.0
0,0,0,0,1902,0.0
0,0,0,0,1903,0.0
0,0,0,0,1904,0.0
0,0,360,519.805153,0,0
0,0,361,519.805153,0,0
0,0,362,519.805153,0,0
0,0,363,519.805153,0,0
0,0,0,0,1905,0.0
0,0,0,0,1906,0.0
0,0,0,0,1907,0.0
0,0,0,0,1908,0.0
0,0,0,0,1909,0.0
0,0,364,519.805153,0,0
0,0,365,519.805153,0,0
0,0,366,519.805153,0,0
0,0,367,519.805153,0,0
0,0,0,0,1910,0.0
0,0,0,0,1911,0.0
0,0,0,0,1912,0.0
0,0,0,0,1913,0.0
0,0,0,0,1914,0.0
0,0,368,519.805153,0,0
0,0,369,519.805153,0,0
0,0,370,519.805153,0,0
0,0,371,519.805153,0,0
0,0,0,0,1915,0.0
0,0,0,0,1916,0.0
0,0,0,0,1917,0.0
0,0,0,0,1918,0.0
0,0,0,0,1919,0.0
0,0,372,519.805153,0,0
0,0,373,519.805153,0,0
0,0,374,519.805153,0,0
0,0,375,519.805153,0,0
0,0,0,0,1920,0.0
0,0,0,0,1921,0.0
0,0,0,0,1922,0.0
0,0,0,0,1923,0.0
0,0,0,0,1924,0.0
0,0,376,519.805153,0,0
0,0,377,519.805153,0,0
0,0,378,519.805153,0,0
0,0,379,519.805153,0,0
0,0,0,0,1925,0.0
0,0,0,0,1926,0.0
0,0,0,0,1927,0.0
0,0,0,0,1928,0.0
0,0,0,0,1929,0.0
0,0,380,519.805153,0,0
0,0,381,519.805153,0,0
0,0,382,519.805153,0,0
0,0,383,519.805153,0,0
0,0,0,0,1930,0.0
0,0,0,0,1931,0.0
0,0,0,0,1932,0.0
0,0,0,0,1933,0.0
0,0,0,0,1934,0.0
0,0,384,519.805153,0,0
0,0,385,519.805153,0,0
0,0,386,519.805153,0,0
0,0,387,519.805153,0,0
0,0,0,0,1935,0.0
0,0,0,0,1936,0.0
0,0,0,0,1937,0.0
0,0,0,0,1938,0.0
0,0,0,0,1939,0.0
0,0,388,519.805153,0,0
0,0,389,519.805153,0,0
0,0,390,519.805153,0,0
0,0,391,519.805153,0,0
0,0,0,0,1940,0.0
0,0,0,0,1941,0.0
0,0,0,0,1942,0.0
0,0,0,0,1943,0.0
0,0,0,0,1944,0.0
0,0,392,519.805153,0,0
0,0,393,519.805153,0,0
0,0,394,519.805153,0,0
0,0,395,519.805153,0,0
0,0,0,0,1945,0.0
0,0,0,0,1946,0.0
0,0,0,0,1947,0.0
0,0,0,0,1948,0.0
0,0,0,0,1949,0.0
0,0,396,519.805153,0,0
0,0,397,519.805153,0,0
0,0,398,519.805153,0,0
0,0,399,519.805153,0,0
0,0,0,0,1950,0.0
0,0,0,0,1951,0.0
0,0,0,0,1952,0.0
0,0,0,0,1953,0.0
0,0,0,0,1954,0.0
0,0,400,519.805153,0,0
0,0,401,519.805153,0,0
0,0,402,519.805153,0,0
0,0,403,519.805153,0,0
0,0,0,0,1955,0.0
0,0,0,0,1956,0.0
0,0,0,0,1957,0.0
0,0,0,0,1958,0.0
0,0,0,0,1959,0.0
0,0,404,519.805153,0,0
0,0,405,519.805153,0,0
0,0,406,519.805153,0,0
0,0,407,519.805153,0,0
0,0,0,0,1960,0.0
0,0,0,0,1961,0.0
0,0,0,0,1962,0.0
0,0,0,0,1963,0.0
0,0,0,0,1964,0.0
0,0,408,519.805153,0,0
0,0,409,519.805153,0,0
0,0,410,519.805153,0,0
0,0,411,519.805153,0,0
0,0,0,0,1965,0.0
0,0,0,0,1966,0.0
0,0,0,0,1967,0.0
0,0,0,0,1968,0.0
0,0,0,0,1969,0.0
0,0,412,519.805153,0,0
0,0,413,519.805153,0,0
0,0,414,519.805153,0,0
0,0,415,519.805153,0,0
