0,0,0,50.424536,0,0
0,0,1,50.589442,0,0
0,0,2,50.820907,0,0
0,0,3,51.091115,0,0
0,0,4,51.373243,0,0
0,0,5,51.663319,0,0
0,0,6,51.950415,0,0
0,0,7,52.238504,0,0
0,0,8,51.570932,0,0
0,0,9,51.533182,0,0
0,0,10,51.585833,0,0
0,0,11,51.696102,0,0
0,0,12,51.813324,0,0
0,0,13,51.882863,0,0
0,0,14,51.88485,0,0
0,0,15,51.817298,0,0
0,0,16,51.705043,0,0
0,0,17,51.595767,0,0
0,0,18,51.521262,0,0
0,0,19,51.501393,0,0
0,0,20,51.525235,0,0
0,0,21,51.567952,0,0
0,0,22,51.605701,0,0
0,0,23,51.600734,0,0
0,0.032282,0,0,0,0
1,0.04015,0,0,0,0
2,0.058842,0,0,0,0
3,0.07925,0,0,0,0
4,0.072527,0,0,0,0
5,0.026035,0,0,0,0
6,0.024891,0,0,0,0
7,0.023365,0,0,0,0
8,0.021076,0,0,0,0
9,0.022554,0,0,0,0
10,0.022507,0,0,0,0
11,0.063562,0,0,0,0
12,0.047398,0,0,0,0
13,0.009251,0,0,0,0
14,-0.006866,0,0,0,0
15,-0.055408,0,0,0,0
16,0.015926,0,0,0,0
17,0.138998,0,0,0,0
18,0.096035,0,0,0,0
19,-0.068092,0,0,0,0
20,-0.045395,0,0,0,0
21,0.041771,0,0,0,0
22,-0.008869,0,0,0,0
23,-0.059223,0,0,0,0
24,-0.092602,0,0,0,0
25,-0.043535,0,0,0,0
26,-0.054216,0,0,0,0
27,-0.024748,0,0,0,0
28,-0.014305,0,0,0,0
29,-0.012064,0,0,0,0
30,-0.075579,0,0,0,0
31,-0.080204,0,0,0,0
32,-0.078344,0,0,0,0
33,-0.067472,0,0,0,0
34,0.039434,0,0,0,0
35,-0.12641,0,0,0,0
36,-0.121593,0,0,0,0
37,-0.045156,0,0,0,0
38,0.006533,0,0,0,0
39,0.031137,0,0,0,0
40,0.019932,0,0,0,0
41,0.012016,0,0,0,0
42,-0.066185,0,0,0,0
43,-0.033236,0,0,0,0
44,0.011206,0,0,0,0
45,0.075912,0,0,0,0
46,0.073528,0,0,0,0
47,0.015354,0,0,0,0
48,-0.030136,0,0,0,0
49,0.038052,0,0,0,0
50,0.010014,0,0,0,0
51,0.026083,0,0,0,0
52,0.052452,0,0,0,0
53,0.051785,0,0,0,0
54,0.046635,0,0,0,0
55,0.049114,0,0,0,0
56,0.048447,0,0,0,0
57,0.046301,0,0,0,0
58,0.044346,0,0,0,0
59,0.012398,0,0,0,0
60,0.012922,0,0,0,0
61,0.010777,0,0,0,0
62,0.008011,0,0,0,0
63,0.001144,0,0,0,0
64,-0.026464,0,0,0,0
65,-0.019646,0,0,0,0
66,-0.017548,0,0,0,0
67,-0.016642,0,0,0,0
68,-0.014925,0,0,0,0
69,0.013638,0,0,0,0
70,0.016308,0,0,0,0
71,0.019693,0,0,0,0
72,0.017309,0,0,0,0
73,0.016785,0,0,0,0
74,0.018692,0,0,0,0
75,0.010443,0,0,0,0
76,0.009632,0,0,0,0
77,0.018501,0,0,0,0
78,0.011015,0,0,0,0
79,0.035048,0,0,0,0
80,0.039244,0,0,0,0
81,0.037193,0,0,0,0
82,0.029039,0,0,0,0
83,0.025082,0,0,0,0
84,0.033712,0,0,0,0
85,0.033998,0,0,0,0
86,0.029325,0,0,0,0
87,0.026798,0,0,0,0
88,0.026512,0,0,0,0
89,0.046778,0,0,0,0
90,0.035429,0,0,0,0
91,0.04344,0,0,0,0
92,0.067282,0,0,0,0
93,0.098038,0,0,0,0
94,-0.038528,0,0,0,0
95,0.035858,0,0,0,0
96,0.107574,0,0,0,0
97,0.070953,0,0,0,0
98,-0.011015,0,0,0,0
99,-0.033855,0,0,0,0
100,-0.053549,0,0,0,0
101,-0.022793,0,0,0,0
102,-0.040674,0,0,0,0
103,-0.044966,0,0,0,0
104,-0.034666,0,0,0,0
105,-0.028849,0,0,0,0
106,-0.031805,0,0,0,0
107,-0.037098,0,0,0,0
108,0.005436,0,0,0,0
109,-0.023651,0,0,0,0
110,0.007629,0,0,0,0
111,0.039625,0,0,0,0
112,0.012636,0,0,0,0
113,-0.021315,0,0,0,0
114,0.013447,0,0,0,0
115,0.012255,0,0,0,0
116,0.01092,0,0,0,0
117,0.007057,0,0,0,0
118,0.006104,0,0,0,0
119,0.014114,0,0,0,0
120,0.012636,0,0,0,0
121,0.008249,0,0,0,0
122,0.011158,0,0,0,0
123,0.014639,0,0,0,0
124,0.02141,0,0,0,0
125,0.021553,0,0,0,0
126,0.01874,0,0,0,0
127,0.02265,0,0,0,0
128,0.024843,0,0,0,0
129,0.039768,0,0,0,0
130,0.035286,0,0,0,0
131,0.03705,0,0,0,0
132,0.041485,0,0,0,0
133,0.040913,0,0,0,0
134,0.035715,0,0,0,0
135,0.03314,0,0,0,0
136,0.040627,0,0,0,0
137,0.041771,0,0,0,0
138,0.037527,0,0,0,0
139,0.03643,0,0,0,0
140,0.029802,0,0,0,0
141,0.041437,0,0,0,0
142,0.036764,0,0,0,0
143,0.028086,0,0,0,0
144,0.005817,0,0,0,0
145,-0.006104,0,0,0,0
146,0.013781,0,0,0,0
147,0.046396,0,0,0,0
148,0.009251,0,0,0,0
149,0.072336,0,0,0,0
150,0.036049,0,0,0,0
151,0.09532,0,0,0,0
152,0.083971,0,0,0,0
153,-0.046444,0,0,0,0
154,-0.03891,0,0,0,0
155,-0.023079,0,0,0,0
156,0.030279,0,0,0,0
157,-0.04878,0,0,0,0
158,-0.099087,0,0,0,0
159,-0.028563,0,0,0,0
160,-0.146961,0,0,0,0
161,-0.14286,0,0,0,0
162,-0.151682,0,0,0,0
163,-0.075722,0,0,0,0
164,-0.064802,0,0,0,0
165,-0.003386,0,0,0,0
166,0.088024,0,0,0,0
167,0.063419,0,0,0,0
168,-0.061131,0,0,0,0
169,0.08564,0,0,0,0
170,-0.058413,0,0,0,0
171,-0.12188,0,0,0,0
172,-0.119925,0,0,0,0
173,-0.034237,0,0,0,0
174,-0.034571,0,0,0,0
175,-0.006342,0,0,0,0
176,-0.01092,0,0,0,0
177,-0.039625,0,0,0,0
178,0.002527,0,0,0,0
179,0.02408,0,0,0,0
180,0.016499,0,0,0,0
181,0.029612,0,0,0,0
182,0.050926,0,0,0,0
183,0.040579,0,0,0,0
184,0.02265,0,0,0,0
185,0.029135,0,0,0,0
186,0.034714,0,0,0,0
187,0.023127,0,0,0,0
188,0.010633,0,0,0,0
189,0.013065,0,0,0,0
190,0.015116,0,0,0,0
191,0.013876,0,0,0,0
192,0.011539,0,0,0,0
193,0.009584,0,0,0,0
194,0.004768,0,0,0,0
195,0.001907,0,0,0,0
196,-0.004435,0,0,0,0
197,-0.00639,0,0,0,0
198,-0.002909,0,0,0,0
199,0.024796,0,0,0,0
200,0.024319,0,0,0,0
201,0.011301,0,0,0,0
202,0.006247,0,0,0,0
203,0.007772,0,0,0,0
204,0.019693,0,0,0,0
205,0.011158,0,0,0,0
206,0.006676,0,0,0,0
207,0.012398,0,0,0,0
208,0.008726,0,0,0,0
209,0.006199,0,0,0,0
210,0.017548,0,0,0,0
211,0.032854,0,0,0,0
212,0.04282,0,0,0,0
213,0.034094,0,0,0,0
214,0.019979,0,0,0,0
215,0.022554,0,0,0,0
216,0.031424,0,0,0,0
217,0.034046,0,0,0,0
218,0.026703,0,0,0,0
219,0.067377,0,0,0,0
220,0.01688,0,0,0,0
221,-0.067186,0,0,0,0
222,-0.022507,0,0,0,0
223,0.139475,0,0,0,0
224,0.042439,0,0,0,0
225,0.017834,0,0,0,0
226,-0.030184,0,0,0,0
227,-0.032377,0,0,0,0
228,0.072575,0,0,0,0
229,0.012493,0,0,0,0
230,0.129795,0,0,0,0
231,0.345516,0,0,0,0
232,0.187922,0,0,0,0
233,-0.148201,0,0,0,0
234,0.146055,0,0,0,0
235,-0.214243,0,0,0,0
236,-0.082016,0,0,0,0
237,0.061274,0,0,0,0
238,-0.21472,0,0,0,0
239,-0.14534,0,0,0,0
240,-0.200701,0,0,0,0
241,-0.018692,0,0,0,0
242,0.078917,0,0,0,0
243,0.013924,0,0,0,0
244,-0.064564,0,0,0,0
245,-0.066233,0,0,0,0
246,-0.05126,0,0,0,0
247,-0.076294,0,0,0,0
248,-0.01626,0,0,0,0
249,0.029755,0,0,0,0
250,0.095987,0,0,0,0
251,0.074291,0,0,0,0
252,0.003719,0,0,0,0
253,-0.019836,0,0,0,0
254,0.041819,0,0,0,0
255,0.043344,0,0,0,0
256,0.047827,0,0,0,0
257,0.045013,0,0,0,0
258,0.053215,0,0,0,0
259,0.028801,0,0,0,0
260,0.03109,0,0,0,0
261,0.031853,0,0,0,0
262,0.033855,0,0,0,0
263,0.032282,0,0,0,0
264,0.014687,0,0,0,0
265,0.013447,0,0,0,0
266,0.009966,0,0,0,0
267,0.011396,0,0,0,0
268,0.012159,0,0,0,0
269,0.01359,0,0,0,0
270,0.016069,0,0,0,0
271,0.016212,0,0,0,0
272,0.013828,0,0,0,0
273,0.012112,0,0,0,0
274,0.034666,0,0,0,0
275,0.034189,0,0,0,0
276,0.033808,0,0,0,0
277,0.033331,0,0,0,0
278,0.033522,0,0,0,0
279,0.05722,0,0,0,0
280,0.104952,0,0,0,0
281,0.126314,0,0,0,0
282,0.148869,0,0,0,0
283,0.181675,0,0,0,0
284,0.080109,0,0,0,0
285,-0.014162,0,0,0,0
286,-0.04344,0,0,0,0
287,-0.002766,0,0,0,0
288,0.009632,0,0,0,0
289,0.079393,0,0,0,0
290,0.040197,0,0,0,0
291,0.015259,0,0,0,0
292,-0.027275,0,0,0,0
293,-0.05579,0,0,0,0
294,-0.038815,0,0,0,0
295,-0.025654,0,0,0,0
296,-0.025463,0,0,0,0
297,-0.025368,0,0,0,0
298,0.024891,0,0,0,0
299,0.012207,0,0,0,0
300,0.021744,0,0,0,0
301,0.007629,0,0,0,0
302,0.001335,0,0,0,0
303,-0.039291,0,0,0,0
304,-0.051022,0,0,0,0
305,-0.039768,0,0,0,0
306,-9.5e-05,0,0,0,0
307,-0.051451,0,0,0,0
308,-0.057793,0,0,0,0
309,0.009727,0,0,0,0
310,0.081587,0,0,0,0
311,-0.045013,0,0,0,0
312,-0.139046,0,0,0,0
313,-0.063944,0,0,0,0
314,-0.035048,0,0,0,0
315,-0.018978,0,0,0,0
316,-0.043535,0,0,0,0
317,0.01893,0,0,0,0
318,0.130177,0,0,0,0
319,0.02017,0,0,0,0
320,0.011587,0,0,0,0
321,-0.007868,0,0,0,0
322,0.028944,0,0,0,0
323,0.002384,0,0,0,0
324,0.047207,0,0,0,0
325,0.04344,0,0,0,0
326,0.033426,0,0,0,0
327,0.034475,0,0,0,0
328,0.032473,0,0,0,0
329,0.005436,0,0,0,0
330,0.003004,0,0,0,0
331,0.005484,0,0,0,0
332,0.009918,0,0,0,0
333,0.01092,0,0,0,0
334,-0.000143,0,0,0,0
335,4.8e-05,0,0,0,0
336,0.005722,0,0,0,0
337,0.012541,0,0,0,0
338,0.00968,0,0,0,0
339,-0.005054,0,0,0,0
340,-0.012064,0,0,0,0
341,-0.024891,0,0,0,0
342,-0.030994,0,0,0,0
343,-0.020933,0,0,0,0
344,-0.013876,0,0,0,0
345,-0.015402,0,0,0,0
346,-0.019073,0,0,0,0
347,-0.015879,0,0,0,0
348,-0.014114,0,0,0,0
349,-0.020218,0,0,0,0
350,-0.025606,0,0,0,0
351,-0.023174,0,0,0,0
352,-0.019693,0,0,0,0
353,-0.01893,0,0,0,0
354,0.003242,0,0,0,0
355,0.001383,0,0,0,0
356,0.007105,0,0,0,0
357,0.005388,0,0,0,0
358,-0.001526,0,0,0,0
359,0.00329,0,0,0,0
360,0.003147,0,0,0,0
361,0.002861,0,0,0,0
362,0.000906,0,0,0,0
363,0.002384,0,0,0,0
364,0.045729,0,0,0,0
365,0.043488,0,0,0,0
366,0.042152,0,0,0,0
367,0.041199,0,0,0,0
368,0.030518,0,0,0,0
369,0.014782,0,0,0,0
370,0.016022,0,0,0,0
371,0.017023,0,0,0,0
372,0.000381,0,0,0,0
373,0.003767,0,0,0,0
374,0.001717,0,0,0,0
375,0.000811,0,0,0,0
376,0.001383,0,0,0,0
377,0.030184,0,0,0,0
378,0.022078,0,0,0,0
379,0.022459,0,0,0,0
380,-0.005102,0,0,0,0
381,0.001335,0,0,0,0
382,0.002575,0,0,0,0
383,0.009727,0,0,0,0
384,0.021935,0,0,0,0
385,-0.025082,0,0,0,0
386,0.029707,0,0,0,0
387,0.015974,0,0,0,0
388,0.085831,0,0,0,0
389,0.061607,0,0,0,0
390,0.014162,0,0,0,0
391,0.011969,0,0,0,0
392,0.011969,0,0,0,0
393,0.008202,0,0,0,0
394,0.006104,0,0,0,0
395,0.007629,0,0,0,0
396,0.013924,0,0,0,0
397,0.014782,0,0,0,0
398,0.01092,0,0,0,0
399,0.015545,0,0,0,0
400,-0.009871,0,0,0,0
401,-0.006819,0,0,0,0
402,-0.003719,0,0,0,0
403,-0.007296,0,0,0,0
404,-0.013065,0,0,0,0
405,0.06156,0,0,0,0
406,0.114155,0,0,0,0
407,0.067329,0,0,0,0
408,0.005007,0,0,0,0
409,0.032425,0,0,0,0
410,-0.024462,0,0,0,0
411,0.02079,0,0,0,0
412,0.028276,0,0,0,0
413,0.027037,0,0,0,0
414,0.034571,0,0,0,0
415,0.024843,0,0,0,0
416,0.012064,0,0,0,0
417,0.009823,0,0,0,0
418,0.013828,0,0,0,0
419,0.001335,0,0,0,0
420,0.004864,0,0,0,0
421,-0.000811,0,0,0,0
422,-0.006819,0,0,0,0
423,-0.011158,0,0,0,0
424,-0.010109,0,0,0,0
425,-0.028849,0,0,0,0
426,-0.028944,0,0,0,0
427,-0.031471,0,0,0,0
428,-0.036097,0,0,0,0
429,-0.036526,0,0,0,0
430,-0.039244,0,0,0,0
431,-0.036478,0,0,0,0
432,-0.037289,0,0,0,0
433,-0.035667,0,0,0,0
434,-0.037861,0,0,0,0
435,0.005484,0,0,0,0
436,0.00782,0,0,0,0
437,0.006914,0,0,0,0
438,0.000286,0,0,0,0
439,-0.001287,0,0,0,0
440,0.047731,0,0,0,0
441,0.043774,0,0,0,0
442,0.044823,0,0,0,0
443,0.036573,0,0,0,0
444,0.017405,0,0,0,0
445,0.049782,0,0,0,0
446,0.039482,0,0,0,0
447,0.013399,0,0,0,0
448,0.011158,0,0,0,0
449,0.044012,0,0,0,0
450,0.015211,0,0,0,0
451,0.024652,0,0,0,0
452,0.030565,0,0,0,0
453,0.026751,0,0,0,0
454,0.037146,0,0,0,0
455,0.019169,0,0,0,0
456,0.01874,0,0,0,0
457,0.029755,0,0,0,0
458,0.022507,0,0,0,0
459,0.026894,0,0,0,0
460,0.006771,0,0,0,0
461,0.005102,0,0,0,0
462,0.008821,0,0,0,0
463,0.008059,0,0,0,0
464,0.006914,0,0,0,0
465,-0.048828,0,0,0,0
466,0.052023,0,0,0,0
467,0.115538,0,0,0,0
468,0.086594,0,0,0,0
469,0.03314,0,0,0,0
470,0.08316,0,0,0,0
471,0.011396,0,0,0,0
472,0.041771,0,0,0,0
473,0.089598,0,0,0,0
474,0.104666,0,0,0,0
475,0.0,0,0,0,0
476,-0.003338,0,0,0,0
477,-0.011826,0,0,0,0
478,-0.008154,0,0,0,0
479,-0.005579,0,0,0,0
480,0.015593,0,0,0,0
481,0.008488,0,0,0,0
482,0.010061,0,0,0,0
483,0.012255,0,0,0,0
484,0.013828,0,0,0,0
485,0.008774,0,0,0,0
486,0.006342,0,0,0,0
487,0.006294,0,0,0,0
488,0.004673,0,0,0,0
489,0.002766,0,0,0,0
490,-0.011015,0,0,0,0
491,-0.007296,0,0,0,0
492,-0.00639,0,0,0,0
493,-0.005484,0,0,0,0
494,-0.009155,0,0,0,0
495,0.002909,0,0,0,0
496,0.003576,0,0,0,0
497,0.016403,0,0,0,0
498,0.031948,0,0,0,0
499,0.028133,0,0,0,0
500,0.028849,0,0,0,0
501,0.030231,0,0,0,0
502,0.027037,0,0,0,0
503,0.028372,0,0,0,0
504,0.006056,0,0,0,0
505,0.06156,0,0,0,0
506,0.015068,0,0,0,0
507,0.02141,0,0,0,0
508,0.026417,0,0,0,0
509,0.02346,0,0,0,0
510,0.053358,0,0,0,0
511,0.006247,0,0,0,0
512,-0.034714,0,0,0,0
513,0.021267,0,0,0,0
514,0.024033,0,0,0,0
515,0.011206,0,0,0,0
516,0.010204,0,0,0,0
517,0.033998,0,0,0,0
518,0.038147,0,0,0,0
519,0.015306,0,0,0,0
520,-0.003624,0,0,0,0
521,-0.002003,0,0,0,0
522,0.008154,0,0,0,0
523,0.005245,0,0,0,0
524,-0.001717,0,0,0,0
525,0.035524,0,0,0,0
526,0.018215,0,0,0,0
527,-0.02861,0,0,0,0
528,-0.028706,0,0,0,0
529,-0.011063,0,0,0,0
530,0.063944,0,0,0,0
531,0.040674,0,0,0,0
532,0.030804,0,0,0,0
533,0.052309,0,0,0,0
534,0.010681,0,0,0,0
535,-0.051737,0,0,0,0
536,0.020075,0,0,0,0
537,0.018167,0,0,0,0
538,-0.016737,0,0,0,0
539,0.06299,0,0,0,0
540,-0.068617,0,0,0,0
541,-0.037956,0,0,0,0
542,0.043201,0,0,0,0
543,-0.010824,0,0,0,0
544,-0.020599,0,0,0,0
545,0.024319,0,0,0,0
546,0.019598,0,0,0,0
547,0.022411,0,0,0,0
548,0.0072,0,0,0,0
549,0.005102,0,0,0,0
550,-0.018358,0,0,0,0
551,-0.014973,0,0,0,0
552,-0.016117,0,0,0,0
553,-0.01092,0,0,0,0
554,-0.001335,0,0,0,0
555,0.001478,0,0,0,0
556,-0.005674,0,0,0,0
557,-0.006962,0,0,0,0
558,-0.005817,0,0,0,0
559,-0.005102,0,0,0,0
560,0.000143,0,0,0,0
561,0.003242,0,0,0,0
562,0.006533,0,0,0,0
563,0.007343,0,0,0,0
564,0.01092,0,0,0,0
565,0.012255,0,0,0,0
566,0.025892,0,0,0,0
567,0.040102,0,0,0,0
568,0.051308,0,0,0,0
569,0.09985,0,0,0,0
570,0.050259,0,0,0,0
571,0.054169,0,0,0,0
572,0.043392,0,0,0,0
573,0.039673,0,0,0,0
574,0.065088,0,0,0,0
575,0.081158,0,0,0,0
576,0.051022,0,0,0,0
577,-0.008535,0,0,0,0
578,0.018215,0,0,0,0
579,0.050116,0,0,0,0
580,0.044203,0,0,0,0
581,0.025511,0,0,0,0
582,0.004816,0,0,0,0
583,0.02408,0,0,0,0
584,0.057697,0,0,0,0
585,0.023651,0,0,0,0
586,0.028133,0,0,0,0
587,0.010204,0,0,0,0
588,0.00453,0,0,0,0
589,0.01502,0,0,0,0
590,-0.009584,0,0,0,0
591,0.010681,0,0,0,0
592,0.037146,0,0,0,0
593,-0.006008,0,0,0,0
594,-0.036097,0,0,0,0
595,-0.03624,0,0,0,0
596,-0.057411,0,0,0,0
597,-0.005865,0,0,0,0
598,-0.013494,0,0,0,0
599,-0.044823,0,0,0,0
0,0,24,27.598937,0,0
0,0,25,38.046638,0,0
0,0,26,46.466788,0,0
0,0,27,51.926573,0,0
0,0,28,54.414074,0,0
0,0,29,54.176648,0,0
0,0,30,52.258372,0,0
0,0,31,50.782164,0,0
0,0,32,50.582488,0,0
0,0,33,50.704678,0,0
0,0,34,50.625205,0,0
0,0,35,50.536791,0,0
0,0,36,50.519904,0,0
0,0,37,50.545732,0,0
0,0,38,50.614278,0,0
0,0,39,50.719579,0,0
0,0,40,50.85965,0,0
0,0,41,51.018596,0,0
0,0,42,51.181515,0,0
0,0,43,51.335494,0,0
0,0,44,51.481525,0,0
0,0,45,51.620603,0,0
0,0,46,51.764647,0,0
0,0,47,51.906705,0,0
0,0,48,52.040815,0,0
0,0,49,52.155058,0,0
0,0,50,52.236517,0,0
0,0,51,52.277247,0,0
0,0,52,52.273273,0,0
0,0,53,52.223603,0,0
0,0,54,52.135189,0,0
0,0,55,52.020947,0,0
0,0,56,51.891804,0,0
0,0,57,51.757693,0,0
0,0,58,51.623583,0,0
0,0,59,51.484505,0,0
0,0,60,51.345428,0,0
0,0,61,51.212311,0,0
0,0,62,51.091115,0,0
0,0,63,50.9878,0,0
0,0,64,50.901373,0,0
0,0,65,50.837795,0,0
0,0,66,50.800045,0,0
0,0,67,50.785144,0,0
0,0,68,50.791105,0,0
0,0,69,50.807993,0,0
0,0,70,50.825874,0,0
0,0,71,50.835808,0,0
0,0,72,50.834815,0,0
0,0,73,50.834815,0,0
0,0,74,50.838788,0,0
0,0,75,50.861637,0,0
0,0,76,50.905347,0,0
0,0,77,50.985813,0,0
0,0,78,51.098069,0,0
0,0,79,51.240126,0,0
0,0,80,51.381191,0,0
0,0,81,51.508347,0,0
0,0,82,51.583846,0,0
0,0,83,51.595767,0,0
0,0,84,51.534176,0,0
0,0,85,51.41596,0,0
0,0,86,51.249067,0,0
0,0,87,51.065286,0,0
0,0,88,50.880512,0,0
0,0,89,50.727526,0,0
0,0,90,50.612291,0,0
0,0,91,50.543745,0,0
0,0,92,50.517917,0,0
0,0,93,50.529838,0,0
0,0,94,50.580502,0,0
0,0,95,50.668915,0,0
0,0,96,50.788124,0,0
0,0,97,50.932169,0,0
0,0,98,51.091115,0,0
0,0,99,51.248074,0,0
0,0,100,51.401059,0,0
0,0,101,51.553051,0,0
0,0,102,51.711996,0,0
0,0,103,51.866968,0,0
0,0,104,52.008033,0,0
0,0,105,52.124262,0,0
0,0,106,52.211682,0,0
0,0,107,52.259366,0,0
0,0,108,52.26632,0,0
0,0,109,52.227577,0,0
0,0,110,52.151084,0,0
0,0,111,52.044789,0,0
0,0,112,51.921606,0,0
0,0,113,51.793456,0,0
0,0,114,51.656365,0,0
0,0,115,51.519275,0,0
0,0,116,51.382184,0,0
0,0,117,51.255027,0,0
0,0,118,51.139792,0,0
0,0,119,51.039457,0,0
0,0,120,50.951044,0,0
0,0,121,50.880512,0,0
0,0,122,50.827861,0,0
0,0,123,50.792098,0,0
0,0,124,50.771236,0,0
0,0,125,50.752362,0,0
0,0,126,50.736467,0,0
0,0,127,50.721566,0,0
0,0,128,50.704678,0,0
0,0,129,50.692757,0,0
0,0,130,50.698717,0,0
0,0,131,50.727526,0,0
0,0,132,50.791105,0,0
0,0,133,50.889452,0,0
0,0,134,51.018596,0,0
0,0,135,51.175555,0,0
0,0,136,51.333507,0,0
0,0,137,51.467617,0,0
0,0,138,51.557024,0,0
0,0,139,51.586827,0,0
0,0,140,51.545103,0,0
0,0,141,51.436822,0,0
0,0,142,51.279863,0,0
0,0,143,51.099062,0,0
0,0,144,50.914288,0,0
0,0,145,50.748388,0,0
0,0,146,50.616264,0,0
0,0,147,50.532818,0,0
0,0,148,50.484141,0,0
0,0,149,50.479174,0,0
0,0,150,50.509969,0,0
0,0,151,50.575535,0,0
0,0,152,50.670902,0,0
0,0,153,50.786138,0,0
0,0,154,50.915281,0,0
0,0,155,51.054358,0,0
0,0,156,51.189462,0,0
0,0,157,51.319599,0,0
0,0,158,51.449736,0,0
0,0,159,51.571925,0,0
0,0,160,51.680207,0,0
0,0,161,51.777562,0,0
0,0,162,51.857034,0,0
0,0,163,51.923593,0,0
0,0,164,51.965316,0,0
0,0,165,51.983198,0,0
0,0,166,51.971277,0,0
0,0,167,51.929553,0,0
0,0,168,51.862001,0,0
0,0,169,51.773588,0,0
0,0,170,51.673253,0,0
0,0,171,51.563978,0,0
0,0,172,51.454703,0,0
0,0,173,51.353375,0,0
0,0,174,51.283836,0,0
0,0,175,51.240126,0,0
0,0,176,51.221251,0,0
0,0,177,51.222245,0,0
0,0,178,51.231186,0,0
0,0,179,51.231186,0,0
0,0,180,51.221251,0,0
0,0,181,51.191449,0,0
0,0,182,51.143765,0,0
0,0,183,51.084161,0,0
0,0,184,51.022569,0,0
0,0,185,50.965945,0,0
0,0,186,50.922235,0,0
0,0,187,50.895413,0,0
0,0,188,50.882498,0,0
0,0,189,50.895413,0,0
0,0,190,50.929189,0,0
0,0,191,50.99078,0,0
0,0,192,51.082174,0,0
0,0,193,51.191449,0,0
0,0,194,51.298738,0,0
0,0,195,51.387151,0,0
0,0,196,51.432848,0,0
0,0,197,51.42192,0,0
0,0,198,51.349401,0,0
0,0,199,51.225225,0,0
0,0,200,51.070253,0,0
0,0,201,50.907334,0,0
0,0,202,50.753355,0,0
0,0,203,50.624212,0,0
0,0,204,50.532818,0,0
0,0,205,50.462286,0,0
0,0,206,50.409635,0,0
0,0,207,50.372879,0,0
0,0,208,50.354004,0,0
0,0,209,50.359964,0,0
0,0,210,50.394734,0,0
0,0,211,50.468246,0,0
0,0,212,50.568581,0,0
0,0,213,50.705671,0,0
0,0,214,50.867597,0,0
0,0,215,51.050385,0,0
0,0,216,51.242113,0,0
0,0,217,51.422914,0,0
0,0,218,51.582853,0,0
0,0,219,51.71299,0,0
0,0,220,51.820278,0,0
0,0,221,51.910679,0,0
0,0,222,51.991145,0,0
0,0,223,52.069624,0,0
0,0,224,52.142143,0,0
0,0,225,52.193801,0,0
0,0,226,52.202741,0,0
0,0,227,52.140156,0,0
0,0,228,52.012006,0,0
0,0,229,51.84114,0,0
0,0,230,51.657359,0,0
0,0,231,51.490466,0,0
0,0,232,51.370263,0,0
0,0,233,51.313639,0,0
0,0,234,51.306685,0,0
0,0,235,51.333507,0,0
0,0,236,51.373243,0,0
0,0,237,51.399072,0,0
0,0,238,51.400065,0,0
0,0,239,51.37523,0,0
0,0,240,51.342448,0,0
0,0,241,51.303705,0,0
0,0,242,51.256021,0,0
0,0,243,51.214298,0,0
600,0.050449,0,0,0,0
601,0.066471,0,0,0,0
602,0.032568,0,0,0,0
603,0.026608,0,0,0,0
604,0.028276,0,0,0,0
605,0.008059,0,0,0,0
606,0.024271,0,0,0,0
607,-0.000429,0,0,0,0
608,-0.018692,0,0,0,0
609,-0.059938,0,0,0,0
610,0.065327,0,0,0,0
611,0.061607,0,0,0,0
612,0.061083,0,0,0,0
613,0.08769,0,0,0,0
614,0.088358,0,0,0,0
615,0.098801,0,0,0,0
616,0.112724,0,0,0,0
617,0.103664,0,0,0,0
618,0.066853,0,0,0,0
619,0.085115,0,0,0,0
620,0.178385,0,0,0,0
621,0.03686,0,0,0,0
622,0.016975,0,0,0,0
623,0.180817,0,0,0,0
624,0.325298,0,0,0,0
625,0.017738,0,0,0,0
626,0.095129,0,0,0,0
627,0.083017,0,0,0,0
628,0.00391,0,0,0,0
629,0.179815,0,0,0,0
630,0.190163,0,0,0,0
631,0.570774,0,0,0,0
632,0.306177,0,0,0,0
633,-0.339603,0,0,0,0
634,0.473738,0,0,0,0
635,0.377083,0,0,0,0
636,-0.112581,0,0,0,0
637,-0.18158,0,0,0,0
638,0.029087,0,0,0,0
639,-0.234222,0,0,0,0
640,-0.03314,0,0,0,0
641,-0.120974,0,0,0,0
642,0.237465,0,0,0,0
643,0.038004,0,0,0,0
644,-0.11735,0,0,0,0
645,-0.05064,0,0,0,0
646,0.313044,0,0,0,0
647,0.003672,0,0,0,0
648,-0.492191,0,0,0,0
649,-0.176048,0,0,0,0
650,-0.158644,0,0,0,0
651,-0.020552,0,0,0,0
652,-0.009537,0,0,0,0
653,0.02017,0,0,0,0
654,0.043726,0,0,0,0
655,-0.007486,0,0,0,0
656,0.006819,0,0,0,0
657,-0.004196,0,0,0,0
658,-0.016117,0,0,0,0
659,-0.013542,0,0,0,0
660,0.008154,0,0,0,0
661,0.011635,0,0,0,0
662,0.022936,0,0,0,0
663,0.041199,0,0,0,0
664,0.047207,0,0,0,0
665,0.033808,0,0,0,0
666,0.032091,0,0,0,0
667,0.045013,0,0,0,0
668,0.071716,0,0,0,0
669,0.053215,0,0,0,0
670,0.072193,0,0,0,0
671,0.106096,0,0,0,0
672,0.12269,0,0,0,0
673,0.099945,0,0,0,0
674,0.071192,0,0,0,0
675,0.094509,0,0,0,0
676,0.121546,0,0,0,0
677,0.135612,0,0,0,0
678,0.123549,0,0,0,0
679,0.137329,0,0,0,0
680,0.267076,0,0,0,0
681,0.347471,0,0,0,0
682,0.011396,0,0,0,0
683,-0.0072,0,0,0,0
684,-0.069284,0,0,0,0
685,-0.31743,0,0,0,0
686,0.166845,0,0,0,0
687,0.331545,0,0,0,0
688,0.351429,0,0,0,0
689,-0.090122,0,0,0,0
690,0.018692,0,0,0,0
691,-0.3335,0,0,0,0
692,0.459194,0,0,0,0
693,0.166416,0,0,0,0
694,-0.440502,0,0,0,0
695,0.126266,0,0,0,0
696,0.120831,0,0,0,0
697,0.208712,0,0,0,0
698,0.077868,0,0,0,0
699,-0.329542,0,0,0,0
700,-0.209188,0,0,0,0
701,-0.362015,0,0,0,0
702,-0.339794,0,0,0,0
703,-0.083876,0,0,0,0
704,-0.049496,0,0,0,0
705,-0.019598,0,0,0,0
706,-0.030613,0,0,0,0
707,0.008059,0,0,0,0
708,0.020838,0,0,0,0
709,0.014114,0,0,0,0
710,0.001621,0,0,0,0
711,-0.011349,0,0,0,0
712,-0.01483,0,0,0,0
713,-0.026703,0,0,0,0
714,-0.024176,0,0,0,0
715,-0.009918,0,0,0,0
716,-0.014114,0,0,0,0
717,-0.001907,0,0,0,0
718,0.009584,0,0,0,0
719,0.009727,0,0,0,0
720,-0.007582,0,0,0,0
721,-0.001907,0,0,0,0
722,0.008059,0,0,0,0
723,0.023699,0,0,0,0
724,0.020075,0,0,0,0
725,0.034523,0,0,0,0
726,0.067568,0,0,0,0
727,0.051308,0,0,0,0
728,0.046301,0,0,0,0
729,0.047493,0,0,0,0
730,0.110197,0,0,0,0
731,0.058746,0,0,0,0
732,0.155449,0,0,0,0
733,0.218105,0,0,0,0
734,0.053453,0,0,0,0
735,0.113726,0,0,0,0
736,-0.013065,0,0,0,0
737,0.05908,0,0,0,0
738,0.051117,0,0,0,0
739,0.185394,0,0,0,0
740,0.231028,0,0,0,0
741,-0.135851,0,0,0,0
742,-0.09551,0,0,0,0
743,-0.112915,0,0,0,0
744,-0.09408,0,0,0,0
745,-0.128222,0,0,0,0
746,0.194407,0,0,0,0
747,-0.153542,0,0,0,0
748,-0.130033,0,0,0,0
749,0.171041,0,0,0,0
750,-0.082541,0,0,0,0
751,-0.112534,0,0,0,0
752,-0.007725,0,0,0,0
753,-0.062847,0,0,0,0
754,0.075626,0,0,0,0
755,0.029659,0,0,0,0
756,0.041771,0,0,0,0
757,0.035763,0,0,0,0
758,0.035763,0,0,0,0
759,0.017118,0,0,0,0
760,-0.021935,0,0,0,0
761,-0.025463,0,0,0,0
762,-0.013161,0,0,0,0
763,-0.001431,0,0,0,0
764,-0.008869,0,0,0,0
765,0.018024,0,0,0,0
766,0.01626,0,0,0,0
767,0.022554,0,0,0,0
768,0.024986,0,0,0,0
769,0.01049,0,0,0,0
770,0.041437,0,0,0,0
771,0.054932,0,0,0,0
772,0.055647,0,0,0,0
773,0.089169,0,0,0,0
774,0.10252,0,0,0,0
775,0.097132,0,0,0,0
776,0.114441,0,0,0,0
777,0.128365,0,0,0,0
778,0.148916,0,0,0,0
779,0.1369,0,0,0,0
780,0.045061,0,0,0,0
781,0.163746,0,0,0,0
782,0.239229,0,0,0,0
783,0.248671,0,0,0,0
784,0.233078,0,0,0,0
785,0.222683,0,0,0,0
786,0.415277,0,0,0,0
787,0.063658,0,0,0,0
788,-0.186491,0,0,0,0
789,0.083685,0,0,0,0
790,0.191069,0,0,0,0
791,0.07019,0,0,0,0
792,-0.426388,0,0,0,0
793,0.164175,0,0,0,0
794,0.207138,0,0,0,0
795,0.19722,0,0,0,0
796,0.226307,0,0,0,0
797,0.098658,0,0,0,0
798,0.014353,0,0,0,0
799,0.366354,0,0,0,0
800,-0.141048,0,0,0,0
801,-0.137758,0,0,0,0
802,-0.141954,0,0,0,0
803,-0.272751,0,0,0,0
804,-0.034904,0,0,0,0
805,-0.015163,0,0,0,0
806,-0.053167,0,0,0,0
807,-0.019217,0,0,0,0
808,-0.007439,0,0,0,0
809,-0.037813,0,0,0,0
810,-0.078106,0,0,0,0
811,-0.072527,0,0,0,0
812,-0.048923,0,0,0,0
813,-0.050211,0,0,0,0
814,-0.05784,0,0,0,0
815,-0.063562,0,0,0,0
816,-0.054693,0,0,0,0
817,-0.058699,0,0,0,0
818,-0.055504,0,0,0,0
819,-0.05455,0,0,0,0
820,0.039196,0,0,0,0
821,0.040102,0,0,0,0
822,0.035667,0,0,0,0
823,0.020313,0,0,0,0
824,0.001764,0,0,0,0
825,0.097609,0,0,0,0
826,0.047255,0,0,0,0
827,0.05722,0,0,0,0
828,0.044441,0,0,0,0
829,0.050735,0,0,0,0
830,0.295925,0,0,0,0
831,0.280142,0,0,0,0
832,0.125313,0,0,0,0
833,0.018358,0,0,0,0
834,-0.041389,0,0,0,0
835,0.030708,0,0,0,0
836,0.036526,0,0,0,0
837,0.099707,0,0,0,0
838,0.236845,0,0,0,0
839,0.051928,0,0,0,0
840,0.546026,0,0,0,0
841,-0.275183,0,0,0,0
842,-0.457478,0,0,0,0
843,0.099611,0,0,0,0
844,0.197077,0,0,0,0
845,-0.433826,0,0,0,0
846,0.198412,0,0,0,0
847,0.351191,0,0,0,0
848,-0.08378,0,0,0,0
849,-0.025749,0,0,0,0
850,-0.247192,0,0,0,0
851,-0.249672,0,0,0,0
852,-0.266123,0,0,0,0
853,-0.118113,0,0,0,0
854,0.13876,0,0,0,0
855,0.013494,0,0,0,0
856,0.03252,0,0,0,0
857,0.054932,0,0,0,0
858,0.084114,0,0,0,0
859,0.109673,0,0,0,0
860,-0.001907,0,0,0,0
861,0.01297,0,0,0,0
862,0.003099,0,0,0,0
863,0.008297,0,0,0,0
864,0.000906,0,0,0,0
865,0.020599,0,0,0,0
866,0.033236,0,0,0,0
867,0.064325,0,0,0,0
868,0.086498,0,0,0,0
869,0.125647,0,0,0,0
870,0.026226,0,0,0,0
871,-0.003719,0,0,0,0
872,0.021982,0,0,0,0
873,0.062847,0,0,0,0
874,0.035143,0,0,0,0
875,0.116634,0,0,0,0
876,0.153732,0,0,0,0
877,0.144243,0,0,0,0
878,0.087404,0,0,0,0
879,0.091743,0,0,0,0
880,0.088835,0,0,0,0
881,0.044823,0,0,0,0
882,0.028563,0,0,0,0
883,0.016022,0,0,0,0
884,0.147009,0,0,0,0
885,-0.034285,0,0,0,0
886,0.614929,0,0,0,0
887,-0.183725,0,0,0,0
888,-0.335407,0,0,0,0
889,-0.094748,0,0,0,0
890,0.394535,0,0,0,0
891,0.259447,0,0,0,0
892,-0.155544,0,0,0,0
893,-0.607729,0,0,0,0
894,-0.297451,0,0,0,0
895,-0.086927,0,0,0,0
896,-0.062847,0,0,0,0
897,-0.402117,0,0,0,0
898,-0.338221,0,0,0,0
899,0.140572,0,0,0,0
900,0.009346,0,0,0,0
901,-0.023699,0,0,0,0
902,-0.138092,0,0,0,0
903,-0.179529,0,0,0,0
904,-0.096226,0,0,0,0
905,-0.0422,0,0,0,0
906,-0.029612,0,0,0,0
907,-0.029516,0,0,0,0
908,-0.031424,0,0,0,0
909,-0.034666,0,0,0,0
910,-0.019503,0,0,0,0
911,-0.024128,0,0,0,0
912,-0.046968,0,0,0,0
913,-0.064754,0,0,0,0
914,-0.052357,0,0,0,0
915,0.007248,0,0,0,0
916,0.012064,0,0,0,0
917,0.041723,0,0,0,0
918,0.039721,0,0,0,0
919,0.037575,0,0,0,0
920,0.123882,0,0,0,0
921,0.108719,0,0,0,0
922,0.091839,0,0,0,0
923,0.058699,0,0,0,0
924,0.05517,0,0,0,0
925,0.05188,0,0,0,0
926,0.019121,0,0,0,0
927,0.017881,0,0,0,0
928,0.042582,0,0,0,0
929,0.101471,0,0,0,0
930,-0.168228,0,0,0,0
931,-0.120211,0,0,0,0
932,-0.18816,0,0,0,0
933,-0.03109,0,0,0,0
934,0.370979,0,0,0,0
935,-0.571632,0,0,0,0
936,0.106478,0,0,0,0
937,0.297594,0,0,0,0
938,0.260639,0,0,0,0
939,-0.036716,0,0,0,0
940,0.228691,0,0,0,0
941,-0.376987,0,0,0,0
942,-0.288486,0,0,0,0
943,-0.201654,0,0,0,0
944,-0.011635,0,0,0,0
945,-0.295258,0,0,0,0
946,-0.184298,0,0,0,0
947,-0.253677,0,0,0,0
948,-0.174332,0,0,0,0
949,-0.164223,0,0,0,0
950,-0.087786,0,0,0,0
951,-0.071239,0,0,0,0
952,-0.039864,0,0,0,0
953,-0.011015,0,0,0,0
954,-0.012827,0,0,0,0
955,-0.026751,0,0,0,0
956,0.016212,0,0,0,0
957,0.032997,0,0,0,0
958,0.000334,0,0,0,0
959,-0.034571,0,0,0,0
960,0.038671,0,0,0,0
961,0.030518,0,0,0,0
962,0.007105,0,0,0,0
963,-0.011396,0,0,0,0
964,0.014734,0,0,0,0
965,0.061464,0,0,0,0
966,0.036478,0,0,0,0
967,0.0494,0,0,0,0
968,0.068426,0,0,0,0
969,0.091124,0,0,0,0
970,0.129747,0,0,0,0
971,0.11363,0,0,0,0
972,0.045013,0,0,0,0
973,0.039196,0,0,0,0
974,0.068426,0,0,0,0
975,0.227165,0,0,0,0
976,0.204372,0,0,0,0
977,0.182772,0,0,0,0
978,0.099182,0,0,0,0
979,-0.007868,0,0,0,0
980,-0.02861,0,0,0,0
981,-0.001574,0,0,0,0
982,0.255108,0,0,0,0
983,0.21162,0,0,0,0
984,0.035334,0,0,0,0
985,-0.112724,0,0,0,0
986,0.327492,0,0,0,0
987,0.529385,0,0,0,0
988,0.51651,0,0,0,0
989,-0.465822,0,0,0,0
990,0.407791,0,0,0,0
991,0.125408,0,0,0,0
992,0.139523,0,0,0,0
993,-0.034714,0,0,0,0
994,0.153828,0,0,0,0
995,-0.250721,0,0,0,0
996,-0.00391,0,0,0,0
997,-0.185394,0,0,0,0
998,-0.273943,0,0,0,0
999,-0.222921,0,0,0,0
1000,-0.094557,0,0,0,0
1001,-0.077343,0,0,0,0
1002,-0.061083,0,0,0,0
1003,-0.071144,0,0,0,0
1004,-0.068855,0,0,0,0
1005,-0.016737,0,0,0,0
1006,-0.042439,0,0,0,0
1007,-0.044918,0,0,0,0
1008,-0.029278,0,0,0,0
1009,-0.016546,0,0,0,0
1010,-0.011921,0,0,0,0
1011,0.002384,0,0,0,0
1012,0.028372,0,0,0,0
1013,0.044298,0,0,0,0
1014,0.057459,0,0,0,0
1015,0.011492,0,0,0,0
1016,0.033569,0,0,0,0
1017,0.072336,0,0,0,0
1018,0.092554,0,0,0,0
1019,0.061369,0,0,0,0
1020,0.112915,0,0,0,0
1021,0.089788,0,0,0,0
1022,0.111437,0,0,0,0
1023,0.031185,0,0,0,0
1024,-0.020504,0,0,0,0
1025,-0.12598,0,0,0,0
1026,-0.027132,0,0,0,0
1027,0.257301,0,0,0,0
1028,0.069141,0,0,0,0
1029,-0.169849,0,0,0,0
1030,0.075912,0,0,0,0
1031,0.047159,0,0,0,0
1032,0.073195,0,0,0,0
1033,-0.008965,0,0,0,0
1034,0.160503,0,0,0,0
1035,0.123692,0,0,0,0
1036,0.091171,0,0,0,0
1037,-0.039244,0,0,0,0
1038,-0.012064,0,0,0,0
1039,-0.039816,0,0,0,0
1040,-0.141668,0,0,0,0
1041,-0.176954,0,0,0,0
1042,-0.34647,0,0,0,0
1043,-0.425434,0,0,0,0
1044,-0.193501,0,0,0,0
1045,-0.114489,0,0,0,0
1046,-0.06671,0,0,0,0
1047,-0.257015,0,0,0,0
1048,-0.216818,0,0,0,0
1049,-0.322199,0,0,0,0
1050,-0.03438,0,0,0,0
1051,-0.030136,0,0,0,0
1052,-0.025129,0,0,0,0
1053,-0.015497,0,0,0,0
1054,-0.001097,0,0,0,0
1055,0.017977,0,0,0,0
1056,0.004959,0,0,0,0
1057,0.002861,0,0,0,0
1058,0.01049,0,0,0,0
1059,0.021982,0,0,0,0
1060,-0.019312,0,0,0,0
1061,-0.021887,0,0,0,0
1062,-0.011063,0,0,0,0
1063,0.028133,0,0,0,0
1064,0.047922,0,0,0,0
1065,0.060987,0,0,0,0
1066,0.072145,0,0,0,0
1067,0.112724,0,0,0,0
1068,0.109768,0,0,0,0
1069,0.097656,0,0,0,0
1070,-0.017881,0,0,0,0
1071,-0.020409,0,0,0,0
1072,0.025749,0,0,0,0
1073,0.101995,0,0,0,0
1074,0.113916,0,0,0,0
1075,0.033331,0,0,0,0
1076,0.011492,0,0,0,0
1077,0.082541,0,0,0,0
1078,0.016069,0,0,0,0
1079,-0.067186,0,0,0,0
1080,0.351667,0,0,0,0
1081,-0.210142,0,0,0,0
1082,-0.17519,0,0,0,0
1083,-0.169086,0,0,0,0
1084,0.22788,0,0,0,0
1085,0.458193,0,0,0,0
1086,0.367785,0,0,0,0
1087,-0.497532,0,0,0,0
1088,-0.596809,0,0,0,0
1089,-0.283718,0,0,0,0
1090,0.162125,0,0,0,0
1091,0.07863,0,0,0,0
1092,-0.137901,0,0,0,0
1093,-0.179338,0,0,0,0
1094,0.160027,0,0,0,0
1095,-0.123119,0,0,0,0
1096,-0.493288,0,0,0,0
1097,-0.298548,0,0,0,0
1098,-0.079155,0,0,0,0
1099,-0.107241,0,0,0,0
1100,0.005674,0,0,0,0
1101,-0.000715,0,0,0,0
1102,0.005531,0,0,0,0
1103,0.00782,0,0,0,0
1104,0.00515,0,0,0,0
1105,0.073242,0,0,0,0
1106,0.057077,0,0,0,0
1107,0.036526,0,0,0,0
1108,0.060654,0,0,0,0
1109,0.0741,0,0,0,0
1110,0.029898,0,0,0,0
1111,0.02594,0,0,0,0
1112,0.029945,0,0,0,0
1113,0.026894,0,0,0,0
1114,0.03767,0,0,0,0
1115,0.105476,0,0,0,0
1116,0.086546,0,0,0,0
1117,0.095749,0,0,0,0
1118,0.068617,0,0,0,0
1119,0.074768,0,0,0,0
1120,0.031853,0,0,0,0
1121,0.031376,0,0,0,0
1122,0.021791,0,0,0,0
1123,0.063562,0,0,0,0
1124,0.067854,0,0,0,0
1125,0.172663,0,0,0,0
1126,0.119257,0,0,0,0
1127,0.12598,0,0,0,0
1128,0.078344,0,0,0,0
1129,-0.105858,0,0,0,0
1130,0.032425,0,0,0,0
1131,0.131989,0,0,0,0
1132,0.337505,0,0,0,0
1133,0.421143,0,0,0,0
1134,-0.122595,0,0,0,0
1135,0.195217,0,0,0,0
1136,-0.086594,0,0,0,0
1137,-0.21987,0,0,0,0
1138,-0.09551,0,0,0,0
1139,-0.11673,0,0,0,0
1140,-0.147438,0,0,0,0
1141,-0.239325,0,0,0,0
1142,-0.173807,0,0,0,0
1143,-0.027227,0,0,0,0
1144,-0.158072,0,0,0,0
1145,-0.231695,0,0,0,0
1146,-0.111389,0,0,0,0
1147,-0.237894,0,0,0,0
1148,-0.167799,0,0,0,0
1149,-0.219727,0,0,0,0
1150,0.004339,0,0,0,0
1151,0.005484,0,0,0,0
1152,0.0175,0,0,0,0
1153,0.018644,0,0,0,0
1154,0.015163,0,0,0,0
1155,0.036144,0,0,0,0
1156,0.040054,0,0,0,0
1157,0.047064,0,0,0,0
1158,0.027466,0,0,0,0
1159,0.045681,0,0,0,0
1160,0.044012,0,0,0,0
1161,0.013161,0,0,0,0
1162,-0.00267,0,0,0,0
1163,0.016832,0,0,0,0
1164,0.04673,0,0,0,0
1165,0.118923,0,0,0,0
1166,0.124979,0,0,0,0
1167,0.075245,0,0,0,0
1168,0.04034,0,0,0,0
1169,0.068665,0,0,0,0
1170,0.054932,0,0,0,0
1171,0.029564,0,0,0,0
1172,0.016499,0,0,0,0
1173,0.037146,0,0,0,0
1174,0.00658,0,0,0,0
1175,0.045729,0,0,0,0
1176,0.051737,0,0,0,0
1177,-0.051117,0,0,0,0
1178,-0.138807,0,0,0,0
1179,-0.076199,0,0,0,0
1180,0.022221,0,0,0,0
1181,0.033808,0,0,0,0
1182,0.11096,0,0,0,0
1183,0.24724,0,0,0,0
1184,0.028086,0,0,0,0
1185,-0.142574,0,0,0,0
1186,-0.099468,0,0,0,0
1187,-0.20113,0,0,0,0
1188,0.093699,0,0,0,0
1189,0.360012,0,0,0,0
1190,-0.009537,0,0,0,0
1191,-0.287008,0,0,0,0
1192,-0.352573,0,0,0,0
1193,-0.181484,0,0,0,0
1194,0.225019,0,0,0,0
1195,-0.235748,0,0,0,0
1196,-0.318527,0,0,0,0
1197,-0.28677,0,0,0,0
1198,-0.352478,0,0,0,0
1199,-0.246477,0,0,0,0
1200,0.038385,0,0,0,0
1201,0.040627,0,0,0,0
1202,0.033474,0,0,0,0
1203,0.031805,0,0,0,0
1204,0.023699,0,0,0,0
1205,0.02718,0,0,0,0
1206,0.033045,0,0,0,0
1207,0.049782,0,0,0,0
1208,0.071859,0,0,0,0
1209,0.088787,0,0,0,0
1210,0.127172,0,0,0,0
1211,0.088549,0,0,0,0
1212,0.018978,0,0,0,0
1213,-0.001431,0,0,0,0
1214,0.057888,0,0,0,0
1215,0.052834,0,0,0,0
1216,0.085306,0,0,0,0
1217,0.046968,0,0,0,0
1218,0.01111,0,0,0,0
1219,0.06609,0,0,0,0
1220,0.055313,0,0,0,0
1221,-0.096941,0,0,0,0
1222,-0.190639,0,0,0,0
1223,-0.178671,0,0,0,0
1224,-0.177574,0,0,0,0
1225,-0.695276,0,0,0,0
1226,-0.148439,0,0,0,0
1227,0.35305,0,0,0,0
1228,-0.237465,0,0,0,0
1229,-0.094557,0,0,0,0
1230,-0.226831,0,0,0,0
1231,-0.066137,0,0,0,0
1232,-0.309801,0,0,0,0
1233,0.13566,0,0,0,0
1234,0.122833,0,0,0,0
1235,-0.403833,0,0,0,0
1236,-0.13485,0,0,0,0
1237,-0.028038,0,0,0,0
1238,-0.061655,0,0,0,0
1239,-0.177383,0,0,0,0
1240,-0.075436,0,0,0,0
1241,-0.067997,0,0,0,0
1242,-0.061941,0,0,0,0
1243,-0.043488,0,0,0,0
1244,-0.04487,0,0,0,0
1245,0.014734,0,0,0,0
1246,0.005293,0,0,0,0
1247,0.030804,0,0,0,0
1248,0.034475,0,0,0,0
1249,0.030422,0,0,0,0
1250,0.061321,0,0,0,0
1251,0.045681,0,0,0,0
1252,0.04611,0,0,0,0
1253,0.058985,0,0,0,0
1254,0.064707,0,0,0,0
1255,0.06485,0,0,0,0
1256,0.088072,0,0,0,0
1257,0.158405,0,0,0,0
1258,0.130081,0,0,0,0
1259,0.02923,0,0,0,0
1260,0.074434,0,0,0,0
1261,0.089788,0,0,0,0
1262,0.069523,0,0,0,0
1263,0.057554,0,0,0,0
1264,0.062227,0,0,0,0
1265,0.017643,0,0,0,0
1266,0.048828,0,0,0,0
1267,0.055265,0,0,0,0
1268,0.015974,0,0,0,0
1269,0.080681,0,0,0,0
1270,-0.052214,0,0,0,0
1271,0.03233,0,0,0,0
1272,0.028753,0,0,0,0
1273,0.167513,0,0,0,0
1274,0.062847,0,0,0,0
1275,-0.593519,0,0,0,0
1276,-0.47307,0,0,0,0
1277,0.447321,0,0,0,0
1278,0.486612,0,0,0,0
1279,0.472498,0,0,0,0
1280,-0.294209,0,0,0,0
1281,-0.156403,0,0,0,0
1282,1.319742,0,0,0,0
1283,0.282764,0,0,0,0
1284,-1.324749,0,0,0,0
1285,-0.003767,0,0,0,0
1286,-0.116873,0,0,0,0
1287,-0.183153,0,0,0,0
1288,-0.09737,0,0,0,0
1289,-0.277519,0,0,0,0
1290,-0.09141,0,0,0,0
1291,-0.136375,0,0,0,0
1292,-0.131178,0,0,0,0
1293,-0.103188,0,0,0,0
1294,-0.102139,0,0,0,0
1295,-0.0144,0,0,0,0
1296,0.001574,0,0,0,0
1297,0.026035,0,0,0,0
1298,0.022125,0,0,0,0
1299,0.017405,0,0,0,0
1300,0.091362,0,0,0,0
1301,0.093889,0,0,0,0
1302,0.082064,0,0,0,0
1303,0.052595,0,0,0,0
1304,0.041962,0,0,0,0
1305,0.084686,0,0,0,0
1306,0.072718,0,0,0,0
1307,0.08049,0,0,0,0
1308,0.089979,0,0,0,0
1309,0.08626,0,0,0,0
1310,0.161791,0,0,0,0
1311,0.192404,0,0,0,0
1312,0.081348,0,0,0,0
1313,0.009823,0,0,0,0
1314,0.007343,0,0,0,0
1315,0.006437,0,0,0,0
1316,-0.036478,0,0,0,0
1317,-0.112438,0,0,0,0
1318,0.028896,0,0,0,0
1319,0.004196,0,0,0,0
1320,0.187874,0,0,0,0
1321,-0.124836,0,0,0,0
1322,0.055838,0,0,0,0
1323,0.028276,0,0,0,0
1324,0.151682,0,0,0,0
1325,0.788021,0,0,0,0
1326,-0.305653,0,0,0,0
1327,0.295019,0,0,0,0
1328,0.323868,0,0,0,0
1329,-0.488806,0,0,0,0
1330,-0.03581,0,0,0,0
1331,-0.130129,0,0,0,0
1332,-0.270653,0,0,0,0
1333,-0.341749,0,0,0,0
1334,-0.050735,0,0,0,0
1335,-0.10581,0,0,0,0
1336,-0.169134,0,0,0,0
1337,-0.108767,0,0,0,0
1338,-0.096369,0,0,0,0
1339,-0.073242,0,0,0,0
1340,-0.045395,0,0,0,0
1341,-0.012255,0,0,0,0
1342,0.024605,0,0,0,0
1343,0.024748,0,0,0,0
1344,0.0278,0,0,0,0
1345,0.051403,0,0,0,0
1346,0.056362,0,0,0,0
1347,0.029516,0,0,0,0
1348,-0.000906,0,0,0,0
1349,0.005579,0,0,0,0
1350,0.076103,0,0,0,0
1351,0.053787,0,0,0,0
1352,0.033903,0,0,0,0
1353,0.05517,0,0,0,0
1354,0.088644,0,0,0,0
1355,0.064564,0,0,0,0
1356,0.084209,0,0,0,0
1357,0.109386,0,0,0,0
1358,0.165701,0,0,0,0
1359,0.158644,0,0,0,0
1360,0.112486,0,0,0,0
1361,0.072241,0,0,0,0
1362,0.081682,0,0,0,0
1363,0.145435,0,0,0,0
1364,0.158453,0,0,0,0
1365,0.011539,0,0,0,0
1366,0.002956,0,0,0,0
1367,0.087786,0,0,0,0
1368,0.120974,0,0,0,0
1369,0.006676,0,0,0,0
1370,0.168514,0,0,0,0
1371,0.399828,0,0,0,0
1372,0.11282,0,0,0,0
1373,0.316477,0,0,0,0
1374,0.308704,0,0,0,0
1375,0.145769,0,0,0,0
1376,0.393534,0,0,0,0
1377,0.295639,0,0,0,0
1378,-0.225878,0,0,0,0
1379,-0.521994,0,0,0,0
1380,-0.471497,0,0,0,0
1381,-0.286484,0,0,0,0
1382,0.012064,0,0,0,0
1383,-0.140238,0,0,0,0
1384,-0.384235,0,0,0,0
1385,-0.207806,0,0,0,0
1386,-0.199556,0,0,0,0
1387,-0.14801,0,0,0,0
1388,-0.126743,0,0,0,0
1389,-0.1297,0,0,0,0
1390,-0.06237,0,0,0,0
1391,-0.062704,0,0,0,0
1392,-0.064611,0,0,0,0
1393,-0.051069,0,0,0,0
1394,-0.041199,0,0,0,0
1395,0.00124,0,0,0,0
1396,0.003052,0,0,0,0
1397,0.025797,0,0,0,0
1398,0.049019,0,0,0,0
1399,0.043154,0,0,0,0
1400,0.074434,0,0,0,0
1401,0.066948,0,0,0,0
1402,0.046968,0,0,0,0
1403,0.051785,0,0,0,0
1404,0.058746,0,0,0,0
1405,0.145292,0,0,0,0
1406,0.181293,0,0,0,0
1407,0.193644,0,0,0,0
1408,0.191736,0,0,0,0
1409,0.19598,0,0,0,0
1410,0.058508,0,0,0,0
1411,0.038242,0,0,0,0
1412,0.057173,0,0,0,0
1413,0.095415,0,0,0,0
1414,0.138998,0,0,0,0
1415,-0.019264,0,0,0,0
1416,0.090313,0,0,0,0
1417,0.260162,0,0,0,0
1418,0.068855,0,0,0,0
1419,-0.141191,0,0,0,0
1420,-0.2738,0,0,0,0
1421,0.179625,0,0,0,0
1422,0.777149,0,0,0,0
1423,-0.130606,0,0,0,0
1424,-0.47822,0,0,0,0
1425,0.138712,0,0,0,0
1426,0.034666,0,0,0,0
1427,0.114441,0,0,0,0
1428,0.019026,0,0,0,0
1429,0.629568,0,0,0,0
1430,-0.261784,0,0,0,0
1431,-0.239277,0,0,0,0
1432,-0.151873,0,0,0,0
1433,0.189304,0,0,0,0
1434,-0.225687,0,0,0,0
1435,-0.154305,0,0,0,0
1436,-0.064802,0,0,0,0
1437,-0.093412,0,0,0,0
1438,-0.138283,0,0,0,0
1439,-0.139284,0,0,0,0
1440,-0.033236,0,0,0,0
1441,-0.037861,0,0,0,0
1442,-0.049496,0,0,0,0
1443,-0.045633,0,0,0,0
1444,-0.038099,0,0,0,0
1445,0.096846,0,0,0,0
1446,0.108814,0,0,0,0
1447,0.112152,0,0,0,0
1448,0.144815,0,0,0,0
1449,0.15173,0,0,0,0
1450,0.089502,0,0,0,0
1451,0.124693,0,0,0,0
1452,0.145006,0,0,0,0
1453,0.112391,0,0,0,0
1454,0.105333,0,0,0,0
1455,0.109625,0,0,0,0
1456,0.111866,0,0,0,0
1457,0.092363,0,0,0,0
1458,0.112963,0,0,0,0
1459,0.158072,0,0,0,0
1460,0.086832,0,0,0,0
1461,0.083971,0,0,0,0
1462,0.120449,0,0,0,0
1463,0.139475,0,0,0,0
1464,0.115871,0,0,0,0
1465,-0.116062,0,0,0,0
1466,0.001717,0,0,0,0
1467,0.006437,0,0,0,0
1468,-0.100946,0,0,0,0
1469,-0.086975,0,0,0,0
1470,-0.119209,0,0,0,0
1471,-0.149679,0,0,0,0
1472,0.526667,0,0,0,0
1473,-0.295925,0,0,0,0
1474,-0.845385,0,0,0,0
1475,-0.046015,0,0,0,0
1476,-0.017071,0,0,0,0
1477,-0.524092,0,0,0,0
1478,0.17643,0,0,0,0
1479,0.52495,0,0,0,0
1480,-0.377703,0,0,0,0
1481,-0.170326,0,0,0,0
1482,0.186634,0,0,0,0
1483,-0.06547,0,0,0,0
1484,0.119591,0,0,0,0
1485,-0.168419,0,0,0,0
1486,-0.12784,0,0,0,0
1487,-0.29459,0,0,0,0
1488,-0.308371,0,0,0,0
1489,-0.294209,0,0,0,0
1490,-0.077391,0,0,0,0
1491,-0.075054,0,0,0,0
1492,-0.069094,0,0,0,0
1493,-0.056314,0,0,0,0
1494,-0.056458,0,0,0,0
1495,0.036192,0,0,0,0
1496,0.047541,0,0,0,0
1497,0.068665,0,0,0,0
1498,0.052452,0,0,0,0
1499,0.058889,0,0,0,0
1500,0.063229,0,0,0,0
1501,0.06671,0,0,0,0
1502,0.049162,0,0,0,0
1503,0.051832,0,0,0,0
1504,0.089884,0,0,0,0
1505,0.093699,0,0,0,0
1506,0.102043,0,0,0,0
1507,0.081539,0,0,0,0
1508,0.035,0,0,0,0
1509,0.009966,0,0,0,0
1510,0.00577,0,0,0,0
1511,0.010586,0,0,0,0
1512,0.040054,0,0,0,0
1513,0.036764,0,0,0,0
1514,-0.013256,0,0,0,0
1515,0.051928,0,0,0,0
1516,-0.063038,0,0,0,0
1517,-0.041056,0,0,0,0
1518,0.065041,0,0,0,0
1519,0.083208,0,0,0,0
1520,-0.196409,0,0,0,0
1521,-0.139141,0,0,0,0
1522,-0.053549,0,0,0,0
1523,0.116348,0,0,0,0
1524,0.184298,0,0,0,0
1525,0.416851,0,0,0,0
1526,0.132084,0,0,0,0
1527,-0.134468,0,0,0,0
1528,0.584936,0,0,0,0
1529,0.032663,0,0,0,0
1530,-0.241566,0,0,0,0
1531,-0.37694,0,0,0,0
1532,0.674438,0,0,0,0
1533,0.368023,0,0,0,0
1534,-0.407887,0,0,0,0
1535,-0.073862,0,0,0,0
1536,-0.346375,0,0,0,0
1537,-0.355673,0,0,0,0
1538,-0.301313,0,0,0,0
1539,-0.33679,0,0,0,0
1540,-0.056934,0,0,0,0
1541,-0.054026,0,0,0,0
1542,-0.059175,0,0,0,0
1543,-0.049782,0,0,0,0
1544,-0.046492,0,0,0,0
1545,0.07863,0,0,0,0
1546,0.084972,0,0,0,0
1547,0.073767,0,0,0,0
1548,0.079107,0,0,0,0
1549,0.089979,0,0,0,0
1550,0.07844,0,0,0,0
1551,0.092936,0,0,0,0
1552,0.077057,0,0,0,0
1553,0.083017,0,0,0,0
1554,0.112438,0,0,0,0
1555,0.036144,0,0,0,0
1556,0.077868,0,0,0,0
1557,0.125599,0,0,0,0
1558,0.099087,0,0,0,0
1559,0.073385,0,0,0,0
1560,0.090837,0,0,0,0
1561,0.063467,0,0,0,0
1562,0.019264,0,0,0,0
1563,0.007582,0,0,0,0
1564,0.036383,0,0,0,0
1565,0.18692,0,0,0,0
1566,0.18487,0,0,0,0
1567,0.087261,0,0,0,0
1568,0.046253,0,0,0,0
1569,0.120735,0,0,0,0
1570,0.03705,0,0,0,0
1571,-0.125265,0,0,0,0
1572,-0.045967,0,0,0,0
1573,-0.065279,0,0,0,0
1574,-0.079107,0,0,0,0
0,0,244,33.785899,0,0
0,0,245,42.995811,0,0
0,0,246,50.709645,0,0
0,0,247,54.733952,0,0
0,0,248,54.792563,0,0
0,0,249,52.785873,0,0
0,0,250,51.170588,0,0
0,0,251,50.819914,0,0
0,0,252,50.847729,0,0
0,0,253,50.683816,0,0
0,0,254,50.549706,0,0
0,0,255,50.580502,0,0
0,0,256,50.753355,0,0
0,0,257,51.03449,0,0
0,0,258,51.37821,0,0
0,0,259,51.726898,0,0
0,0,260,52.06267,0,0
0,0,261,52.36268,0,0
0,0,262,52.615007,0,0
0,0,263,52.807728,0,0
0,0,264,52.961707,0,0
0,0,265,53.079923,0,0
0,0,266,53.170323,0,0
0,0,267,53.194165,0,0
0,0,268,53.12264,0,0
0,0,269,52.941839,0,0
0,0,270,52.675605,0,0
0,0,271,52.367647,0,0
0,0,272,52.079558,0,0
0,0,273,51.851074,0,0
0,0,274,51.713983,0,0
0,0,275,51.67524,0,0
0,0,276,51.727891,0,0
0,0,277,51.833193,0,0
0,0,278,51.93452,0,0
0,0,279,51.992138,0,0
0,0,280,51.980217,0,0
0,0,281,51.902731,0,0
0,0,282,51.786502,0,0
0,0,283,51.658352,0,0
0,0,284,51.553051,0,0
0,0,285,51.50338,0,0
0,0,286,51.518281,0,0
0,0,287,51.568945,0,0
0,0,288,51.616629,0,0
0,0,289,51.611662,0,0
0,0,290,51.535169,0,0
0,0,291,51.385164,0,0
0,0,292,51.176548,0,0
0,0,293,50.927202,0,0
0,0,294,50.694744,0,0
0,0,295,50.536791,0,0
0,0,296,50.514936,0,0
0,0,297,50.649047,0,0
0,0,298,50.919255,0,0
0,0,299,51.270922,0,0
0,0,300,51.650405,0,0
0,0,301,52.007039,0,0
0,0,302,52.307049,0,0
0,0,303,52.545468,0,0
0,0,304,52.720308,0,0
0,0,305,52.852432,0,0
0,0,306,52.968661,0,0
0,0,307,53.070982,0,0
0,0,308,53.140521,0,0
0,0,309,53.130587,0,0
0,0,310,53.00343,0,0
0,0,311,52.770972,0,0
0,0,312,52.48189,0,0
0,0,313,52.182873,0,0
0,0,314,51.932534,0,0
0,0,315,51.773588,0,0
0,0,316,51.727891,0,0
0,0,317,51.768621,0,0
0,0,318,51.8471,0,0
0,0,319,51.916639,0,0
0,0,320,51.948428,0,0
0,0,321,51.92558,0,0
0,0,322,51.857034,0,0
0,0,323,51.761667,0,0
0,0,324,51.67524,0,0
0,0,325,51.601728,0,0
0,0,326,51.563978,0,0
0,0,327,51.556031,0,0
0,0,328,51.570932,0,0
0,0,329,51.562985,0,0
0,0,330,51.508347,0,0
0,0,331,51.401059,0,0
0,0,332,51.251054,0,0
0,0,333,51.061312,0,0
0,0,334,50.849716,0,0
0,0,335,50.64408,0,0
0,0,336,50.503016,0,0
0,0,337,50.47222,0,0
0,0,338,50.592422,0,0
0,0,339,50.845742,0,0
0,0,340,51.186482,0,0
0,0,341,51.558018,0,0
0,0,342,51.919619,0,0
0,0,343,52.247445,0,0
0,0,344,52.526593,0,0
0,0,345,52.742163,0,0
0,0,346,52.908063,0,0
0,0,347,53.04118,0,0
0,0,348,53.149462,0,0
0,0,349,53.219,0,0
0,0,350,53.219994,0,0
0,0,351,53.110719,0,0
0,0,352,52.887201,0,0
0,0,353,52.598119,0,0
0,0,354,52.304069,0,0
0,0,355,52.047769,0,0
0,0,356,51.859021,0,0
0,0,357,51.763654,0,0
0,0,358,51.764647,0,0
0,0,359,51.826239,0,0
0,0,360,51.900744,0,0
0,0,361,51.952402,0,0
0,0,362,51.955382,0,0
0,0,363,51.896771,0,0
0,0,364,51.796436,0,0
0,0,365,51.684181,0,0
0,0,366,51.583846,0,0
0,0,367,51.512321,0,0
0,0,368,51.474571,0,0
0,0,369,51.463644,0,0
0,0,370,51.457683,0,0
0,0,371,51.417947,0,0
0,0,372,51.330527,0,0
0,0,373,51.201383,0,0
0,0,374,51.03747,0,0
0,0,375,50.850709,0,0
0,0,376,50.654014,0,0
0,0,377,50.493081,0,0
0,0,378,50.420562,0,0
0,0,379,50.463279,0,0
0,0,380,50.640106,0,0
0,0,381,50.932169,0,0
0,0,382,51.304698,0,0
0,0,383,51.714977,0,0
0,0,384,52.123268,0,0
0,0,385,52.48487,0,0
0,0,386,52.772959,0,0
0,0,387,52.967668,0,0
0,0,388,53.099791,0,0
0,0,389,53.196152,0,0
0,0,390,53.269664,0,0
0,0,391,53.30344,0,0
0,0,392,53.25973,0,0
0,0,393,53.111712,0,0
0,0,394,52.868327,0,0
0,0,395,52.563349,0,0
0,0,396,51.657359,0,0
0,0,397,51.716963,0,0
0,0,398,51.79743,0,0
0,0,399,51.852067,0,0
0,0,400,51.848094,0,0
0,0,401,51.789482,0,0
0,0,402,51.694115,0,0
0,0,403,51.593781,0,0
0,0,404,51.515301,0,0
0,0,405,51.470598,0,0
0,0,406,51.461657,0,0
0,0,407,51.481525,0,0
0,0,408,51.49742,0,0
0,0,409,51.471591,0,0
0,0,410,51.384171,0,0
0,0,411,51.252047,0,0
0,0,412,51.084161,0,0
0,0,413,50.889452,0,0
0,0,414,50.697724,0,0
0,0,415,50.548712,0,0
0,0,416,50.489108,0,0
0,0,417,50.535798,0,0
0,0,418,50.685803,0,0
0,0,419,50.919255,0,0
0,0,420,51.207344,0,0
0,0,421,51.520268,0,0
0,0,422,51.84114,0,0
0,0,423,52.154064,0,0
0,0,424,52.439173,0,0
0,0,425,52.680572,0,0
0,0,426,52.884221,0,0
0,0,427,53.056081,0,0
0,0,428,53.185225,0,0
0,0,429,53.234895,0,0
0,0,430,53.168337,0,0
0,0,431,52.982569,0,0
0,0,432,52.712361,0,0
0,0,433,52.40043,0,0
0,0,434,52.104394,0,0
0,0,435,51.869949,0,0
0,0,436,51.730871,0,0
0,0,437,51.692128,0,0
0,0,438,51.736832,0,0
0,0,439,51.818291,0,0
0,0,440,51.889817,0,0
0,0,441,51.909685,0,0
0,0,442,51.861008,0,0
0,0,443,51.766634,0,0
0,0,444,51.651398,0,0
0,0,445,51.54113,0,0
0,0,446,51.471591,0,0
0,0,447,51.441789,0,0
0,0,448,51.450729,0,0
0,0,449,51.466624,0,0
0,0,450,51.45669,0,0
0,0,451,51.397085,0,0
0,0,452,51.28781,0,0
0,0,453,51.146746,0,0
0,0,454,50.986807,0,0
0,0,455,50.820907,0,0
0,0,456,50.686797,0,0
0,0,457,50.613284,0,0
0,0,458,50.635139,0,0
0,0,459,50.755342,0,0
1575,-0.363541,0,0,0,0
1576,0.347137,0,0,0,0
1577,0.465012,0,0,0,0
1578,-0.053358,0,0,0,0
1579,0.120783,0,0,0,0
1580,0.314045,0,0,0,0
1581,-0.032854,0,0,0,0
1582,-0.208855,0,0,0,0
1583,-0.017071,0,0,0,0
1584,0.281811,0,0,0,0
1585,-0.362921,0,0,0,0
1586,-0.311422,0,0,0,0
1587,0.283432,0,0,0,0
1588,-0.173569,0,0,0,0
1589,-0.316334,0,0,0,0
1590,0.054216,0,0,0,0
1591,0.39196,0,0,0,0
1592,0.365353,0,0,0,0
1593,-0.103331,0,0,0,0
1594,-0.037861,0,0,0,0
1595,-0.316143,0,0,0,0
1596,-0.709677,0,0,0,0
1597,-0.459194,0,0,0,0
1598,-0.728416,0,0,0,0
1599,-0.544643,0,0,0,0
1600,-0.147486,0,0,0,0
1601,-0.137711,0,0,0,0
1602,-0.13175,0,0,0,0
1603,-0.118399,0,0,0,0
1604,-0.116444,0,0,0,0
1605,-0.024986,0,0,0,0
1606,-0.006962,0,0,0,0
1607,0.00968,0,0,0,0
1608,0.032568,0,0,0,0
1609,0.029993,0,0,0,0
